           #    Time(ms)     CH1(mV)
           0   0.0200000      600.00
           1   0.0199920     2000.00
           2   0.0199840     2600.00
           3   0.0199760     2800.00
           4   0.0199680     3000.00
           5   0.0199600     4200.00
           6   0.0199520     5400.00
           7   0.0199440     7400.00
           8   0.0199360     9000.00
           9   0.0199280    10400.00
          10   0.0199200    11000.00
          11   0.0199120    11200.00
          12   0.0199040    10600.00
          13   0.0198960     9200.00
          14   0.0198880     8200.00
          15   0.0198800     7200.00
          16   0.0198720     6800.00
          17   0.0198640     7400.00
          18   0.0198560     8200.00
          19   0.0198480     9400.00
          20   0.0198400    10600.00
          21   0.0198320    11600.00
          22   0.0198240    11600.00
          23   0.0198160    11400.00
          24   0.0198080    10600.00
          25   0.0198000     9400.00
          26   0.0197920     8400.00
          27   0.0197840     7600.00
          28   0.0197760     7600.00
          29   0.0197680     8000.00
          30   0.0197600     8600.00
          31   0.0197520     9800.00
          32   0.0197440    10600.00
          33   0.0197360    11000.00
          34   0.0197280    11000.00
          35   0.0197200    10200.00
          36   0.0197120     9400.00
          37   0.0197040     8200.00
          38   0.0196960     7400.00
          39   0.0196880     7000.00
          40   0.0196800     6800.00
          41   0.0196720     7400.00
          42   0.0196640     7800.00
          43   0.0196560     8600.00
          44   0.0196480     9000.00
          45   0.0196400     8600.00
          46   0.0196320     7400.00
          47   0.0196240     5200.00
          48   0.0196160     2600.00
          49   0.0196080      400.00
          50   0.0196000    -1400.00
          51   0.0195920    -2600.00
          52   0.0195840    -3000.00
          53   0.0195760    -3000.00
          54   0.0195680    -3600.00
          55   0.0195600    -4400.00
          56   0.0195520    -6000.00
          57   0.0195440    -7600.00
          58   0.0195360    -9200.00
          59   0.0195280   -10800.00
          60   0.0195200   -11400.00
          61   0.0195120   -11400.00
          62   0.0195040   -10200.00
          63   0.0194960    -9200.00
          64   0.0194880    -7800.00
          65   0.0194800    -7000.00
          66   0.0194720    -6800.00
          67   0.0194640    -7600.00
          68   0.0194560    -8400.00
          69   0.0194480    -9800.00
          70   0.0194400   -10800.00
          71   0.0194320   -11600.00
          72   0.0194240   -11600.00
          73   0.0194160   -11400.00
          74   0.0194080   -10200.00
          75   0.0194000    -9200.00
          76   0.0193920    -8200.00
          77   0.0193840    -7600.00
          78   0.0193760    -7400.00
          79   0.0193680    -8200.00
          80   0.0193600    -9000.00
          81   0.0193520   -10000.00
          82   0.0193440   -10800.00
          83   0.0193360   -11000.00
          84   0.0193280   -11000.00
          85   0.0193200   -10200.00
          86   0.0193120    -9200.00
          87   0.0193040    -8200.00
          88   0.0192960    -7400.00
          89   0.0192880    -7000.00
          90   0.0192800    -7000.00
          91   0.0192720    -7600.00
          92   0.0192640    -8400.00
          93   0.0192560    -8600.00
          94   0.0192480    -9200.00
          95   0.0192400    -8600.00
          96   0.0192320    -7400.00
          97   0.0192240    -5000.00
          98   0.0192160    -2600.00
          99   0.0192080     -400.00
         100   0.0192000     1600.00
         101   0.0191920     2400.00
         102   0.0191840     2600.00
         103   0.0191760     2800.00
         104   0.0191680     3400.00
         105   0.0191600     4400.00
         106   0.0191520     6000.00
         107   0.0191440     7800.00
         108   0.0191360     9400.00
         109   0.0191280    10800.00
         110   0.0191200    11400.00
         111   0.0191120    11000.00
         112   0.0191040    10000.00
         113   0.0190960     9000.00
         114   0.0190880     7600.00
         115   0.0190800     6800.00
         116   0.0190720     6800.00
         117   0.0190640     7400.00
         118   0.0190560     8400.00
         119   0.0190480     9800.00
         120   0.0190400    10800.00
         121   0.0190320    11600.00
         122   0.0190240    11600.00
         123   0.0190160    11000.00
         124   0.0190080    10000.00
         125   0.0190000     9000.00
         126   0.0189920     8000.00
         127   0.0189840     7400.00
         128   0.0189760     7600.00
         129   0.0189680     8200.00
         130   0.0189600     9000.00
         131   0.0189520    10000.00
         132   0.0189440    10600.00
         133   0.0189360    11000.00
         134   0.0189280    10800.00
         135   0.0189200    10000.00
         136   0.0189120     9000.00
         137   0.0189040     8000.00
         138   0.0188960     7000.00
         139   0.0188880     6800.00
         140   0.0188800     6800.00
         141   0.0188720     7600.00
         142   0.0188640     8200.00
         143   0.0188560     8600.00
         144   0.0188480     9000.00
         145   0.0188400     8400.00
         146   0.0188320     6800.00
         147   0.0188240     4400.00
         148   0.0188160     1800.00
         149   0.0188080     -400.00
         150   0.0188000    -2200.00
         151   0.0187920    -3000.00
         152   0.0187840    -3400.00
         153   0.0187760    -3400.00
         154   0.0187680    -3800.00
         155   0.0187600    -5000.00
         156   0.0187520    -6600.00
         157   0.0187440    -8400.00
         158   0.0187360   -10200.00
         159   0.0187280   -11000.00
         160   0.0187200   -11600.00
         161   0.0187120   -11000.00
         162   0.0187040   -10000.00
         163   0.0186960    -8800.00
         164   0.0186880    -7600.00
         165   0.0186800    -6800.00
         166   0.0186720    -7000.00
         167   0.0186640    -7800.00
         168   0.0186560    -9000.00
         169   0.0186480   -10200.00
         170   0.0186400   -11400.00
         171   0.0186320   -11800.00
         172   0.0186240   -11800.00
         173   0.0186160   -11000.00
         174   0.0186080   -10000.00
         175   0.0186000    -8800.00
         176   0.0185920    -7800.00
         177   0.0185840    -7600.00
         178   0.0185760    -7800.00
         179   0.0185680    -8600.00
         180   0.0185600    -9400.00
         181   0.0185520   -10600.00
         182   0.0185440   -11000.00
         183   0.0185360   -11200.00
         184   0.0185280   -11000.00
         185   0.0185200   -10000.00
         186   0.0185120    -8800.00
         187   0.0185040    -7800.00
         188   0.0184960    -7000.00
         189   0.0184880    -7000.00
         190   0.0184800    -7400.00
         191   0.0184720    -7800.00
         192   0.0184640    -8600.00
         193   0.0184560    -9000.00
         194   0.0184480    -9200.00
         195   0.0184400    -8400.00
         196   0.0184320    -6800.00
         197   0.0184240    -4400.00
         198   0.0184160    -1800.00
         199   0.0184080      400.00
         200   0.0184000     2000.00
         201   0.0183920     2600.00
         202   0.0183840     2800.00
         203   0.0183760     3000.00
         204   0.0183680     3800.00
         205   0.0183600     5200.00
         206   0.0183520     6800.00
         207   0.0183440     8600.00
         208   0.0183360    10000.00
         209   0.0183280    11000.00
         210   0.0183200    11400.00
         211   0.0183120    10800.00
         212   0.0183040     9800.00
         213   0.0182960     8600.00
         214   0.0182880     7200.00
         215   0.0182800     6800.00
         216   0.0182720     7000.00
         217   0.0182640     7800.00
         218   0.0182560     9000.00
         219   0.0182480    10400.00
         220   0.0182400    11400.00
         221   0.0182320    11800.00
         222   0.0182240    11600.00
         223   0.0182160    10800.00
         224   0.0182080     9800.00
         225   0.0182000     8400.00
         226   0.0181920     7600.00
         227   0.0181840     7400.00
         228   0.0181760     7600.00
         229   0.0181680     8400.00
         230   0.0181600     9400.00
         231   0.0181520    10200.00
         232   0.0181440    11000.00
         233   0.0181360    11000.00
         234   0.0181280    10600.00
         235   0.0181200     9800.00
         236   0.0181120     8400.00
         237   0.0181040     7800.00
         238   0.0180960     6800.00
         239   0.0180880     6800.00
         240   0.0180800     7000.00
         241   0.0180720     7600.00
         242   0.0180640     8400.00
         243   0.0180560     8800.00
         244   0.0180480     9200.00
         245   0.0180400     8400.00
         246   0.0180320     6600.00
         247   0.0180240     4200.00
         248   0.0180160     1800.00
         249   0.0180080     -400.00
         250   0.0180000    -2000.00
         251   0.0179920    -2800.00
         252   0.0179840    -3000.00
         253   0.0179760    -3200.00
         254   0.0179680    -3800.00
         255   0.0179600    -5200.00
         256   0.0179520    -6800.00
         257   0.0179440    -8600.00
         258   0.0179360   -10200.00
         259   0.0179280   -11000.00
         260   0.0179200   -11400.00
         261   0.0179120   -10800.00
         262   0.0179040    -9800.00
         263   0.0178960    -8600.00
         264   0.0178880    -7600.00
         265   0.0178800    -7000.00
         266   0.0178720    -7000.00
         267   0.0178640    -7800.00
         268   0.0178560    -9200.00
         269   0.0178480   -10200.00
         270   0.0178400   -11400.00
         271   0.0178320   -11600.00
         272   0.0178240   -11600.00
         273   0.0178160   -10800.00
         274   0.0178080    -9800.00
         275   0.0178000    -8600.00
         276   0.0177920    -7800.00
         277   0.0177840    -7600.00
         278   0.0177760    -7800.00
         279   0.0177680    -8600.00
         280   0.0177600    -9400.00
         281   0.0177520   -10600.00
         282   0.0177440   -11000.00
         283   0.0177360   -11400.00
         284   0.0177280   -10600.00
         285   0.0177200    -9800.00
         286   0.0177120    -8600.00
         287   0.0177040    -7600.00
         288   0.0176960    -7000.00
         289   0.0176880    -7000.00
         290   0.0176800    -7400.00
         291   0.0176720    -7800.00
         292   0.0176640    -8600.00
         293   0.0176560    -9200.00
         294   0.0176480    -9200.00
         295   0.0176400    -8600.00
         296   0.0176320    -6800.00
         297   0.0176240    -4400.00
         298   0.0176160    -2000.00
         299   0.0176080      200.00
         300   0.0176000     1600.00
         301   0.0175920     2200.00
         302   0.0175840     2600.00
         303   0.0175760     2800.00
         304   0.0175680     3600.00
         305   0.0175600     5000.00
         306   0.0175520     6600.00
         307   0.0175440     8400.00
         308   0.0175360    10000.00
         309   0.0175280    10800.00
         310   0.0175200    11000.00
         311   0.0175120    10600.00
         312   0.0175040     9400.00
         313   0.0174960     8400.00
         314   0.0174880     7400.00
         315   0.0174800     6800.00
         316   0.0174720     6800.00
         317   0.0174640     7800.00
         318   0.0174560     9000.00
         319   0.0174480    10200.00
         320   0.0174400    11000.00
         321   0.0174320    11600.00
         322   0.0174240    11600.00
         323   0.0174160    10600.00
         324   0.0174080     9800.00
         325   0.0174000     8400.00
         326   0.0173920     7800.00
         327   0.0173840     7400.00
         328   0.0173760     7800.00
         329   0.0173680     8400.00
         330   0.0173600     9400.00
         331   0.0173520    10400.00
         332   0.0173440    11000.00
         333   0.0173360    11000.00
         334   0.0173280    10600.00
         335   0.0173200     9800.00
         336   0.0173120     8600.00
         337   0.0173040     7600.00
         338   0.0172960     7000.00
         339   0.0172880     6800.00
         340   0.0172800     7000.00
         341   0.0172720     7800.00
         342   0.0172640     8400.00
         343   0.0172560     9000.00
         344   0.0172480     9000.00
         345   0.0172400     8400.00
         346   0.0172320     6600.00
         347   0.0172240     4200.00
         348   0.0172160     1800.00
         349   0.0172080     -200.00
         350   0.0172000    -1800.00
         351   0.0171920    -2600.00
         352   0.0171840    -3000.00
         353   0.0171760    -3000.00
         354   0.0171680    -3800.00
         355   0.0171600    -5200.00
         356   0.0171520    -6800.00
         357   0.0171440    -8600.00
         358   0.0171360   -10200.00
         359   0.0171280   -11000.00
         360   0.0171200   -11400.00
         361   0.0171120   -11000.00
         362   0.0171040   -10000.00
         363   0.0170960    -8600.00
         364   0.0170880    -7600.00
         365   0.0170800    -7000.00
         366   0.0170720    -7000.00
         367   0.0170640    -8200.00
         368   0.0170560    -9200.00
         369   0.0170480   -10200.00
         370   0.0170400   -11400.00
         371   0.0170320   -11800.00
         372   0.0170240   -11600.00
         373   0.0170160   -10800.00
         374   0.0170080    -9800.00
         375   0.0170000    -8800.00
         376   0.0169920    -7800.00
         377   0.0169840    -7600.00
         378   0.0169760    -7800.00
         379   0.0169680    -8600.00
         380   0.0169600    -9800.00
         381   0.0169520   -10400.00
         382   0.0169440   -10800.00
         383   0.0169360   -11000.00
         384   0.0169280   -10800.00
         385   0.0169200    -9800.00
         386   0.0169120    -8600.00
         387   0.0169040    -7800.00
         388   0.0168960    -7000.00
         389   0.0168880    -7000.00
         390   0.0168800    -7400.00
         391   0.0168720    -7800.00
         392   0.0168640    -8600.00
         393   0.0168560    -9200.00
         394   0.0168480    -9200.00
         395   0.0168400    -8400.00
         396   0.0168320    -6800.00
         397   0.0168240    -4400.00
         398   0.0168160    -2000.00
         399   0.0168080        0.00
         400   0.0168000     1800.00
         401   0.0167920     2600.00
         402   0.0167840     2600.00
         403   0.0167760     3000.00
         404   0.0167680     4000.00
         405   0.0167600     5200.00
         406   0.0167520     6600.00
         407   0.0167440     8400.00
         408   0.0167360    10000.00
         409   0.0167280    10800.00
         410   0.0167200    11400.00
         411   0.0167120    10600.00
         412   0.0167040     9800.00
         413   0.0166960     8400.00
         414   0.0166880     7400.00
         415   0.0166800     6800.00
         416   0.0166720     7000.00
         417   0.0166640     7800.00
         418   0.0166560     9000.00
         419   0.0166480    10200.00
         420   0.0166400    11400.00
         421   0.0166320    11600.00
         422   0.0166240    11600.00
         423   0.0166160    10800.00
         424   0.0166080     9800.00
         425   0.0166000     8600.00
         426   0.0165920     7800.00
         427   0.0165840     7400.00
         428   0.0165760     7600.00
         429   0.0165680     8400.00
         430   0.0165600     9200.00
         431   0.0165520    10200.00
         432   0.0165440    10800.00
         433   0.0165360    11000.00
         434   0.0165280    10600.00
         435   0.0165200     9800.00
         436   0.0165120     8600.00
         437   0.0165040     7600.00
         438   0.0164960     6800.00
         439   0.0164880     6800.00
         440   0.0164800     7000.00
         441   0.0164720     7600.00
         442   0.0164640     8400.00
         443   0.0164560     9000.00
         444   0.0164480     9000.00
         445   0.0164400     8400.00
         446   0.0164320     6600.00
         447   0.0164240     4400.00
         448   0.0164160     2000.00
         449   0.0164080     -400.00
         450   0.0164000    -2000.00
         451   0.0163920    -2800.00
         452   0.0163840    -3000.00
         453   0.0163760    -3400.00
         454   0.0163680    -3800.00
         455   0.0163600    -5200.00
         456   0.0163520    -6600.00
         457   0.0163440    -8600.00
         458   0.0163360   -10000.00
         459   0.0163280   -11000.00
         460   0.0163200   -11400.00
         461   0.0163120   -10800.00
         462   0.0163040    -9800.00
         463   0.0162960    -8600.00
         464   0.0162880    -7600.00
         465   0.0162800    -7000.00
         466   0.0162720    -7000.00
         467   0.0162640    -8200.00
         468   0.0162560    -9000.00
         469   0.0162480   -10200.00
         470   0.0162400   -11400.00
         471   0.0162320   -11800.00
         472   0.0162240   -11800.00
         473   0.0162160   -10800.00
         474   0.0162080   -10000.00
         475   0.0162000    -8600.00
         476   0.0161920    -7800.00
         477   0.0161840    -7600.00
         478   0.0161760    -7800.00
         479   0.0161680    -8600.00
         480   0.0161600    -9400.00
         481   0.0161520   -10400.00
         482   0.0161440   -11000.00
         483   0.0161360   -11000.00
         484   0.0161280   -10800.00
         485   0.0161200    -9800.00
         486   0.0161120    -9000.00
         487   0.0161040    -7800.00
         488   0.0160960    -7000.00
         489   0.0160880    -7000.00
         490   0.0160800    -7400.00
         491   0.0160720    -8000.00
         492   0.0160640    -8600.00
         493   0.0160560    -9200.00
         494   0.0160480    -9200.00
         495   0.0160400    -8600.00
         496   0.0160320    -6800.00
         497   0.0160240    -4400.00
         498   0.0160160    -2000.00
         499   0.0160080      200.00
         500   0.0160000     1400.00
         501   0.0159920     2400.00
         502   0.0159840     2600.00
         503   0.0159760     3000.00
         504   0.0159680     3600.00
         505   0.0159600     5000.00
         506   0.0159520     6600.00
         507   0.0159440     8400.00
         508   0.0159360    10000.00
         509   0.0159280    10800.00
         510   0.0159200    11000.00
         511   0.0159120    10600.00
         512   0.0159040     9400.00
         513   0.0158960     8400.00
         514   0.0158880     7400.00
         515   0.0158800     6800.00
         516   0.0158720     7000.00
         517   0.0158640     7600.00
         518   0.0158560     9000.00
         519   0.0158480    10200.00
         520   0.0158400    11200.00
         521   0.0158320    11600.00
         522   0.0158240    11600.00
         523   0.0158160    10800.00
         524   0.0158080     9800.00
         525   0.0158000     8600.00
         526   0.0157920     7800.00
         527   0.0157840     7600.00
         528   0.0157760     7600.00
         529   0.0157680     8600.00
         530   0.0157600     9400.00
         531   0.0157520    10200.00
         532   0.0157440    10800.00
         533   0.0157360    11000.00
         534   0.0157280    10600.00
         535   0.0157200     9800.00
         536   0.0157120     8600.00
         537   0.0157040     7800.00
         538   0.0156960     7000.00
         539   0.0156880     6800.00
         540   0.0156800     7000.00
         541   0.0156720     7800.00
         542   0.0156640     8400.00
         543   0.0156560     9000.00
         544   0.0156480     9000.00
         545   0.0156400     8400.00
         546   0.0156320     6800.00
         547   0.0156240     4400.00
         548   0.0156160     2000.00
         549   0.0156080     -400.00
         550   0.0156000    -1800.00
         551   0.0155920    -2600.00
         552   0.0155840    -2800.00
         553   0.0155760    -3400.00
         554   0.0155680    -4000.00
         555   0.0155600    -5200.00
         556   0.0155520    -6800.00
         557   0.0155440    -8600.00
         558   0.0155360   -10200.00
         559   0.0155280   -11000.00
         560   0.0155200   -11400.00
         561   0.0155120   -10800.00
         562   0.0155040    -9800.00
         563   0.0154960    -8600.00
         564   0.0154880    -7600.00
         565   0.0154800    -7000.00
         566   0.0154720    -7200.00
         567   0.0154640    -7800.00
         568   0.0154560    -9200.00
         569   0.0154480   -10200.00
         570   0.0154400   -11400.00
         571   0.0154320   -11800.00
         572   0.0154240   -11600.00
         573   0.0154160   -11000.00
         574   0.0154080    -9800.00
         575   0.0154000    -9000.00
         576   0.0153920    -7800.00
         577   0.0153840    -7600.00
         578   0.0153760    -7800.00
         579   0.0153680    -8600.00
         580   0.0153600    -9400.00
         581   0.0153520   -10600.00
         582   0.0153440   -11000.00
         583   0.0153360   -11200.00
         584   0.0153280   -10800.00
         585   0.0153200    -9800.00
         586   0.0153120    -8600.00
         587   0.0153040    -7800.00
         588   0.0152960    -7000.00
         589   0.0152880    -7000.00
         590   0.0152800    -7400.00
         591   0.0152720    -7800.00
         592   0.0152640    -8600.00
         593   0.0152560    -9200.00
         594   0.0152480    -9200.00
         595   0.0152400    -8400.00
         596   0.0152320    -6800.00
         597   0.0152240    -4400.00
         598   0.0152160    -2000.00
         599   0.0152080      200.00
         600   0.0152000     1600.00
         601   0.0151920     2600.00
         602   0.0151840     2600.00
         603   0.0151760     3000.00
         604   0.0151680     3800.00
         605   0.0151600     5200.00
         606   0.0151520     6800.00
         607   0.0151440     8400.00
         608   0.0151360    10000.00
         609   0.0151280    11000.00
         610   0.0151200    11400.00
         611   0.0151120    10600.00
         612   0.0151040     9800.00
         613   0.0150960     8400.00
         614   0.0150880     7400.00
         615   0.0150800     6800.00
         616   0.0150720     7000.00
         617   0.0150640     7800.00
         618   0.0150560     8800.00
         619   0.0150480    10000.00
         620   0.0150400    11000.00
         621   0.0150320    11600.00
         622   0.0150240    11600.00
         623   0.0150160    10800.00
         624   0.0150080     9800.00
         625   0.0150000     8400.00
         626   0.0149920     7800.00
         627   0.0149840     7400.00
         628   0.0149760     7800.00
         629   0.0149680     8400.00
         630   0.0149600     9400.00
         631   0.0149520    10200.00
         632   0.0149440    10800.00
         633   0.0149360    11000.00
         634   0.0149280    10600.00
         635   0.0149200     9600.00
         636   0.0149120     8600.00
         637   0.0149040     7600.00
         638   0.0148960     7000.00
         639   0.0148880     6800.00
         640   0.0148800     7000.00
         641   0.0148720     7600.00
         642   0.0148640     8400.00
         643   0.0148560     9000.00
         644   0.0148480     9000.00
         645   0.0148400     8400.00
         646   0.0148320     6800.00
         647   0.0148240     4400.00
         648   0.0148160     2000.00
         649   0.0148080     -400.00
         650   0.0148000    -1800.00
         651   0.0147920    -2800.00
         652   0.0147840    -3000.00
         653   0.0147760    -3200.00
         654   0.0147680    -3800.00
         655   0.0147600    -5200.00
         656   0.0147520    -6800.00
         657   0.0147440    -8400.00
         658   0.0147360   -10200.00
         659   0.0147280   -11000.00
         660   0.0147200   -11400.00
         661   0.0147120   -10800.00
         662   0.0147040    -9800.00
         663   0.0146960    -8600.00
         664   0.0146880    -7600.00
         665   0.0146800    -7000.00
         666   0.0146720    -7000.00
         667   0.0146640    -7800.00
         668   0.0146560    -9200.00
         669   0.0146480   -10200.00
         670   0.0146400   -11400.00
         671   0.0146320   -11600.00
         672   0.0146240   -11600.00
         673   0.0146160   -11000.00
         674   0.0146080   -10000.00
         675   0.0146000    -8600.00
         676   0.0145920    -7800.00
         677   0.0145840    -7600.00
         678   0.0145760    -7800.00
         679   0.0145680    -8600.00
         680   0.0145600    -9400.00
         681   0.0145520   -10400.00
         682   0.0145440   -11000.00
         683   0.0145360   -11000.00
         684   0.0145280   -10800.00
         685   0.0145200    -9800.00
         686   0.0145120    -8600.00
         687   0.0145040    -7800.00
         688   0.0144960    -7000.00
         689   0.0144880    -7000.00
         690   0.0144800    -7400.00
         691   0.0144720    -7800.00
         692   0.0144640    -8600.00
         693   0.0144560    -9200.00
         694   0.0144480    -9200.00
         695   0.0144400    -8600.00
         696   0.0144320    -6800.00
         697   0.0144240    -4400.00
         698   0.0144160    -2000.00
         699   0.0144080      200.00
         700   0.0144000     1400.00
         701   0.0143920     2600.00
         702   0.0143840     2600.00
         703   0.0143760     2800.00
         704   0.0143680     3800.00
         705   0.0143600     5000.00
         706   0.0143520     6600.00
         707   0.0143440     8400.00
         708   0.0143360    10000.00
         709   0.0143280    11000.00
         710   0.0143200    11000.00
         711   0.0143120    10600.00
         712   0.0143040     9600.00
         713   0.0142960     8400.00
         714   0.0142880     7400.00
         715   0.0142800     6800.00
         716   0.0142720     7000.00
         717   0.0142640     7800.00
         718   0.0142560     9000.00
         719   0.0142480    10000.00
         720   0.0142400    11000.00
         721   0.0142320    11600.00
         722   0.0142240    11600.00
         723   0.0142160    10800.00
         724   0.0142080     9800.00
         725   0.0142000     8600.00
         726   0.0141920     7800.00
         727   0.0141840     7400.00
         728   0.0141760     7600.00
         729   0.0141680     8400.00
         730   0.0141600     9400.00
         731   0.0141520    10200.00
         732   0.0141440    10800.00
         733   0.0141360    11000.00
         734   0.0141280    10600.00
         735   0.0141200     9800.00
         736   0.0141120     8600.00
         737   0.0141040     7600.00
         738   0.0140960     7000.00
         739   0.0140880     7000.00
         740   0.0140800     7000.00
         741   0.0140720     7600.00
         742   0.0140640     8400.00
         743   0.0140560     9000.00
         744   0.0140480     9000.00
         745   0.0140400     8400.00
         746   0.0140320     6800.00
         747   0.0140240     4400.00
         748   0.0140160     1800.00
         749   0.0140080     -400.00
         750   0.0140000    -2000.00
         751   0.0139920    -2800.00
         752   0.0139840    -3000.00
         753   0.0139760    -3400.00
         754   0.0139680    -3800.00
         755   0.0139600    -5200.00
         756   0.0139520    -6800.00
         757   0.0139440    -8600.00
         758   0.0139360   -10000.00
         759   0.0139280   -11000.00
         760   0.0139200   -11400.00
         761   0.0139120   -10800.00
         762   0.0139040   -10000.00
         763   0.0138960    -8600.00
         764   0.0138880    -7600.00
         765   0.0138800    -7000.00
         766   0.0138720    -7200.00
         767   0.0138640    -7800.00
         768   0.0138560    -9200.00
         769   0.0138480   -10200.00
         770   0.0138400   -11400.00
         771   0.0138320   -11800.00
         772   0.0138240   -11800.00
         773   0.0138160   -10800.00
         774   0.0138080   -10000.00
         775   0.0138000    -8800.00
         776   0.0137920    -8200.00
         777   0.0137840    -7600.00
         778   0.0137760    -8200.00
         779   0.0137680    -8600.00
         780   0.0137600    -9800.00
         781   0.0137520   -10200.00
         782   0.0137440   -11000.00
         783   0.0137360   -11000.00
         784   0.0137280   -10800.00
         785   0.0137200    -9800.00
         786   0.0137120    -9000.00
         787   0.0137040    -7800.00
         788   0.0136960    -7000.00
         789   0.0136880    -7000.00
         790   0.0136800    -7400.00
         791   0.0136720    -7800.00
         792   0.0136640    -8600.00
         793   0.0136560    -9200.00
         794   0.0136480    -9200.00
         795   0.0136400    -8600.00
         796   0.0136320    -6600.00
         797   0.0136240    -4400.00
         798   0.0136160    -2000.00
         799   0.0136080      200.00
         800   0.0136000     1800.00
         801   0.0135920     2600.00
         802   0.0135840     2800.00
         803   0.0135760     3000.00
         804   0.0135680     3800.00
         805   0.0135600     5000.00
         806   0.0135520     6600.00
         807   0.0135440     8400.00
         808   0.0135360    10000.00
         809   0.0135280    11000.00
         810   0.0135200    11200.00
         811   0.0135120    10600.00
         812   0.0135040     9800.00
         813   0.0134960     8400.00
         814   0.0134880     7600.00
         815   0.0134800     6800.00
         816   0.0134720     7000.00
         817   0.0134640     7600.00
         818   0.0134560     9000.00
         819   0.0134480    10000.00
         820   0.0134400    11000.00
         821   0.0134320    11600.00
         822   0.0134240    11600.00
         823   0.0134160    10600.00
         824   0.0134080     9600.00
         825   0.0134000     8600.00
         826   0.0133920     7800.00
         827   0.0133840     7400.00
         828   0.0133760     7600.00
         829   0.0133680     8400.00
         830   0.0133600     9400.00
         831   0.0133520    10200.00
         832   0.0133440    10800.00
         833   0.0133360    11000.00
         834   0.0133280    10600.00
         835   0.0133200     9800.00
         836   0.0133120     8600.00
         837   0.0133040     7800.00
         838   0.0132960     7000.00
         839   0.0132880     6800.00
         840   0.0132800     7000.00
         841   0.0132720     7600.00
         842   0.0132640     8400.00
         843   0.0132560     9000.00
         844   0.0132480     9000.00
         845   0.0132400     8400.00
         846   0.0132320     6600.00
         847   0.0132240     4400.00
         848   0.0132160     2000.00
         849   0.0132080     -400.00
         850   0.0132000    -2000.00
         851   0.0131920    -2600.00
         852   0.0131840    -3000.00
         853   0.0131760    -3000.00
         854   0.0131680    -3800.00
         855   0.0131600    -5200.00
         856   0.0131520    -6800.00
         857   0.0131440    -8600.00
         858   0.0131360   -10200.00
         859   0.0131280   -11000.00
         860   0.0131200   -11400.00
         861   0.0131120   -10800.00
         862   0.0131040    -9800.00
         863   0.0130960    -8600.00
         864   0.0130880    -7600.00
         865   0.0130800    -7000.00
         866   0.0130720    -7000.00
         867   0.0130640    -7800.00
         868   0.0130560    -9200.00
         869   0.0130480   -10200.00
         870   0.0130400   -11400.00
         871   0.0130320   -11600.00
         872   0.0130240   -11600.00
         873   0.0130160   -10800.00
         874   0.0130080    -9800.00
         875   0.0130000    -8600.00
         876   0.0129920    -7800.00
         877   0.0129840    -7400.00
         878   0.0129760    -8000.00
         879   0.0129680    -8600.00
         880   0.0129600    -9400.00
         881   0.0129520   -10600.00
         882   0.0129440   -11000.00
         883   0.0129360   -11000.00
         884   0.0129280   -10800.00
         885   0.0129200   -10000.00
         886   0.0129120    -8600.00
         887   0.0129040    -7800.00
         888   0.0128960    -7000.00
         889   0.0128880    -7000.00
         890   0.0128800    -7200.00
         891   0.0128720    -8200.00
         892   0.0128640    -8600.00
         893   0.0128560    -9200.00
         894   0.0128480    -9200.00
         895   0.0128400    -8400.00
         896   0.0128320    -7000.00
         897   0.0128240    -4600.00
         898   0.0128160    -2000.00
         899   0.0128080      200.00
         900   0.0128000     1600.00
         901   0.0127920     2200.00
         902   0.0127840     2600.00
         903   0.0127760     3000.00
         904   0.0127680     3600.00
         905   0.0127600     5200.00
         906   0.0127520     6600.00
         907   0.0127440     8400.00
         908   0.0127360    10000.00
         909   0.0127280    10800.00
         910   0.0127200    11200.00
         911   0.0127120    10600.00
         912   0.0127040     9800.00
         913   0.0126960     8400.00
         914   0.0126880     7400.00
         915   0.0126800     6800.00
         916   0.0126720     7000.00
         917   0.0126640     7800.00
         918   0.0126560     9000.00
         919   0.0126480    10200.00
         920   0.0126400    11000.00
         921   0.0126320    11600.00
         922   0.0126240    11600.00
         923   0.0126160    10800.00
         924   0.0126080     9600.00
         925   0.0126000     8600.00
         926   0.0125920     7600.00
         927   0.0125840     7400.00
         928   0.0125760     7600.00
         929   0.0125680     8400.00
         930   0.0125600     9400.00
         931   0.0125520    10400.00
         932   0.0125440    10800.00
         933   0.0125360    11000.00
         934   0.0125280    10600.00
         935   0.0125200     9800.00
         936   0.0125120     8600.00
         937   0.0125040     7600.00
         938   0.0124960     7000.00
         939   0.0124880     6800.00
         940   0.0124800     7000.00
         941   0.0124720     7800.00
         942   0.0124640     8400.00
         943   0.0124560     9000.00
         944   0.0124480     9000.00
         945   0.0124400     8400.00
         946   0.0124320     6600.00
         947   0.0124240     4200.00
         948   0.0124160     1800.00
         949   0.0124080     -400.00
         950   0.0124000    -1800.00
         951   0.0123920    -2800.00
         952   0.0123840    -3000.00
         953   0.0123760    -3400.00
         954   0.0123680    -3800.00
         955   0.0123600    -5200.00
         956   0.0123520    -6800.00
         957   0.0123440    -8400.00
         958   0.0123360   -10200.00
         959   0.0123280   -11000.00
         960   0.0123200   -11400.00
         961   0.0123120   -10800.00
         962   0.0123040   -10000.00
         963   0.0122960    -8600.00
         964   0.0122880    -7600.00
         965   0.0122800    -7000.00
         966   0.0122720    -7400.00
         967   0.0122640    -8000.00
         968   0.0122560    -9000.00
         969   0.0122480   -10400.00
         970   0.0122400   -11400.00
         971   0.0122320   -12000.00
         972   0.0122240   -11600.00
         973   0.0122160   -11000.00
         974   0.0122080    -9800.00
         975   0.0122000    -9000.00
         976   0.0121920    -7800.00
         977   0.0121840    -7600.00
         978   0.0121760    -7800.00
         979   0.0121680    -8600.00
         980   0.0121600    -9400.00
         981   0.0121520   -10600.00
         982   0.0121440   -11000.00
         983   0.0121360   -11000.00
         984   0.0121280   -10800.00
         985   0.0121200    -9800.00
         986   0.0121120    -8800.00
         987   0.0121040    -7800.00
         988   0.0120960    -7200.00
         989   0.0120880    -7000.00
         990   0.0120800    -7400.00
         991   0.0120720    -8000.00
         992   0.0120640    -8600.00
         993   0.0120560    -9200.00
         994   0.0120480    -9000.00
         995   0.0120400    -8400.00
         996   0.0120320    -6800.00
         997   0.0120240    -4400.00
         998   0.0120160    -2200.00
         999   0.0120080     -200.00
        1000   0.0120000     1800.00
        1001   0.0119920     2200.00
        1002   0.0119840     2600.00
        1003   0.0119760     3000.00
        1004   0.0119680     3800.00
        1005   0.0119600     5000.00
        1006   0.0119520     6800.00
        1007   0.0119440     8400.00
        1008   0.0119360    10000.00
        1009   0.0119280    10800.00
        1010   0.0119200    11200.00
        1011   0.0119120    10800.00
        1012   0.0119040     9800.00
        1013   0.0118960     8400.00
        1014   0.0118880     7400.00
        1015   0.0118800     6800.00
        1016   0.0118720     6800.00
        1017   0.0118640     7600.00
        1018   0.0118560     9000.00
        1019   0.0118480    10200.00
        1020   0.0118400    11200.00
        1021   0.0118320    11600.00
        1022   0.0118240    11400.00
        1023   0.0118160    10600.00
        1024   0.0118080     9800.00
        1025   0.0118000     8600.00
        1026   0.0117920     7800.00
        1027   0.0117840     7400.00
        1028   0.0117760     7800.00
        1029   0.0117680     8400.00
        1030   0.0117600     9400.00
        1031   0.0117520    10200.00
        1032   0.0117440    10800.00
        1033   0.0117360    11000.00
        1034   0.0117280    10600.00
        1035   0.0117200     9800.00
        1036   0.0117120     8600.00
        1037   0.0117040     7800.00
        1038   0.0116960     7000.00
        1039   0.0116880     6800.00
        1040   0.0116800     7400.00
        1041   0.0116720     7800.00
        1042   0.0116640     8400.00
        1043   0.0116560     9000.00
        1044   0.0116480     9000.00
        1045   0.0116400     8400.00
        1046   0.0116320     6800.00
        1047   0.0116240     4400.00
        1048   0.0116160     2000.00
        1049   0.0116080     -200.00
        1050   0.0116000    -1800.00
        1051   0.0115920    -2600.00
        1052   0.0115840    -2800.00
        1053   0.0115760    -3000.00
        1054   0.0115680    -3800.00
        1055   0.0115600    -5000.00
        1056   0.0115520    -6600.00
        1057   0.0115440    -8600.00
        1058   0.0115360   -10000.00
        1059   0.0115280   -11000.00
        1060   0.0115200   -11200.00
        1061   0.0115120   -10800.00
        1062   0.0115040    -9800.00
        1063   0.0114960    -8600.00
        1064   0.0114880    -7600.00
        1065   0.0114800    -7000.00
        1066   0.0114720    -7000.00
        1067   0.0114640    -7800.00
        1068   0.0114560    -9200.00
        1069   0.0114480   -10200.00
        1070   0.0114400   -11400.00
        1071   0.0114320   -11800.00
        1072   0.0114240   -11600.00
        1073   0.0114160   -10800.00
        1074   0.0114080    -9800.00
        1075   0.0114000    -8600.00
        1076   0.0113920    -8000.00
        1077   0.0113840    -7600.00
        1078   0.0113760    -7800.00
        1079   0.0113680    -8600.00
        1080   0.0113600    -9600.00
        1081   0.0113520   -10600.00
        1082   0.0113440   -11000.00
        1083   0.0113360   -11400.00
        1084   0.0113280   -10800.00
        1085   0.0113200    -9800.00
        1086   0.0113120    -9000.00
        1087   0.0113040    -7800.00
        1088   0.0112960    -7000.00
        1089   0.0112880    -7000.00
        1090   0.0112800    -7200.00
        1091   0.0112720    -8000.00
        1092   0.0112640    -8600.00
        1093   0.0112560    -9200.00
        1094   0.0112480    -9400.00
        1095   0.0112400    -8600.00
        1096   0.0112320    -6800.00
        1097   0.0112240    -4600.00
        1098   0.0112160    -2000.00
        1099   0.0112080        0.00
        1100   0.0112000     1400.00
        1101   0.0111920     2200.00
        1102   0.0111840     2600.00
        1103   0.0111760     3000.00
        1104   0.0111680     3600.00
        1105   0.0111600     5000.00
        1106   0.0111520     6600.00
        1107   0.0111440     8400.00
        1108   0.0111360    10000.00
        1109   0.0111280    11000.00
        1110   0.0111200    11000.00
        1111   0.0111120    10600.00
        1112   0.0111040     9800.00
        1113   0.0110960     8400.00
        1114   0.0110880     7400.00
        1115   0.0110800     6800.00
        1116   0.0110720     7000.00
        1117   0.0110640     7800.00
        1118   0.0110560     9000.00
        1119   0.0110480    10000.00
        1120   0.0110400    11000.00
        1121   0.0110320    11600.00
        1122   0.0110240    11600.00
        1123   0.0110160    10800.00
        1124   0.0110080     9800.00
        1125   0.0110000     8600.00
        1126   0.0109920     7800.00
        1127   0.0109840     7600.00
        1128   0.0109760     7600.00
        1129   0.0109680     8400.00
        1130   0.0109600     9400.00
        1131   0.0109520    10200.00
        1132   0.0109440    10800.00
        1133   0.0109360    11000.00
        1134   0.0109280    10600.00
        1135   0.0109200     9800.00
        1136   0.0109120     8600.00
        1137   0.0109040     7600.00
        1138   0.0108960     7000.00
        1139   0.0108880     6800.00
        1140   0.0108800     7000.00
        1141   0.0108720     7800.00
        1142   0.0108640     8400.00
        1143   0.0108560     9000.00
        1144   0.0108480     9000.00
        1145   0.0108400     8400.00
        1146   0.0108320     6600.00
        1147   0.0108240     4200.00
        1148   0.0108160     1800.00
        1149   0.0108080     -400.00
        1150   0.0108000    -2000.00
        1151   0.0107920    -2600.00
        1152   0.0107840    -3000.00
        1153   0.0107760    -3400.00
        1154   0.0107680    -3800.00
        1155   0.0107600    -5200.00
        1156   0.0107520    -6800.00
        1157   0.0107440    -8600.00
        1158   0.0107360   -10000.00
        1159   0.0107280   -11200.00
        1160   0.0107200   -11400.00
        1161   0.0107120   -10800.00
        1162   0.0107040    -9800.00
        1163   0.0106960    -8600.00
        1164   0.0106880    -7600.00
        1165   0.0106800    -7000.00
        1166   0.0106720    -7000.00
        1167   0.0106640    -7800.00
        1168   0.0106560    -9000.00
        1169   0.0106480   -10200.00
        1170   0.0106400   -11200.00
        1171   0.0106320   -11800.00
        1172   0.0106240   -11600.00
        1173   0.0106160   -10800.00
        1174   0.0106080    -9800.00
        1175   0.0106000    -9000.00
        1176   0.0105920    -7800.00
        1177   0.0105840    -7600.00
        1178   0.0105760    -7800.00
        1179   0.0105680    -8400.00
        1180   0.0105600    -9400.00
        1181   0.0105520   -10600.00
        1182   0.0105440   -11000.00
        1183   0.0105360   -11000.00
        1184   0.0105280   -10800.00
        1185   0.0105200   -10000.00
        1186   0.0105120    -8600.00
        1187   0.0105040    -7600.00
        1188   0.0104960    -7200.00
        1189   0.0104880    -7000.00
        1190   0.0104800    -7400.00
        1191   0.0104720    -7800.00
        1192   0.0104640    -8600.00
        1193   0.0104560    -9200.00
        1194   0.0104480    -9200.00
        1195   0.0104400    -8600.00
        1196   0.0104320    -6800.00
        1197   0.0104240    -4400.00
        1198   0.0104160    -2000.00
        1199   0.0104080      200.00
        1200   0.0104000     1800.00
        1201   0.0103920     2600.00
        1202   0.0103840     2600.00
        1203   0.0103760     3000.00
        1204   0.0103680     3800.00
        1205   0.0103600     5000.00
        1206   0.0103520     6600.00
        1207   0.0103440     8400.00
        1208   0.0103360    10000.00
        1209   0.0103280    10800.00
        1210   0.0103200    11000.00
        1211   0.0103120    10600.00
        1212   0.0103040     9800.00
        1213   0.0102960     8400.00
        1214   0.0102880     7400.00
        1215   0.0102800     6800.00
        1216   0.0102720     7000.00
        1217   0.0102640     7600.00
        1218   0.0102560     9000.00
        1219   0.0102480    10000.00
        1220   0.0102400    11000.00
        1221   0.0102320    11600.00
        1222   0.0102240    11600.00
        1223   0.0102160    10600.00
        1224   0.0102080     9600.00
        1225   0.0102000     8600.00
        1226   0.0101920     7800.00
        1227   0.0101840     7400.00
        1228   0.0101760     7800.00
        1229   0.0101680     8400.00
        1230   0.0101600     9400.00
        1231   0.0101520    10200.00
        1232   0.0101440    10800.00
        1233   0.0101360    10800.00
        1234   0.0101280    10600.00
        1235   0.0101200     9800.00
        1236   0.0101120     9000.00
        1237   0.0101040     7600.00
        1238   0.0100960     7000.00
        1239   0.0100880     6800.00
        1240   0.0100800     7000.00
        1241   0.0100720     7800.00
        1242   0.0100640     8400.00
        1243   0.0100560     9000.00
        1244   0.0100480     9000.00
        1245   0.0100400     8400.00
        1246   0.0100320     6800.00
        1247   0.0100240     4400.00
        1248   0.0100160     2000.00
        1249   0.0100080     -200.00
        1250   0.0100000    -1800.00
        1251   0.0099920    -2600.00
        1252   0.0099840    -2800.00
        1253   0.0099760    -3200.00
        1254   0.0099680    -3800.00
        1255   0.0099600    -5000.00
        1256   0.0099520    -6600.00
        1257   0.0099440    -8400.00
        1258   0.0099360   -10000.00
        1259   0.0099280   -11000.00
        1260   0.0099200   -11400.00
        1261   0.0099120   -10800.00
        1262   0.0099040    -9800.00
        1263   0.0098960    -8600.00
        1264   0.0098880    -7600.00
        1265   0.0098800    -7000.00
        1266   0.0098720    -7000.00
        1267   0.0098640    -8000.00
        1268   0.0098560    -9200.00
        1269   0.0098480   -10200.00
        1270   0.0098400   -11400.00
        1271   0.0098320   -11800.00
        1272   0.0098240   -11600.00
        1273   0.0098160   -11000.00
        1274   0.0098080    -9800.00
        1275   0.0098000    -9000.00
        1276   0.0097920    -7800.00
        1277   0.0097840    -7600.00
        1278   0.0097760    -7800.00
        1279   0.0097680    -8600.00
        1280   0.0097600    -9600.00
        1281   0.0097520   -10600.00
        1282   0.0097440   -11000.00
        1283   0.0097360   -11000.00
        1284   0.0097280   -10800.00
        1285   0.0097200   -10000.00
        1286   0.0097120    -8600.00
        1287   0.0097040    -7800.00
        1288   0.0096960    -7000.00
        1289   0.0096880    -7000.00
        1290   0.0096800    -7400.00
        1291   0.0096720    -8000.00
        1292   0.0096640    -8600.00
        1293   0.0096560    -9200.00
        1294   0.0096480    -9200.00
        1295   0.0096400    -8600.00
        1296   0.0096320    -6800.00
        1297   0.0096240    -4400.00
        1298   0.0096160    -2000.00
        1299   0.0096080        0.00
        1300   0.0096000     1600.00
        1301   0.0095920     2400.00
        1302   0.0095840     2600.00
        1303   0.0095760     3000.00
        1304   0.0095680     3600.00
        1305   0.0095600     5000.00
        1306   0.0095520     6600.00
        1307   0.0095440     8400.00
        1308   0.0095360    10000.00
        1309   0.0095280    11000.00
        1310   0.0095200    11400.00
        1311   0.0095120    10600.00
        1312   0.0095040     9400.00
        1313   0.0094960     8400.00
        1314   0.0094880     7400.00
        1315   0.0094800     6800.00
        1316   0.0094720     7000.00
        1317   0.0094640     7800.00
        1318   0.0094560     9000.00
        1319   0.0094480    10200.00
        1320   0.0094400    11000.00
        1321   0.0094320    11800.00
        1322   0.0094240    11600.00
        1323   0.0094160    10800.00
        1324   0.0094080     9800.00
        1325   0.0094000     8600.00
        1326   0.0093920     7800.00
        1327   0.0093840     7600.00
        1328   0.0093760     7800.00
        1329   0.0093680     8400.00
        1330   0.0093600     9200.00
        1331   0.0093520    10400.00
        1332   0.0093440    11000.00
        1333   0.0093360    11000.00
        1334   0.0093280    10400.00
        1335   0.0093200     9800.00
        1336   0.0093120     8600.00
        1337   0.0093040     7600.00
        1338   0.0092960     6800.00
        1339   0.0092880     6800.00
        1340   0.0092800     7000.00
        1341   0.0092720     7600.00
        1342   0.0092640     8400.00
        1343   0.0092560     9000.00
        1344   0.0092480     9000.00
        1345   0.0092400     8200.00
        1346   0.0092320     6600.00
        1347   0.0092240     4400.00
        1348   0.0092160     2000.00
        1349   0.0092080     -400.00
        1350   0.0092000    -2000.00
        1351   0.0091920    -2800.00
        1352   0.0091840    -2800.00
        1353   0.0091760    -3400.00
        1354   0.0091680    -3800.00
        1355   0.0091600    -5000.00
        1356   0.0091520    -6800.00
        1357   0.0091440    -8400.00
        1358   0.0091360   -10200.00
        1359   0.0091280   -11200.00
        1360   0.0091200   -11400.00
        1361   0.0091120   -10800.00
        1362   0.0091040   -10000.00
        1363   0.0090960    -8600.00
        1364   0.0090880    -7600.00
        1365   0.0090800    -7000.00
        1366   0.0090720    -7200.00
        1367   0.0090640    -7800.00
        1368   0.0090560    -9000.00
        1369   0.0090480   -10200.00
        1370   0.0090400   -11200.00
        1371   0.0090320   -11800.00
        1372   0.0090240   -11800.00
        1373   0.0090160   -10800.00
        1374   0.0090080    -9800.00
        1375   0.0090000    -8600.00
        1376   0.0089920    -7800.00
        1377   0.0089840    -7600.00
        1378   0.0089760    -7800.00
        1379   0.0089680    -8600.00
        1380   0.0089600    -9400.00
        1381   0.0089520   -10200.00
        1382   0.0089440   -11000.00
        1383   0.0089360   -11000.00
        1384   0.0089280   -10600.00
        1385   0.0089200    -9800.00
        1386   0.0089120    -8600.00
        1387   0.0089040    -7800.00
        1388   0.0088960    -7000.00
        1389   0.0088880    -7000.00
        1390   0.0088800    -7400.00
        1391   0.0088720    -7800.00
        1392   0.0088640    -8600.00
        1393   0.0088560    -9200.00
        1394   0.0088480    -9200.00
        1395   0.0088400    -8400.00
        1396   0.0088320    -6800.00
        1397   0.0088240    -4400.00
        1398   0.0088160    -2000.00
        1399   0.0088080      200.00
        1400   0.0088000     1400.00
        1401   0.0087920     2600.00
        1402   0.0087840     2600.00
        1403   0.0087760     3000.00
        1404   0.0087680     3800.00
        1405   0.0087600     5000.00
        1406   0.0087520     6600.00
        1407   0.0087440     8400.00
        1408   0.0087360    10000.00
        1409   0.0087280    10800.00
        1410   0.0087200    11200.00
        1411   0.0087120    10600.00
        1412   0.0087040     9600.00
        1413   0.0086960     8400.00
        1414   0.0086880     7400.00
        1415   0.0086800     6800.00
        1416   0.0086720     7000.00
        1417   0.0086640     7800.00
        1418   0.0086560     9000.00
        1419   0.0086480    10200.00
        1420   0.0086400    11000.00
        1421   0.0086320    11600.00
        1422   0.0086240    11600.00
        1423   0.0086160    10600.00
        1424   0.0086080     9600.00
        1425   0.0086000     8400.00
        1426   0.0085920     8000.00
        1427   0.0085840     7400.00
        1428   0.0085760     7800.00
        1429   0.0085680     8400.00
        1430   0.0085600     9400.00
        1431   0.0085520    10400.00
        1432   0.0085440    10800.00
        1433   0.0085360    11000.00
        1434   0.0085280    10600.00
        1435   0.0085200     9800.00
        1436   0.0085120     8600.00
        1437   0.0085040     7600.00
        1438   0.0084960     7200.00
        1439   0.0084880     6800.00
        1440   0.0084800     7000.00
        1441   0.0084720     7600.00
        1442   0.0084640     8400.00
        1443   0.0084560     9000.00
        1444   0.0084480     9000.00
        1445   0.0084400     8400.00
        1446   0.0084320     6800.00
        1447   0.0084240     4400.00
        1448   0.0084160     2000.00
        1449   0.0084080     -200.00
        1450   0.0084000    -1800.00
        1451   0.0083920    -2600.00
        1452   0.0083840    -2800.00
        1453   0.0083760    -3200.00
        1454   0.0083680    -3800.00
        1455   0.0083600    -5000.00
        1456   0.0083520    -6800.00
        1457   0.0083440    -8600.00
        1458   0.0083360   -10000.00
        1459   0.0083280   -11000.00
        1460   0.0083200   -11400.00
        1461   0.0083120   -10800.00
        1462   0.0083040   -10000.00
        1463   0.0082960    -8600.00
        1464   0.0082880    -7600.00
        1465   0.0082800    -7000.00
        1466   0.0082720    -7000.00
        1467   0.0082640    -7800.00
        1468   0.0082560    -9000.00
        1469   0.0082480   -10200.00
        1470   0.0082400   -11400.00
        1471   0.0082320   -11800.00
        1472   0.0082240   -11600.00
        1473   0.0082160   -11000.00
        1474   0.0082080   -10000.00
        1475   0.0082000    -9000.00
        1476   0.0081920    -8000.00
        1477   0.0081840    -7800.00
        1478   0.0081760    -8000.00
        1479   0.0081680    -8600.00
        1480   0.0081600    -9800.00
        1481   0.0081520   -10200.00
        1482   0.0081440   -11000.00
        1483   0.0081360   -11000.00
        1484   0.0081280   -10800.00
        1485   0.0081200   -10000.00
        1486   0.0081120    -9000.00
        1487   0.0081040    -8000.00
        1488   0.0080960    -7000.00
        1489   0.0080880    -7000.00
        1490   0.0080800    -7400.00
        1491   0.0080720    -7800.00
        1492   0.0080640    -8600.00
        1493   0.0080560    -9200.00
        1494   0.0080480    -9200.00
        1495   0.0080400    -8400.00
        1496   0.0080320    -7000.00
        1497   0.0080240    -4400.00
        1498   0.0080160    -2200.00
        1499   0.0080080     -200.00
        1500   0.0080000     1600.00
        1501   0.0079920     2400.00
        1502   0.0079840     2600.00
        1503   0.0079760     3000.00
        1504   0.0079680     3600.00
        1505   0.0079600     5000.00
        1506   0.0079520     6600.00
        1507   0.0079440     8400.00
        1508   0.0079360    10000.00
        1509   0.0079280    11000.00
        1510   0.0079200    11200.00
        1511   0.0079120    10600.00
        1512   0.0079040     9400.00
        1513   0.0078960     8600.00
        1514   0.0078880     7400.00
        1515   0.0078800     6800.00
        1516   0.0078720     7000.00
        1517   0.0078640     7800.00
        1518   0.0078560     9000.00
        1519   0.0078480    10200.00
        1520   0.0078400    11000.00
        1521   0.0078320    11600.00
        1522   0.0078240    11600.00
        1523   0.0078160    10800.00
        1524   0.0078080     9800.00
        1525   0.0078000     8600.00
        1526   0.0077920     7800.00
        1527   0.0077840     7600.00
        1528   0.0077760     7600.00
        1529   0.0077680     8400.00
        1530   0.0077600     9600.00
        1531   0.0077520    10200.00
        1532   0.0077440    10800.00
        1533   0.0077360    11000.00
        1534   0.0077280    10600.00
        1535   0.0077200     9800.00
        1536   0.0077120     8600.00
        1537   0.0077040     7600.00
        1538   0.0076960     7000.00
        1539   0.0076880     6800.00
        1540   0.0076800     7000.00
        1541   0.0076720     7600.00
        1542   0.0076640     8400.00
        1543   0.0076560     9000.00
        1544   0.0076480     9000.00
        1545   0.0076400     8400.00
        1546   0.0076320     6800.00
        1547   0.0076240     4400.00
        1548   0.0076160     1800.00
        1549   0.0076080     -200.00
        1550   0.0076000    -2000.00
        1551   0.0075920    -2800.00
        1552   0.0075840    -3000.00
        1553   0.0075760    -3200.00
        1554   0.0075680    -3800.00
        1555   0.0075600    -5200.00
        1556   0.0075520    -6800.00
        1557   0.0075440    -8400.00
        1558   0.0075360   -10200.00
        1559   0.0075280   -11000.00
        1560   0.0075200   -11400.00
        1561   0.0075120   -10800.00
        1562   0.0075040    -9800.00
        1563   0.0074960    -8600.00
        1564   0.0074880    -7600.00
        1565   0.0074800    -7000.00
        1566   0.0074720    -7000.00
        1567   0.0074640    -8000.00
        1568   0.0074560    -9200.00
        1569   0.0074480   -10200.00
        1570   0.0074400   -11400.00
        1571   0.0074320   -11800.00
        1572   0.0074240   -11600.00
        1573   0.0074160   -10800.00
        1574   0.0074080   -10000.00
        1575   0.0074000    -8600.00
        1576   0.0073920    -7800.00
        1577   0.0073840    -7600.00
        1578   0.0073760    -7800.00
        1579   0.0073680    -8600.00
        1580   0.0073600    -9400.00
        1581   0.0073520   -10400.00
        1582   0.0073440   -10800.00
        1583   0.0073360   -11200.00
        1584   0.0073280   -10800.00
        1585   0.0073200    -9800.00
        1586   0.0073120    -8600.00
        1587   0.0073040    -7800.00
        1588   0.0072960    -7000.00
        1589   0.0072880    -7000.00
        1590   0.0072800    -7200.00
        1591   0.0072720    -8000.00
        1592   0.0072640    -8600.00
        1593   0.0072560    -9000.00
        1594   0.0072480    -9200.00
        1595   0.0072400    -8600.00
        1596   0.0072320    -6800.00
        1597   0.0072240    -4400.00
        1598   0.0072160    -2200.00
        1599   0.0072080      200.00
        1600   0.0072000     1600.00
        1601   0.0071920     2200.00
        1602   0.0071840     2600.00
        1603   0.0071760     3000.00
        1604   0.0071680     3800.00
        1605   0.0071600     4800.00
        1606   0.0071520     6600.00
        1607   0.0071440     8400.00
        1608   0.0071360     9800.00
        1609   0.0071280    10800.00
        1610   0.0071200    11000.00
        1611   0.0071120    10600.00
        1612   0.0071040     9800.00
        1613   0.0070960     8400.00
        1614   0.0070880     7400.00
        1615   0.0070800     6800.00
        1616   0.0070720     7000.00
        1617   0.0070640     7800.00
        1618   0.0070560     9000.00
        1619   0.0070480    10000.00
        1620   0.0070400    11000.00
        1621   0.0070320    11600.00
        1622   0.0070240    11400.00
        1623   0.0070160    10600.00
        1624   0.0070080     9800.00
        1625   0.0070000     8400.00
        1626   0.0069920     7800.00
        1627   0.0069840     7600.00
        1628   0.0069760     7600.00
        1629   0.0069680     8400.00
        1630   0.0069600     9400.00
        1631   0.0069520    10200.00
        1632   0.0069440    10800.00
        1633   0.0069360    11000.00
        1634   0.0069280    10600.00
        1635   0.0069200     9800.00
        1636   0.0069120     8600.00
        1637   0.0069040     7600.00
        1638   0.0068960     7000.00
        1639   0.0068880     6800.00
        1640   0.0068800     7000.00
        1641   0.0068720     7800.00
        1642   0.0068640     8400.00
        1643   0.0068560     9000.00
        1644   0.0068480     9000.00
        1645   0.0068400     8400.00
        1646   0.0068320     6800.00
        1647   0.0068240     4400.00
        1648   0.0068160     2000.00
        1649   0.0068080     -200.00
        1650   0.0068000    -1800.00
        1651   0.0067920    -2600.00
        1652   0.0067840    -3000.00
        1653   0.0067760    -3400.00
        1654   0.0067680    -4000.00
        1655   0.0067600    -5000.00
        1656   0.0067520    -6600.00
        1657   0.0067440    -8600.00
        1658   0.0067360   -10200.00
        1659   0.0067280   -11200.00
        1660   0.0067200   -11400.00
        1661   0.0067120   -10800.00
        1662   0.0067040   -10000.00
        1663   0.0066960    -8600.00
        1664   0.0066880    -7600.00
        1665   0.0066800    -7000.00
        1666   0.0066720    -7000.00
        1667   0.0066640    -8000.00
        1668   0.0066560    -9200.00
        1669   0.0066480   -10200.00
        1670   0.0066400   -11400.00
        1671   0.0066320   -11800.00
        1672   0.0066240   -11600.00
        1673   0.0066160   -11000.00
        1674   0.0066080   -10000.00
        1675   0.0066000    -8800.00
        1676   0.0065920    -8200.00
        1677   0.0065840    -7600.00
        1678   0.0065760    -8200.00
        1679   0.0065680    -8600.00
        1680   0.0065600    -9600.00
        1681   0.0065520   -10600.00
        1682   0.0065440   -11000.00
        1683   0.0065360   -11000.00
        1684   0.0065280   -10800.00
        1685   0.0065200   -10000.00
        1686   0.0065120    -8800.00
        1687   0.0065040    -7800.00
        1688   0.0064960    -7200.00
        1689   0.0064880    -7000.00
        1690   0.0064800    -7400.00
        1691   0.0064720    -7800.00
        1692   0.0064640    -8600.00
        1693   0.0064560    -9200.00
        1694   0.0064480    -9200.00
        1695   0.0064400    -8600.00
        1696   0.0064320    -7000.00
        1697   0.0064240    -4400.00
        1698   0.0064160    -2000.00
        1699   0.0064080      200.00
        1700   0.0064000     1400.00
        1701   0.0063920     2600.00
        1702   0.0063840     2800.00
        1703   0.0063760     3000.00
        1704   0.0063680     3800.00
        1705   0.0063600     5000.00
        1706   0.0063520     6600.00
        1707   0.0063440     8400.00
        1708   0.0063360    10000.00
        1709   0.0063280    10800.00
        1710   0.0063200    11400.00
        1711   0.0063120    10600.00
        1712   0.0063040     9800.00
        1713   0.0062960     8400.00
        1714   0.0062880     7400.00
        1715   0.0062800     6800.00
        1716   0.0062720     7000.00
        1717   0.0062640     7800.00
        1718   0.0062560     9000.00
        1719   0.0062480    10000.00
        1720   0.0062400    11400.00
        1721   0.0062320    11600.00
        1722   0.0062240    11600.00
        1723   0.0062160    10800.00
        1724   0.0062080     9800.00
        1725   0.0062000     8600.00
        1726   0.0061920     7800.00
        1727   0.0061840     7400.00
        1728   0.0061760     7600.00
        1729   0.0061680     8400.00
        1730   0.0061600     9400.00
        1731   0.0061520    10200.00
        1732   0.0061440    10800.00
        1733   0.0061360    10800.00
        1734   0.0061280    10600.00
        1735   0.0061200     9800.00
        1736   0.0061120     8600.00
        1737   0.0061040     7600.00
        1738   0.0060960     7000.00
        1739   0.0060880     6800.00
        1740   0.0060800     7000.00
        1741   0.0060720     7600.00
        1742   0.0060640     8400.00
        1743   0.0060560     9000.00
        1744   0.0060480     9000.00
        1745   0.0060400     8400.00
        1746   0.0060320     6800.00
        1747   0.0060240     4400.00
        1748   0.0060160     2000.00
        1749   0.0060080     -400.00
        1750   0.0060000    -2000.00
        1751   0.0059920    -2600.00
        1752   0.0059840    -3000.00
        1753   0.0059760    -3200.00
        1754   0.0059680    -3800.00
        1755   0.0059600    -5200.00
        1756   0.0059520    -6800.00
        1757   0.0059440    -8600.00
        1758   0.0059360   -10000.00
        1759   0.0059280   -11400.00
        1760   0.0059200   -11200.00
        1761   0.0059120   -10800.00
        1762   0.0059040   -10000.00
        1763   0.0058960    -8600.00
        1764   0.0058880    -7600.00
        1765   0.0058800    -7000.00
        1766   0.0058720    -7200.00
        1767   0.0058640    -7800.00
        1768   0.0058560    -9000.00
        1769   0.0058480   -10200.00
        1770   0.0058400   -11400.00
        1771   0.0058320   -11800.00
        1772   0.0058240   -11600.00
        1773   0.0058160   -11000.00
        1774   0.0058080    -9800.00
        1775   0.0058000    -8600.00
        1776   0.0057920    -7800.00
        1777   0.0057840    -7600.00
        1778   0.0057760    -7800.00
        1779   0.0057680    -8600.00
        1780   0.0057600    -9400.00
        1781   0.0057520   -10400.00
        1782   0.0057440   -11000.00
        1783   0.0057360   -11000.00
        1784   0.0057280   -10600.00
        1785   0.0057200    -9800.00
        1786   0.0057120    -8600.00
        1787   0.0057040    -7800.00
        1788   0.0056960    -7000.00
        1789   0.0056880    -7000.00
        1790   0.0056800    -7400.00
        1791   0.0056720    -7800.00
        1792   0.0056640    -8600.00
        1793   0.0056560    -9200.00
        1794   0.0056480    -9200.00
        1795   0.0056400    -8600.00
        1796   0.0056320    -7000.00
        1797   0.0056240    -4600.00
        1798   0.0056160    -2000.00
        1799   0.0056080     -200.00
        1800   0.0056000     1600.00
        1801   0.0055920     2200.00
        1802   0.0055840     2600.00
        1803   0.0055760     2800.00
        1804   0.0055680     3600.00
        1805   0.0055600     5000.00
        1806   0.0055520     6800.00
        1807   0.0055440     8400.00
        1808   0.0055360    10000.00
        1809   0.0055280    11000.00
        1810   0.0055200    11000.00
        1811   0.0055120    10600.00
        1812   0.0055040     9800.00
        1813   0.0054960     8400.00
        1814   0.0054880     7400.00
        1815   0.0054800     6800.00
        1816   0.0054720     6800.00
        1817   0.0054640     7600.00
        1818   0.0054560     9000.00
        1819   0.0054480    10000.00
        1820   0.0054400    11000.00
        1821   0.0054320    11600.00
        1822   0.0054240    11400.00
        1823   0.0054160    10800.00
        1824   0.0054080     9800.00
        1825   0.0054000     8600.00
        1826   0.0053920     7800.00
        1827   0.0053840     7600.00
        1828   0.0053760     7600.00
        1829   0.0053680     8400.00
        1830   0.0053600     9400.00
        1831   0.0053520    10400.00
        1832   0.0053440    10800.00
        1833   0.0053360    11000.00
        1834   0.0053280    10600.00
        1835   0.0053200     9800.00
        1836   0.0053120     8600.00
        1837   0.0053040     7600.00
        1838   0.0052960     7000.00
        1839   0.0052880     6800.00
        1840   0.0052800     7000.00
        1841   0.0052720     7600.00
        1842   0.0052640     8400.00
        1843   0.0052560     9000.00
        1844   0.0052480     9000.00
        1845   0.0052400     8400.00
        1846   0.0052320     6800.00
        1847   0.0052240     4400.00
        1848   0.0052160     2000.00
        1849   0.0052080     -200.00
        1850   0.0052000    -1800.00
        1851   0.0051920    -2600.00
        1852   0.0051840    -2800.00
        1853   0.0051760    -3400.00
        1854   0.0051680    -3800.00
        1855   0.0051600    -5000.00
        1856   0.0051520    -6600.00
        1857   0.0051440    -8600.00
        1858   0.0051360   -10000.00
        1859   0.0051280   -11000.00
        1860   0.0051200   -11400.00
        1861   0.0051120   -10800.00
        1862   0.0051040   -10200.00
        1863   0.0050960    -8800.00
        1864   0.0050880    -7600.00
        1865   0.0050800    -7000.00
        1866   0.0050720    -7200.00
        1867   0.0050640    -7800.00
        1868   0.0050560    -9200.00
        1869   0.0050480   -10200.00
        1870   0.0050400   -11600.00
        1871   0.0050320   -11800.00
        1872   0.0050240   -11600.00
        1873   0.0050160   -11000.00
        1874   0.0050080   -10000.00
        1875   0.0050000    -8800.00
        1876   0.0049920    -7800.00
        1877   0.0049840    -7600.00
        1878   0.0049760    -7800.00
        1879   0.0049680    -8800.00
        1880   0.0049600    -9400.00
        1881   0.0049520   -10600.00
        1882   0.0049440   -11000.00
        1883   0.0049360   -11000.00
        1884   0.0049280   -10800.00
        1885   0.0049200    -9800.00
        1886   0.0049120    -9000.00
        1887   0.0049040    -7800.00
        1888   0.0048960    -7200.00
        1889   0.0048880    -7000.00
        1890   0.0048800    -7400.00
        1891   0.0048720    -7800.00
        1892   0.0048640    -8600.00
        1893   0.0048560    -9200.00
        1894   0.0048480    -9200.00
        1895   0.0048400    -8400.00
        1896   0.0048320    -6800.00
        1897   0.0048240    -4400.00
        1898   0.0048160    -2000.00
        1899   0.0048080      200.00
        1900   0.0048000     1400.00
        1901   0.0047920     2600.00
        1902   0.0047840     2600.00
        1903   0.0047760     3000.00
        1904   0.0047680     3800.00
        1905   0.0047600     5000.00
        1906   0.0047520     6600.00
        1907   0.0047440     8400.00
        1908   0.0047360    10000.00
        1909   0.0047280    10800.00
        1910   0.0047200    11400.00
        1911   0.0047120    10600.00
        1912   0.0047040     9800.00
        1913   0.0046960     8400.00
        1914   0.0046880     7400.00
        1915   0.0046800     6800.00
        1916   0.0046720     7000.00
        1917   0.0046640     7600.00
        1918   0.0046560     9000.00
        1919   0.0046480    10000.00
        1920   0.0046400    11400.00
        1921   0.0046320    11600.00
        1922   0.0046240    11400.00
        1923   0.0046160    10800.00
        1924   0.0046080     9800.00
        1925   0.0046000     8600.00
        1926   0.0045920     7800.00
        1927   0.0045840     7400.00
        1928   0.0045760     7800.00
        1929   0.0045680     8400.00
        1930   0.0045600     9400.00
        1931   0.0045520    10200.00
        1932   0.0045440    10800.00
        1933   0.0045360    10800.00
        1934   0.0045280    10600.00
        1935   0.0045200     9800.00
        1936   0.0045120     8600.00
        1937   0.0045040     7800.00
        1938   0.0044960     7000.00
        1939   0.0044880     6800.00
        1940   0.0044800     7200.00
        1941   0.0044720     7600.00
        1942   0.0044640     8400.00
        1943   0.0044560     9000.00
        1944   0.0044480     9000.00
        1945   0.0044400     8400.00
        1946   0.0044320     6800.00
        1947   0.0044240     4200.00
        1948   0.0044160     2000.00
        1949   0.0044080     -200.00
        1950   0.0044000    -1800.00
        1951   0.0043920    -2600.00
        1952   0.0043840    -2800.00
        1953   0.0043760    -3000.00
        1954   0.0043680    -3800.00
        1955   0.0043600    -5000.00
        1956   0.0043520    -6800.00
        1957   0.0043440    -8400.00
        1958   0.0043360   -10000.00
        1959   0.0043280   -11000.00
        1960   0.0043200   -11200.00
        1961   0.0043120   -10800.00
        1962   0.0043040    -9800.00
        1963   0.0042960    -8600.00
        1964   0.0042880    -7400.00
        1965   0.0042800    -6800.00
        1966   0.0042720    -7000.00
        1967   0.0042640    -7800.00
        1968   0.0042560    -9000.00
        1969   0.0042480   -10200.00
        1970   0.0042400   -11000.00
        1971   0.0042320   -11800.00
        1972   0.0042240   -11600.00
        1973   0.0042160   -10800.00
        1974   0.0042080    -9800.00
        1975   0.0042000    -8800.00
        1976   0.0041920    -7800.00
        1977   0.0041840    -7600.00
        1978   0.0041760    -7800.00
        1979   0.0041680    -8600.00
        1980   0.0041600    -9400.00
        1981   0.0041520   -10600.00
        1982   0.0041440   -11000.00
        1983   0.0041360   -11000.00
        1984   0.0041280   -10600.00
        1985   0.0041200    -9800.00
        1986   0.0041120    -8600.00
        1987   0.0041040    -7800.00
        1988   0.0040960    -7400.00
        1989   0.0040880    -7000.00
        1990   0.0040800    -7400.00
        1991   0.0040720    -7800.00
        1992   0.0040640    -8600.00
        1993   0.0040560    -9200.00
        1994   0.0040480    -9200.00
        1995   0.0040400    -8600.00
        1996   0.0040320    -6800.00
        1997   0.0040240    -4400.00
        1998   0.0040160    -2200.00
        1999   0.0040080        0.00
        2000   0.0040000     1800.00
        2001   0.0039920     2400.00
        2002   0.0039840     2600.00
        2003   0.0039760     2800.00
        2004   0.0039680     3600.00
        2005   0.0039600     5000.00
        2006   0.0039520     6600.00
        2007   0.0039440     8400.00
        2008   0.0039360    10000.00
        2009   0.0039280    10800.00
        2010   0.0039200    11000.00
        2011   0.0039120    10600.00
        2012   0.0039040     9800.00
        2013   0.0038960     8400.00
        2014   0.0038880     7400.00
        2015   0.0038800     6800.00
        2016   0.0038720     7000.00
        2017   0.0038640     7800.00
        2018   0.0038560     9000.00
        2019   0.0038480    10000.00
        2020   0.0038400    11200.00
        2021   0.0038320    11600.00
        2022   0.0038240    11600.00
        2023   0.0038160    10800.00
        2024   0.0038080     9800.00
        2025   0.0038000     8600.00
        2026   0.0037920     7800.00
        2027   0.0037840     7400.00
        2028   0.0037760     7800.00
        2029   0.0037680     8400.00
        2030   0.0037600     9400.00
        2031   0.0037520    10400.00
        2032   0.0037440    10800.00
        2033   0.0037360    11000.00
        2034   0.0037280    10600.00
        2035   0.0037200     9800.00
        2036   0.0037120     8600.00
        2037   0.0037040     7600.00
        2038   0.0036960     7000.00
        2039   0.0036880     6800.00
        2040   0.0036800     7400.00
        2041   0.0036720     7800.00
        2042   0.0036640     8400.00
        2043   0.0036560     9000.00
        2044   0.0036480     9200.00
        2045   0.0036400     8400.00
        2046   0.0036320     6800.00
        2047   0.0036240     4400.00
        2048   0.0036160     2000.00
        2049   0.0036080     -200.00
        2050   0.0036000    -2000.00
        2051   0.0035920    -2600.00
        2052   0.0035840    -3000.00
        2053   0.0035760    -3400.00
        2054   0.0035680    -3800.00
        2055   0.0035600    -5000.00
        2056   0.0035520    -6800.00
        2057   0.0035440    -8600.00
        2058   0.0035360   -10200.00
        2059   0.0035280   -11000.00
        2060   0.0035200   -11400.00
        2061   0.0035120   -10800.00
        2062   0.0035040   -10000.00
        2063   0.0034960    -8600.00
        2064   0.0034880    -7600.00
        2065   0.0034800    -7000.00
        2066   0.0034720    -7000.00
        2067   0.0034640    -7800.00
        2068   0.0034560    -9200.00
        2069   0.0034480   -10200.00
        2070   0.0034400   -11400.00
        2071   0.0034320   -11800.00
        2072   0.0034240   -11600.00
        2073   0.0034160   -10800.00
        2074   0.0034080   -10000.00
        2075   0.0034000    -8600.00
        2076   0.0033920    -7800.00
        2077   0.0033840    -7600.00
        2078   0.0033760    -8000.00
        2079   0.0033680    -8600.00
        2080   0.0033600    -9400.00
        2081   0.0033520   -10200.00
        2082   0.0033440   -11000.00
        2083   0.0033360   -11200.00
        2084   0.0033280   -10800.00
        2085   0.0033200    -9800.00
        2086   0.0033120    -8600.00
        2087   0.0033040    -7800.00
        2088   0.0032960    -7000.00
        2089   0.0032880    -7000.00
        2090   0.0032800    -7000.00
        2091   0.0032720    -7800.00
        2092   0.0032640    -8600.00
        2093   0.0032560    -9200.00
        2094   0.0032480    -9000.00
        2095   0.0032400    -8400.00
        2096   0.0032320    -6800.00
        2097   0.0032240    -4400.00
        2098   0.0032160    -2000.00
        2099   0.0032080      200.00
        2100   0.0032000     1800.00
        2101   0.0031920     2400.00
        2102   0.0031840     2600.00
        2103   0.0031760     3000.00
        2104   0.0031680     3800.00
        2105   0.0031600     5000.00
        2106   0.0031520     6800.00
        2107   0.0031440     8400.00
        2108   0.0031360    10000.00
        2109   0.0031280    11000.00
        2110   0.0031200    11400.00
        2111   0.0031120    10600.00
        2112   0.0031040     9800.00
        2113   0.0030960     8400.00
        2114   0.0030880     7600.00
        2115   0.0030800     6800.00
        2116   0.0030720     7000.00
        2117   0.0030640     7800.00
        2118   0.0030560     9000.00
        2119   0.0030480    10000.00
        2120   0.0030400    11000.00
        2121   0.0030320    11600.00
        2122   0.0030240    11600.00
        2123   0.0030160    10600.00
        2124   0.0030080     9800.00
        2125   0.0030000     8600.00
        2126   0.0029920     7800.00
        2127   0.0029840     7400.00
        2128   0.0029760     7800.00
        2129   0.0029680     8400.00
        2130   0.0029600     9200.00
        2131   0.0029520    10200.00
        2132   0.0029440    10800.00
        2133   0.0029360    10800.00
        2134   0.0029280    10600.00
        2135   0.0029200     9800.00
        2136   0.0029120     8800.00
        2137   0.0029040     7800.00
        2138   0.0028960     7000.00
        2139   0.0028880     6800.00
        2140   0.0028800     7000.00
        2141   0.0028720     7600.00
        2142   0.0028640     8400.00
        2143   0.0028560     8800.00
        2144   0.0028480     9000.00
        2145   0.0028400     8400.00
        2146   0.0028320     6800.00
        2147   0.0028240     4400.00
        2148   0.0028160     2000.00
        2149   0.0028080     -200.00
        2150   0.0028000    -1800.00
        2151   0.0027920    -2600.00
        2152   0.0027840    -3000.00
        2153   0.0027760    -3200.00
        2154   0.0027680    -3800.00
        2155   0.0027600    -5000.00
        2156   0.0027520    -6600.00
        2157   0.0027440    -8400.00
        2158   0.0027360   -10200.00
        2159   0.0027280   -11000.00
        2160   0.0027200   -11000.00
        2161   0.0027120   -11000.00
        2162   0.0027040   -10000.00
        2163   0.0026960    -8600.00
        2164   0.0026880    -7600.00
        2165   0.0026800    -7000.00
        2166   0.0026720    -7000.00
        2167   0.0026640    -7800.00
        2168   0.0026560    -9200.00
        2169   0.0026480   -10200.00
        2170   0.0026400   -11400.00
        2171   0.0026320   -11800.00
        2172   0.0026240   -11800.00
        2173   0.0026160   -11000.00
        2174   0.0026080    -9800.00
        2175   0.0026000    -9000.00
        2176   0.0025920    -7800.00
        2177   0.0025840    -7600.00
        2178   0.0025760    -7800.00
        2179   0.0025680    -8400.00
        2180   0.0025600    -9600.00
        2181   0.0025520   -10200.00
        2182   0.0025440   -11000.00
        2183   0.0025360   -11000.00
        2184   0.0025280   -10800.00
        2185   0.0025200    -9800.00
        2186   0.0025120    -8800.00
        2187   0.0025040    -7800.00
        2188   0.0024960    -7400.00
        2189   0.0024880    -7000.00
        2190   0.0024800    -7400.00
        2191   0.0024720    -7800.00
        2192   0.0024640    -8600.00
        2193   0.0024560    -9200.00
        2194   0.0024480    -9200.00
        2195   0.0024400    -8600.00
        2196   0.0024320    -7000.00
        2197   0.0024240    -4400.00
        2198   0.0024160    -2200.00
        2199   0.0024080        0.00
        2200   0.0024000     1600.00
        2201   0.0023920     2200.00
        2202   0.0023840     2600.00
        2203   0.0023760     3000.00
        2204   0.0023680     3600.00
        2205   0.0023600     5000.00
        2206   0.0023520     6600.00
        2207   0.0023440     8400.00
        2208   0.0023360    10000.00
        2209   0.0023280    10800.00
        2210   0.0023200    11200.00
        2211   0.0023120    10600.00
        2212   0.0023040     9600.00
        2213   0.0022960     8400.00
        2214   0.0022880     7400.00
        2215   0.0022800     6800.00
        2216   0.0022720     7000.00
        2217   0.0022640     7800.00
        2218   0.0022560     8800.00
        2219   0.0022480    10000.00
        2220   0.0022400    11000.00
        2221   0.0022320    11600.00
        2222   0.0022240    11600.00
        2223   0.0022160    10800.00
        2224   0.0022080     9800.00
        2225   0.0022000     9000.00
        2226   0.0021920     7800.00
        2227   0.0021840     7600.00
        2228   0.0021760     7800.00
        2229   0.0021680     8400.00
        2230   0.0021600     9400.00
        2231   0.0021520    10200.00
        2232   0.0021440    10800.00
        2233   0.0021360    11000.00
        2234   0.0021280    10600.00
        2235   0.0021200     9800.00
        2236   0.0021120     8600.00
        2237   0.0021040     7600.00
        2238   0.0020960     7000.00
        2239   0.0020880     7000.00
        2240   0.0020800     7200.00
        2241   0.0020720     7800.00
        2242   0.0020640     8400.00
        2243   0.0020560     9000.00
        2244   0.0020480     9000.00
        2245   0.0020400     8400.00
        2246   0.0020320     6800.00
        2247   0.0020240     4400.00
        2248   0.0020160     2000.00
        2249   0.0020080     -200.00
        2250   0.0020000    -1800.00
        2251   0.0019920    -2800.00
        2252   0.0019840    -3000.00
        2253   0.0019760    -3400.00
        2254   0.0019680    -3800.00
        2255   0.0019600    -5200.00
        2256   0.0019520    -6600.00
        2257   0.0019440    -8400.00
        2258   0.0019360   -10200.00
        2259   0.0019280   -11000.00
        2260   0.0019200   -11400.00
        2261   0.0019120   -10800.00
        2262   0.0019040   -10000.00
        2263   0.0018960    -8600.00
        2264   0.0018880    -7600.00
        2265   0.0018800    -7000.00
        2266   0.0018720    -7000.00
        2267   0.0018640    -7800.00
        2268   0.0018560    -9000.00
        2269   0.0018480   -10200.00
        2270   0.0018400   -11400.00
        2271   0.0018320   -11800.00
        2272   0.0018240   -11600.00
        2273   0.0018160   -10800.00
        2274   0.0018080   -10000.00
        2275   0.0018000    -8600.00
        2276   0.0017920    -8200.00
        2277   0.0017840    -7600.00
        2278   0.0017760    -7600.00
        2279   0.0017680    -8600.00
        2280   0.0017600    -9400.00
        2281   0.0017520   -10200.00
        2282   0.0017440   -10800.00
        2283   0.0017360   -11000.00
        2284   0.0017280   -10800.00
        2285   0.0017200   -10000.00
        2286   0.0017120    -9000.00
        2287   0.0017040    -7800.00
        2288   0.0016960    -7000.00
        2289   0.0016880    -6800.00
        2290   0.0016800    -7400.00
        2291   0.0016720    -8000.00
        2292   0.0016640    -8600.00
        2293   0.0016560    -9200.00
        2294   0.0016480    -9200.00
        2295   0.0016400    -8400.00
        2296   0.0016320    -6800.00
        2297   0.0016240    -4400.00
        2298   0.0016160    -2000.00
        2299   0.0016080      200.00
        2300   0.0016000     1600.00
        2301   0.0015920     2200.00
        2302   0.0015840     2600.00
        2303   0.0015760     3000.00
        2304   0.0015680     3600.00
        2305   0.0015600     5200.00
        2306   0.0015520     6600.00
        2307   0.0015440     8400.00
        2308   0.0015360    10000.00
        2309   0.0015280    10800.00
        2310   0.0015200    11000.00
        2311   0.0015120    10800.00
        2312   0.0015040     9800.00
        2313   0.0014960     8400.00
        2314   0.0014880     7400.00
        2315   0.0014800     6800.00
        2316   0.0014720     7000.00
        2317   0.0014640     7600.00
        2318   0.0014560     8800.00
        2319   0.0014480    10000.00
        2320   0.0014400    11000.00
        2321   0.0014320    11600.00
        2322   0.0014240    11400.00
        2323   0.0014160    10600.00
        2324   0.0014080     9800.00
        2325   0.0014000     8400.00
        2326   0.0013920     7800.00
        2327   0.0013840     7600.00
        2328   0.0013760     7600.00
        2329   0.0013680     8400.00
        2330   0.0013600     9200.00
        2331   0.0013520    10200.00
        2332   0.0013440    10800.00
        2333   0.0013360    10800.00
        2334   0.0013280    10600.00
        2335   0.0013200     9800.00
        2336   0.0013120     8600.00
        2337   0.0013040     7600.00
        2338   0.0012960     7000.00
        2339   0.0012880     6800.00
        2340   0.0012800     7000.00
        2341   0.0012720     7600.00
        2342   0.0012640     8400.00
        2343   0.0012560     9000.00
        2344   0.0012480     9000.00
        2345   0.0012400     8400.00
        2346   0.0012320     6800.00
        2347   0.0012240     4400.00
        2348   0.0012160     1800.00
        2349   0.0012080     -200.00
        2350   0.0012000    -2000.00
        2351   0.0011920    -2800.00
        2352   0.0011840    -2800.00
        2353   0.0011760    -3400.00
        2354   0.0011680    -3800.00
        2355   0.0011600    -5000.00
        2356   0.0011520    -6800.00
        2357   0.0011440    -8400.00
        2358   0.0011360   -10000.00
        2359   0.0011280   -11200.00
        2360   0.0011200   -11400.00
        2361   0.0011120   -10800.00
        2362   0.0011040    -9800.00
        2363   0.0010960    -8600.00
        2364   0.0010880    -7600.00
        2365   0.0010800    -7000.00
        2366   0.0010720    -7000.00
        2367   0.0010640    -7800.00
        2368   0.0010560    -9000.00
        2369   0.0010480   -10200.00
        2370   0.0010400   -11200.00
        2371   0.0010320   -11800.00
        2372   0.0010240   -11600.00
        2373   0.0010160   -10800.00
        2374   0.0010080    -9800.00
        2375   0.0010000    -8600.00
        2376   0.0009920    -7800.00
        2377   0.0009840    -7600.00
        2378   0.0009760    -7800.00
        2379   0.0009680    -8600.00
        2380   0.0009600    -9800.00
        2381   0.0009520   -10600.00
        2382   0.0009440   -11000.00
        2383   0.0009360   -11000.00
        2384   0.0009280   -10800.00
        2385   0.0009200   -10000.00
        2386   0.0009120    -8800.00
        2387   0.0009040    -7800.00
        2388   0.0008960    -7400.00
        2389   0.0008880    -7000.00
        2390   0.0008800    -7400.00
        2391   0.0008720    -7800.00
        2392   0.0008640    -8600.00
        2393   0.0008560    -9200.00
        2394   0.0008480    -9200.00
        2395   0.0008400    -8400.00
        2396   0.0008320    -6800.00
        2397   0.0008240    -4400.00
        2398   0.0008160    -2000.00
        2399   0.0008080      200.00
        2400   0.0008000     1800.00
        2401   0.0007920     2400.00
        2402   0.0007840     2600.00
        2403   0.0007760     3000.00
        2404   0.0007680     3800.00
        2405   0.0007600     5000.00
        2406   0.0007520     6600.00
        2407   0.0007440     8400.00
        2408   0.0007360    10000.00
        2409   0.0007280    11000.00
        2410   0.0007200    11400.00
        2411   0.0007120    10600.00
        2412   0.0007040     9800.00
        2413   0.0006960     8400.00
        2414   0.0006880     7400.00
        2415   0.0006800     6800.00
        2416   0.0006720     7000.00
        2417   0.0006640     7800.00
        2418   0.0006560     9000.00
        2419   0.0006480    10200.00
        2420   0.0006400    11400.00
        2421   0.0006320    11800.00
        2422   0.0006240    11400.00
        2423   0.0006160    10800.00
        2424   0.0006080     9800.00
        2425   0.0006000     8600.00
        2426   0.0005920     7800.00
        2427   0.0005840     7400.00
        2428   0.0005760     7800.00
        2429   0.0005680     8400.00
        2430   0.0005600     9400.00
        2431   0.0005520    10600.00
        2432   0.0005440    10800.00
        2433   0.0005360    11000.00
        2434   0.0005280    10600.00
        2435   0.0005200     9600.00
        2436   0.0005120     8600.00
        2437   0.0005040     7800.00
        2438   0.0004960     7000.00
        2439   0.0004880     6800.00
        2440   0.0004800     7200.00
        2441   0.0004720     7800.00
        2442   0.0004640     8400.00
        2443   0.0004560     9000.00
        2444   0.0004480     9000.00
        2445   0.0004400     8200.00
        2446   0.0004320     6600.00
        2447   0.0004240     4200.00
        2448   0.0004160     1800.00
        2449   0.0004080     -600.00
        2450   0.0004000    -2000.00
        2451   0.0003920    -2800.00
        2452   0.0003840    -3000.00
        2453   0.0003760    -3400.00
        2454   0.0003680    -3800.00
        2455   0.0003600    -5200.00
        2456   0.0003520    -7000.00
        2457   0.0003440    -8600.00
        2458   0.0003360   -10200.00
        2459   0.0003280   -11200.00
        2460   0.0003200   -11400.00
        2461   0.0003120   -10800.00
        2462   0.0003040    -9800.00
        2463   0.0002960    -8600.00
        2464   0.0002880    -7400.00
        2465   0.0002800    -7000.00
        2466   0.0002720    -7000.00
        2467   0.0002640    -7800.00
        2468   0.0002560    -9200.00
        2469   0.0002480   -10400.00
        2470   0.0002400   -11600.00
        2471   0.0002320   -11600.00
        2472   0.0002240   -11800.00
        2473   0.0002160   -10800.00
        2474   0.0002080    -9800.00
        2475   0.0002000    -8600.00
        2476   0.0001920    -7800.00
        2477   0.0001840    -7600.00
        2478   0.0001760    -7800.00
        2479   0.0001680    -8600.00
        2480   0.0001600    -9600.00
        2481   0.0001520   -10400.00
        2482   0.0001440   -11000.00
        2483   0.0001360   -11000.00
        2484   0.0001280   -10600.00
        2485   0.0001200    -9600.00
        2486   0.0001120    -8600.00
        2487   0.0001040    -7600.00
        2488   0.0000960    -7000.00
        2489   0.0000880    -7000.00
        2490   0.0000800    -7400.00
        2491   0.0000720    -7800.00
        2492   0.0000640    -8600.00
        2493   0.0000560    -9200.00
        2494   0.0000480    -9200.00
        2495   0.0000400    -8600.00
        2496   0.0000320    -6600.00
        2497   0.0000240    -4200.00
        2498   0.0000160    -1800.00
        2499   0.0000080      400.00
        2500   0.0000000     1800.00
        2501  -0.0000080     2600.00
        2502  -0.0000160     2600.00
        2503  -0.0000240     3000.00
        2504  -0.0000320     3800.00
        2505  -0.0000400     5200.00
        2506  -0.0000480     6800.00
        2507  -0.0000560     8600.00
        2508  -0.0000640    10200.00
        2509  -0.0000720    11000.00
        2510  -0.0000800    11000.00
        2511  -0.0000880    10600.00
        2512  -0.0000960     9400.00
        2513  -0.0001040     8200.00
        2514  -0.0001120     7400.00
        2515  -0.0001200     6800.00
        2516  -0.0001280     7000.00
        2517  -0.0001360     7800.00
        2518  -0.0001440     9000.00
        2519  -0.0001520    10200.00
        2520  -0.0001600    11200.00
        2521  -0.0001680    11600.00
        2522  -0.0001760    11600.00
        2523  -0.0001840    10600.00
        2524  -0.0001920     9600.00
        2525  -0.0002000     8400.00
        2526  -0.0002080     7600.00
        2527  -0.0002160     7400.00
        2528  -0.0002240     7800.00
        2529  -0.0002320     8400.00
        2530  -0.0002400     9400.00
        2531  -0.0002480    10400.00
        2532  -0.0002560    10800.00
        2533  -0.0002640    11000.00
        2534  -0.0002720    10600.00
        2535  -0.0002800     9800.00
        2536  -0.0002880     8400.00
        2537  -0.0002960     7600.00
        2538  -0.0003040     7000.00
        2539  -0.0003120     6800.00
        2540  -0.0003200     7200.00
        2541  -0.0003280     7800.00
        2542  -0.0003360     8400.00
        2543  -0.0003440     9000.00
        2544  -0.0003520     9000.00
        2545  -0.0003600     8400.00
        2546  -0.0003680     6600.00
        2547  -0.0003760     4200.00
        2548  -0.0003840     1800.00
        2549  -0.0003920     -400.00
        2550  -0.0004000    -2000.00
        2551  -0.0004080    -2800.00
        2552  -0.0004160    -3000.00
        2553  -0.0004240    -3000.00
        2554  -0.0004320    -3800.00
        2555  -0.0004400    -5200.00
        2556  -0.0004480    -7000.00
        2557  -0.0004560    -8600.00
        2558  -0.0004640   -10200.00
        2559  -0.0004720   -11000.00
        2560  -0.0004800   -11400.00
        2561  -0.0004880   -10800.00
        2562  -0.0004960    -9600.00
        2563  -0.0005040    -8600.00
        2564  -0.0005120    -7400.00
        2565  -0.0005200    -7000.00
        2566  -0.0005280    -7000.00
        2567  -0.0005360    -7800.00
        2568  -0.0005440    -9200.00
        2569  -0.0005520   -10200.00
        2570  -0.0005600   -11400.00
        2571  -0.0005680   -11800.00
        2572  -0.0005760   -11600.00
        2573  -0.0005840   -10800.00
        2574  -0.0005920   -10000.00
        2575  -0.0006000    -8600.00
        2576  -0.0006080    -7800.00
        2577  -0.0006160    -7600.00
        2578  -0.0006240    -8000.00
        2579  -0.0006320    -8800.00
        2580  -0.0006400    -9600.00
        2581  -0.0006480   -10800.00
        2582  -0.0006560   -11000.00
        2583  -0.0006640   -11200.00
        2584  -0.0006720   -10600.00
        2585  -0.0006800   -10000.00
        2586  -0.0006880    -8600.00
        2587  -0.0006960    -7600.00
        2588  -0.0007040    -7200.00
        2589  -0.0007120    -7000.00
        2590  -0.0007200    -7400.00
        2591  -0.0007280    -8200.00
        2592  -0.0007360    -9000.00
        2593  -0.0007440    -9200.00
        2594  -0.0007520    -9200.00
        2595  -0.0007600    -8600.00
        2596  -0.0007680    -6600.00
        2597  -0.0007760    -4400.00
        2598  -0.0007840    -2000.00
        2599  -0.0007920      200.00
        2600  -0.0008000     1800.00
        2601  -0.0008080     2400.00
        2602  -0.0008160     2800.00
        2603  -0.0008240     3000.00
        2604  -0.0008320     3800.00
        2605  -0.0008400     5200.00
        2606  -0.0008480     6600.00
        2607  -0.0008560     8600.00
        2608  -0.0008640    10000.00
        2609  -0.0008720    10800.00
        2610  -0.0008800    11400.00
        2611  -0.0008880    10600.00
        2612  -0.0008960     9800.00
        2613  -0.0009040     8400.00
        2614  -0.0009120     7400.00
        2615  -0.0009200     6800.00
        2616  -0.0009280     7000.00
        2617  -0.0009360     7800.00
        2618  -0.0009440     9000.00
        2619  -0.0009520    10200.00
        2620  -0.0009600    11400.00
        2621  -0.0009680    11600.00
        2622  -0.0009760    11600.00
        2623  -0.0009840    10600.00
        2624  -0.0009920     9800.00
        2625  -0.0010000     8600.00
        2626  -0.0010080     7600.00
        2627  -0.0010160     7600.00
        2628  -0.0010240     7800.00
        2629  -0.0010320     8600.00
        2630  -0.0010400     9600.00
        2631  -0.0010480    10600.00
        2632  -0.0010560    10800.00
        2633  -0.0010640    11000.00
        2634  -0.0010720    10600.00
        2635  -0.0010800     9800.00
        2636  -0.0010880     8400.00
        2637  -0.0010960     7600.00
        2638  -0.0011040     7000.00
        2639  -0.0011120     6800.00
        2640  -0.0011200     7200.00
        2641  -0.0011280     7800.00
        2642  -0.0011360     8400.00
        2643  -0.0011440     9000.00
        2644  -0.0011520     9000.00
        2645  -0.0011600     8200.00
        2646  -0.0011680     6600.00
        2647  -0.0011760     4200.00
        2648  -0.0011840     1800.00
        2649  -0.0011920     -400.00
        2650  -0.0012000    -2000.00
        2651  -0.0012080    -2800.00
        2652  -0.0012160    -3000.00
        2653  -0.0012240    -3400.00
        2654  -0.0012320    -3800.00
        2655  -0.0012400    -5200.00
        2656  -0.0012480    -6800.00
        2657  -0.0012560    -8600.00
        2658  -0.0012640   -10200.00
        2659  -0.0012720   -11400.00
        2660  -0.0012800   -11400.00
        2661  -0.0012880   -10800.00
        2662  -0.0012960   -10000.00
        2663  -0.0013040    -8400.00
        2664  -0.0013120    -7600.00
        2665  -0.0013200    -7000.00
        2666  -0.0013280    -7400.00
        2667  -0.0013360    -8000.00
        2668  -0.0013440    -9200.00
        2669  -0.0013520   -10200.00
        2670  -0.0013600   -11400.00
        2671  -0.0013680   -11600.00
        2672  -0.0013760   -11600.00
        2673  -0.0013840   -10800.00
        2674  -0.0013920    -9800.00
        2675  -0.0014000    -8600.00
        2676  -0.0014080    -7800.00
        2677  -0.0014160    -7600.00
        2678  -0.0014240    -7800.00
        2679  -0.0014320    -8600.00
        2680  -0.0014400    -9800.00
        2681  -0.0014480   -10600.00
        2682  -0.0014560   -11000.00
        2683  -0.0014640   -11000.00
        2684  -0.0014720   -10600.00
        2685  -0.0014800    -9800.00
        2686  -0.0014880    -8600.00
        2687  -0.0014960    -7600.00
        2688  -0.0015040    -7000.00
        2689  -0.0015120    -7000.00
        2690  -0.0015200    -7200.00
        2691  -0.0015280    -8000.00
        2692  -0.0015360    -8600.00
        2693  -0.0015440    -9200.00
        2694  -0.0015520    -9200.00
        2695  -0.0015600    -8400.00
        2696  -0.0015680    -6600.00
        2697  -0.0015760    -4200.00
        2698  -0.0015840    -1800.00
        2699  -0.0015920      200.00
        2700  -0.0016000     1800.00
        2701  -0.0016080     2600.00
        2702  -0.0016160     2800.00
        2703  -0.0016240     3000.00
        2704  -0.0016320     3800.00
        2705  -0.0016400     5200.00
        2706  -0.0016480     6800.00
        2707  -0.0016560     8400.00
        2708  -0.0016640    10000.00
        2709  -0.0016720    11000.00
        2710  -0.0016800    11000.00
        2711  -0.0016880    10600.00
        2712  -0.0016960     9800.00
        2713  -0.0017040     8400.00
        2714  -0.0017120     7400.00
        2715  -0.0017200     6800.00
        2716  -0.0017280     7000.00
        2717  -0.0017360     7800.00
        2718  -0.0017440     9000.00
        2719  -0.0017520    10000.00
        2720  -0.0017600    11400.00
        2721  -0.0017680    11600.00
        2722  -0.0017760    11400.00
        2723  -0.0017840    10800.00
        2724  -0.0017920     9600.00
        2725  -0.0018000     8400.00
        2726  -0.0018080     7800.00
        2727  -0.0018160     7400.00
        2728  -0.0018240     7600.00
        2729  -0.0018320     8600.00
        2730  -0.0018400     9400.00
        2731  -0.0018480    10400.00
        2732  -0.0018560    10800.00
        2733  -0.0018640    11000.00
        2734  -0.0018720    10600.00
        2735  -0.0018800     9800.00
        2736  -0.0018880     8600.00
        2737  -0.0018960     7600.00
        2738  -0.0019040     7000.00
        2739  -0.0019120     6800.00
        2740  -0.0019200     7000.00
        2741  -0.0019280     7800.00
        2742  -0.0019360     8400.00
        2743  -0.0019440     9000.00
        2744  -0.0019520     9000.00
        2745  -0.0019600     8400.00
        2746  -0.0019680     6600.00
        2747  -0.0019760     4200.00
        2748  -0.0019840     1800.00
        2749  -0.0019920     -400.00
        2750  -0.0020000    -2000.00
        2751  -0.0020080    -2800.00
        2752  -0.0020160    -3000.00
        2753  -0.0020240    -3200.00
        2754  -0.0020320    -3800.00
        2755  -0.0020400    -5200.00
        2756  -0.0020480    -6800.00
        2757  -0.0020560    -8600.00
        2758  -0.0020640   -10200.00
        2759  -0.0020720   -11200.00
        2760  -0.0020800   -11400.00
        2761  -0.0020880   -10800.00
        2762  -0.0020960    -9600.00
        2763  -0.0021040    -8400.00
        2764  -0.0021120    -7400.00
        2765  -0.0021200    -7000.00
        2766  -0.0021280    -7000.00
        2767  -0.0021360    -7800.00
        2768  -0.0021440    -9200.00
        2769  -0.0021520   -10400.00
        2770  -0.0021600   -11400.00
        2771  -0.0021680   -11800.00
        2772  -0.0021760   -11600.00
        2773  -0.0021840   -11000.00
        2774  -0.0021920   -10000.00
        2775  -0.0022000    -8600.00
        2776  -0.0022080    -8000.00
        2777  -0.0022160    -7600.00
        2778  -0.0022240    -8200.00
        2779  -0.0022320    -8600.00
        2780  -0.0022400    -9800.00
        2781  -0.0022480   -10600.00
        2782  -0.0022560   -11400.00
        2783  -0.0022640   -11000.00
        2784  -0.0022720   -10800.00
        2785  -0.0022800    -9800.00
        2786  -0.0022880    -8600.00
        2787  -0.0022960    -7600.00
        2788  -0.0023040    -7000.00
        2789  -0.0023120    -7000.00
        2790  -0.0023200    -7600.00
        2791  -0.0023280    -8200.00
        2792  -0.0023360    -8600.00
        2793  -0.0023440    -9200.00
        2794  -0.0023520    -9400.00
        2795  -0.0023600    -8400.00
        2796  -0.0023680    -6600.00
        2797  -0.0023760    -4200.00
        2798  -0.0023840    -2000.00
        2799  -0.0023920      200.00
        2800  -0.0024000     1800.00
        2801  -0.0024080     2600.00
        2802  -0.0024160     2800.00
        2803  -0.0024240     3000.00
        2804  -0.0024320     3800.00
        2805  -0.0024400     5200.00
        2806  -0.0024480     6800.00
        2807  -0.0024560     8600.00
        2808  -0.0024640    10200.00
        2809  -0.0024720    11000.00
        2810  -0.0024800    11400.00
        2811  -0.0024880    10600.00
        2812  -0.0024960     9400.00
        2813  -0.0025040     8400.00
        2814  -0.0025120     7400.00
        2815  -0.0025200     6800.00
        2816  -0.0025280     7000.00
        2817  -0.0025360     7800.00
        2818  -0.0025440     9000.00
        2819  -0.0025520    10200.00
        2820  -0.0025600    11400.00
        2821  -0.0025680    11600.00
        2822  -0.0025760    11600.00
        2823  -0.0025840    10600.00
        2824  -0.0025920     9800.00
        2825  -0.0026000     8400.00
        2826  -0.0026080     7800.00
        2827  -0.0026160     7600.00
        2828  -0.0026240     7800.00
        2829  -0.0026320     8600.00
        2830  -0.0026400     9400.00
        2831  -0.0026480    10600.00
        2832  -0.0026560    11000.00
        2833  -0.0026640    10800.00
        2834  -0.0026720    10600.00
        2835  -0.0026800     9400.00
        2836  -0.0026880     8600.00
        2837  -0.0026960     7600.00
        2838  -0.0027040     6800.00
        2839  -0.0027120     6800.00
        2840  -0.0027200     7000.00
        2841  -0.0027280     7800.00
        2842  -0.0027360     8400.00
        2843  -0.0027440     9000.00
        2844  -0.0027520     9000.00
        2845  -0.0027600     8200.00
        2846  -0.0027680     6600.00
        2847  -0.0027760     4000.00
        2848  -0.0027840     1800.00
        2849  -0.0027920     -600.00
        2850  -0.0028000    -2000.00
        2851  -0.0028080    -2800.00
        2852  -0.0028160    -3000.00
        2853  -0.0028240    -3400.00
        2854  -0.0028320    -4000.00
        2855  -0.0028400    -5200.00
        2856  -0.0028480    -6800.00
        2857  -0.0028560    -8600.00
        2858  -0.0028640   -10200.00
        2859  -0.0028720   -11200.00
        2860  -0.0028800   -11400.00
        2861  -0.0028880   -10800.00
        2862  -0.0028960    -9600.00
        2863  -0.0029040    -8600.00
        2864  -0.0029120    -7600.00
        2865  -0.0029200    -7000.00
        2866  -0.0029280    -7000.00
        2867  -0.0029360    -7800.00
        2868  -0.0029440    -9200.00
        2869  -0.0029520   -10400.00
        2870  -0.0029600   -11400.00
        2871  -0.0029680   -11800.00
        2872  -0.0029760   -11600.00
        2873  -0.0029840   -10800.00
        2874  -0.0029920    -9600.00
        2875  -0.0030000    -8600.00
        2876  -0.0030080    -7800.00
        2877  -0.0030160    -7600.00
        2878  -0.0030240    -7800.00
        2879  -0.0030320    -8600.00
        2880  -0.0030400    -9400.00
        2881  -0.0030480   -10600.00
        2882  -0.0030560   -11000.00
        2883  -0.0030640   -11000.00
        2884  -0.0030720   -10600.00
        2885  -0.0030800    -9800.00
        2886  -0.0030880    -9000.00
        2887  -0.0030960    -7600.00
        2888  -0.0031040    -7000.00
        2889  -0.0031120    -7000.00
        2890  -0.0031200    -7200.00
        2891  -0.0031280    -8200.00
        2892  -0.0031360    -8600.00
        2893  -0.0031440    -9200.00
        2894  -0.0031520    -9200.00
        2895  -0.0031600    -8400.00
        2896  -0.0031680    -6600.00
        2897  -0.0031760    -4200.00
        2898  -0.0031840    -1600.00
        2899  -0.0031920      400.00
        2900  -0.0032000     1800.00
        2901  -0.0032080     2400.00
        2902  -0.0032160     2800.00
        2903  -0.0032240     3000.00
        2904  -0.0032320     3600.00
        2905  -0.0032400     5200.00
        2906  -0.0032480     6600.00
        2907  -0.0032560     8400.00
        2908  -0.0032640    10000.00
        2909  -0.0032720    11000.00
        2910  -0.0032800    11200.00
        2911  -0.0032880    10600.00
        2912  -0.0032960     9400.00
        2913  -0.0033040     8200.00
        2914  -0.0033120     7400.00
        2915  -0.0033200     6800.00
        2916  -0.0033280     6800.00
        2917  -0.0033360     7800.00
        2918  -0.0033440     9000.00
        2919  -0.0033520    10200.00
        2920  -0.0033600    11400.00
        2921  -0.0033680    11600.00
        2922  -0.0033760    11600.00
        2923  -0.0033840    10600.00
        2924  -0.0033920     9600.00
        2925  -0.0034000     8400.00
        2926  -0.0034080     7600.00
        2927  -0.0034160     7400.00
        2928  -0.0034240     7800.00
        2929  -0.0034320     8400.00
        2930  -0.0034400     9400.00
        2931  -0.0034480    10400.00
        2932  -0.0034560    10800.00
        2933  -0.0034640    10800.00
        2934  -0.0034720    10600.00
        2935  -0.0034800     9800.00
        2936  -0.0034880     8400.00
        2937  -0.0034960     7600.00
        2938  -0.0035040     7000.00
        2939  -0.0035120     6800.00
        2940  -0.0035200     7400.00
        2941  -0.0035280     7800.00
        2942  -0.0035360     8600.00
        2943  -0.0035440     9000.00
        2944  -0.0035520     9000.00
        2945  -0.0035600     8400.00
        2946  -0.0035680     6600.00
        2947  -0.0035760     4200.00
        2948  -0.0035840     1800.00
        2949  -0.0035920     -400.00
        2950  -0.0036000    -2000.00
        2951  -0.0036080    -2800.00
        2952  -0.0036160    -3000.00
        2953  -0.0036240    -3000.00
        2954  -0.0036320    -3800.00
        2955  -0.0036400    -5200.00
        2956  -0.0036480    -7000.00
        2957  -0.0036560    -8600.00
        2958  -0.0036640   -10200.00
        2959  -0.0036720   -11400.00
        2960  -0.0036800   -11400.00
        2961  -0.0036880   -10800.00
        2962  -0.0036960    -9800.00
        2963  -0.0037040    -8400.00
        2964  -0.0037120    -7400.00
        2965  -0.0037200    -7000.00
        2966  -0.0037280    -7400.00
        2967  -0.0037360    -8000.00
        2968  -0.0037440    -9000.00
        2969  -0.0037520   -10600.00
        2970  -0.0037600   -11600.00
        2971  -0.0037680   -11800.00
        2972  -0.0037760   -11600.00
        2973  -0.0037840   -10800.00
        2974  -0.0037920    -9800.00
        2975  -0.0038000    -8600.00
        2976  -0.0038080    -7800.00
        2977  -0.0038160    -7600.00
        2978  -0.0038240    -7800.00
        2979  -0.0038320    -8600.00
        2980  -0.0038400    -9800.00
        2981  -0.0038480   -10600.00
        2982  -0.0038560   -11000.00
        2983  -0.0038640   -11400.00
        2984  -0.0038720   -10600.00
        2985  -0.0038800    -9800.00
        2986  -0.0038880    -8600.00
        2987  -0.0038960    -7800.00
        2988  -0.0039040    -7200.00
        2989  -0.0039120    -7000.00
        2990  -0.0039200    -7600.00
        2991  -0.0039280    -8200.00
        2992  -0.0039360    -8600.00
        2993  -0.0039440    -9200.00
        2994  -0.0039520    -9200.00
        2995  -0.0039600    -8400.00
        2996  -0.0039680    -6600.00
        2997  -0.0039760    -4200.00
        2998  -0.0039840    -1800.00
        2999  -0.0039920      400.00
        3000  -0.0040000     1800.00
        3001  -0.0040080     2400.00
        3002  -0.0040160     2800.00
        3003  -0.0040240     3000.00
        3004  -0.0040320     3800.00
        3005  -0.0040400     5200.00
        3006  -0.0040480     7000.00
        3007  -0.0040560     8400.00
        3008  -0.0040640    10200.00
        3009  -0.0040720    11000.00
        3010  -0.0040800    11400.00
        3011  -0.0040880    10600.00
        3012  -0.0040960     9600.00
        3013  -0.0041040     8400.00
        3014  -0.0041120     7400.00
        3015  -0.0041200     6800.00
        3016  -0.0041280     7000.00
        3017  -0.0041360     7800.00
        3018  -0.0041440     9000.00
        3019  -0.0041520    10400.00
        3020  -0.0041600    11400.00
        3021  -0.0041680    11600.00
        3022  -0.0041760    11600.00
        3023  -0.0041840    10600.00
        3024  -0.0041920     9800.00
        3025  -0.0042000     8400.00
        3026  -0.0042080     7800.00
        3027  -0.0042160     7400.00
        3028  -0.0042240     7600.00
        3029  -0.0042320     8400.00
        3030  -0.0042400     9400.00
        3031  -0.0042480    10200.00
        3032  -0.0042560    10800.00
        3033  -0.0042640    10800.00
        3034  -0.0042720    10600.00
        3035  -0.0042800     9600.00
        3036  -0.0042880     8400.00
        3037  -0.0042960     7600.00
        3038  -0.0043040     7000.00
        3039  -0.0043120     6800.00
        3040  -0.0043200     7000.00
        3041  -0.0043280     7800.00
        3042  -0.0043360     8400.00
        3043  -0.0043440     9000.00
        3044  -0.0043520     9000.00
        3045  -0.0043600     8200.00
        3046  -0.0043680     6600.00
        3047  -0.0043760     4200.00
        3048  -0.0043840     1800.00
        3049  -0.0043920     -600.00
        3050  -0.0044000    -2000.00
        3051  -0.0044080    -2800.00
        3052  -0.0044160    -3000.00
        3053  -0.0044240    -3200.00
        3054  -0.0044320    -4200.00
        3055  -0.0044400    -5400.00
        3056  -0.0044480    -7000.00
        3057  -0.0044560    -8600.00
        3058  -0.0044640   -10200.00
        3059  -0.0044720   -11400.00
        3060  -0.0044800   -11400.00
        3061  -0.0044880   -10800.00
        3062  -0.0044960    -9800.00
        3063  -0.0045040    -8600.00
        3064  -0.0045120    -7600.00
        3065  -0.0045200    -7000.00
        3066  -0.0045280    -7000.00
        3067  -0.0045360    -8000.00
        3068  -0.0045440    -9200.00
        3069  -0.0045520   -10200.00
        3070  -0.0045600   -11400.00
        3071  -0.0045680   -11800.00
        3072  -0.0045760   -11600.00
        3073  -0.0045840   -10800.00
        3074  -0.0045920    -9600.00
        3075  -0.0046000    -8600.00
        3076  -0.0046080    -7800.00
        3077  -0.0046160    -7600.00
        3078  -0.0046240    -7800.00
        3079  -0.0046320    -8600.00
        3080  -0.0046400    -9800.00
        3081  -0.0046480   -10600.00
        3082  -0.0046560   -11000.00
        3083  -0.0046640   -11000.00
        3084  -0.0046720   -10600.00
        3085  -0.0046800    -9600.00
        3086  -0.0046880    -8600.00
        3087  -0.0046960    -7600.00
        3088  -0.0047040    -7000.00
        3089  -0.0047120    -7000.00
        3090  -0.0047200    -7400.00
        3091  -0.0047280    -7800.00
        3092  -0.0047360    -8600.00
        3093  -0.0047440    -9200.00
        3094  -0.0047520    -9000.00
        3095  -0.0047600    -8400.00
        3096  -0.0047680    -6600.00
        3097  -0.0047760    -4400.00
        3098  -0.0047840    -1800.00
        3099  -0.0047920      200.00
        3100  -0.0048000     1800.00
        3101  -0.0048080     2400.00
        3102  -0.0048160     2600.00
        3103  -0.0048240     3000.00
        3104  -0.0048320     3800.00
        3105  -0.0048400     5200.00
        3106  -0.0048480     6600.00
        3107  -0.0048560     8400.00
        3108  -0.0048640    10000.00
        3109  -0.0048720    11000.00
        3110  -0.0048800    11200.00
        3111  -0.0048880    10600.00
        3112  -0.0048960     9800.00
        3113  -0.0049040     8400.00
        3114  -0.0049120     7400.00
        3115  -0.0049200     6800.00
        3116  -0.0049280     7000.00
        3117  -0.0049360     7800.00
        3118  -0.0049440     9000.00
        3119  -0.0049520    10000.00
        3120  -0.0049600    11400.00
        3121  -0.0049680    11600.00
        3122  -0.0049760    11600.00
        3123  -0.0049840    10600.00
        3124  -0.0049920     9600.00
        3125  -0.0050000     8600.00
        3126  -0.0050080     7800.00
        3127  -0.0050160     7400.00
        3128  -0.0050240     7800.00
        3129  -0.0050320     8600.00
        3130  -0.0050400     9200.00
        3131  -0.0050480    10600.00
        3132  -0.0050560    10800.00
        3133  -0.0050640    11000.00
        3134  -0.0050720    10600.00
        3135  -0.0050800     9800.00
        3136  -0.0050880     8400.00
        3137  -0.0050960     7600.00
        3138  -0.0051040     7000.00
        3139  -0.0051120     6800.00
        3140  -0.0051200     7200.00
        3141  -0.0051280     7800.00
        3142  -0.0051360     8400.00
        3143  -0.0051440     9000.00
        3144  -0.0051520     9000.00
        3145  -0.0051600     8400.00
        3146  -0.0051680     6600.00
        3147  -0.0051760     4200.00
        3148  -0.0051840     1800.00
        3149  -0.0051920     -400.00
        3150  -0.0052000    -1800.00
        3151  -0.0052080    -2800.00
        3152  -0.0052160    -2800.00
        3153  -0.0052240    -3200.00
        3154  -0.0052320    -3800.00
        3155  -0.0052400    -5200.00
        3156  -0.0052480    -6800.00
        3157  -0.0052560    -8600.00
        3158  -0.0052640   -10200.00
        3159  -0.0052720   -11000.00
        3160  -0.0052800   -11400.00
        3161  -0.0052880   -10800.00
        3162  -0.0052960    -9800.00
        3163  -0.0053040    -8600.00
        3164  -0.0053120    -7600.00
        3165  -0.0053200    -7000.00
        3166  -0.0053280    -7000.00
        3167  -0.0053360    -7800.00
        3168  -0.0053440    -9200.00
        3169  -0.0053520   -10400.00
        3170  -0.0053600   -11400.00
        3171  -0.0053680   -11800.00
        3172  -0.0053760   -11600.00
        3173  -0.0053840   -10800.00
        3174  -0.0053920    -9800.00
        3175  -0.0054000    -8600.00
        3176  -0.0054080    -7800.00
        3177  -0.0054160    -7600.00
        3178  -0.0054240    -7800.00
        3179  -0.0054320    -8600.00
        3180  -0.0054400    -9600.00
        3181  -0.0054480   -10800.00
        3182  -0.0054560   -11000.00
        3183  -0.0054640   -11400.00
        3184  -0.0054720   -10800.00
        3185  -0.0054800    -9800.00
        3186  -0.0054880    -8800.00
        3187  -0.0054960    -7600.00
        3188  -0.0055040    -7000.00
        3189  -0.0055120    -7000.00
        3190  -0.0055200    -7400.00
        3191  -0.0055280    -8000.00
        3192  -0.0055360    -8600.00
        3193  -0.0055440    -9200.00
        3194  -0.0055520    -9200.00
        3195  -0.0055600    -8600.00
        3196  -0.0055680    -6800.00
        3197  -0.0055760    -4200.00
        3198  -0.0055840    -1800.00
        3199  -0.0055920      400.00
        3200  -0.0056000     1800.00
        3201  -0.0056080     2600.00
        3202  -0.0056160     2800.00
        3203  -0.0056240     3000.00
        3204  -0.0056320     4000.00
        3205  -0.0056400     5200.00
        3206  -0.0056480     6800.00
        3207  -0.0056560     8600.00
        3208  -0.0056640    10000.00
        3209  -0.0056720    11200.00
        3210  -0.0056800    11200.00
        3211  -0.0056880    10600.00
        3212  -0.0056960     9800.00
        3213  -0.0057040     8400.00
        3214  -0.0057120     7400.00
        3215  -0.0057200     6800.00
        3216  -0.0057280     7200.00
        3217  -0.0057360     7800.00
        3218  -0.0057440     9000.00
        3219  -0.0057520    10200.00
        3220  -0.0057600    11400.00
        3221  -0.0057680    11600.00
        3222  -0.0057760    11400.00
        3223  -0.0057840    10800.00
        3224  -0.0057920     9600.00
        3225  -0.0058000     8400.00
        3226  -0.0058080     7600.00
        3227  -0.0058160     7400.00
        3228  -0.0058240     7600.00
        3229  -0.0058320     8400.00
        3230  -0.0058400     9400.00
        3231  -0.0058480    10600.00
        3232  -0.0058560    10800.00
        3233  -0.0058640    11000.00
        3234  -0.0058720    10600.00
        3235  -0.0058800     9400.00
        3236  -0.0058880     8600.00
        3237  -0.0058960     7600.00
        3238  -0.0059040     7000.00
        3239  -0.0059120     6800.00
        3240  -0.0059200     7000.00
        3241  -0.0059280     7600.00
        3242  -0.0059360     8400.00
        3243  -0.0059440     9000.00
        3244  -0.0059520     9000.00
        3245  -0.0059600     8200.00
        3246  -0.0059680     6400.00
        3247  -0.0059760     4200.00
        3248  -0.0059840     1800.00
        3249  -0.0059920     -400.00
        3250  -0.0060000    -2000.00
        3251  -0.0060080    -2800.00
        3252  -0.0060160    -3000.00
        3253  -0.0060240    -3400.00
        3254  -0.0060320    -3800.00
        3255  -0.0060400    -5200.00
        3256  -0.0060480    -6800.00
        3257  -0.0060560    -8600.00
        3258  -0.0060640   -10200.00
        3259  -0.0060720   -11200.00
        3260  -0.0060800   -11400.00
        3261  -0.0060880   -10800.00
        3262  -0.0060960    -9800.00
        3263  -0.0061040    -8600.00
        3264  -0.0061120    -7600.00
        3265  -0.0061200    -7000.00
        3266  -0.0061280    -7000.00
        3267  -0.0061360    -8200.00
        3268  -0.0061440    -9200.00
        3269  -0.0061520   -10400.00
        3270  -0.0061600   -11400.00
        3271  -0.0061680   -11800.00
        3272  -0.0061760   -11600.00
        3273  -0.0061840   -10800.00
        3274  -0.0061920    -9800.00
        3275  -0.0062000    -8600.00
        3276  -0.0062080    -7800.00
        3277  -0.0062160    -7600.00
        3278  -0.0062240    -7800.00
        3279  -0.0062320    -8600.00
        3280  -0.0062400    -9400.00
        3281  -0.0062480   -10600.00
        3282  -0.0062560   -11000.00
        3283  -0.0062640   -11000.00
        3284  -0.0062720   -10600.00
        3285  -0.0062800    -9800.00
        3286  -0.0062880    -8600.00
        3287  -0.0062960    -7600.00
        3288  -0.0063040    -7000.00
        3289  -0.0063120    -7000.00
        3290  -0.0063200    -7400.00
        3291  -0.0063280    -8200.00
        3292  -0.0063360    -8600.00
        3293  -0.0063440    -9200.00
        3294  -0.0063520    -9200.00
        3295  -0.0063600    -8600.00
        3296  -0.0063680    -6600.00
        3297  -0.0063760    -4400.00
        3298  -0.0063840    -2000.00
        3299  -0.0063920      400.00
        3300  -0.0064000     1800.00
        3301  -0.0064080     2200.00
        3302  -0.0064160     2800.00
        3303  -0.0064240     3000.00
        3304  -0.0064320     3600.00
        3305  -0.0064400     5200.00
        3306  -0.0064480     6800.00
        3307  -0.0064560     8400.00
        3308  -0.0064640    10000.00
        3309  -0.0064720    11000.00
        3310  -0.0064800    11000.00
        3311  -0.0064880    10600.00
        3312  -0.0064960     9600.00
        3313  -0.0065040     8400.00
        3314  -0.0065120     7400.00
        3315  -0.0065200     6800.00
        3316  -0.0065280     7000.00
        3317  -0.0065360     7800.00
        3318  -0.0065440     9000.00
        3319  -0.0065520    10200.00
        3320  -0.0065600    11000.00
        3321  -0.0065680    11600.00
        3322  -0.0065760    11400.00
        3323  -0.0065840    10600.00
        3324  -0.0065920     9400.00
        3325  -0.0066000     8600.00
        3326  -0.0066080     7600.00
        3327  -0.0066160     7400.00
        3328  -0.0066240     7800.00
        3329  -0.0066320     8400.00
        3330  -0.0066400     9400.00
        3331  -0.0066480    10600.00
        3332  -0.0066560    11000.00
        3333  -0.0066640    10800.00
        3334  -0.0066720    10600.00
        3335  -0.0066800     9800.00
        3336  -0.0066880     8600.00
        3337  -0.0066960     7600.00
        3338  -0.0067040     7000.00
        3339  -0.0067120     6800.00
        3340  -0.0067200     7000.00
        3341  -0.0067280     7800.00
        3342  -0.0067360     8400.00
        3343  -0.0067440     9000.00
        3344  -0.0067520     9000.00
        3345  -0.0067600     8400.00
        3346  -0.0067680     6600.00
        3347  -0.0067760     4200.00
        3348  -0.0067840     1800.00
        3349  -0.0067920     -400.00
        3350  -0.0068000    -1800.00
        3351  -0.0068080    -2800.00
        3352  -0.0068160    -3000.00
        3353  -0.0068240    -3000.00
        3354  -0.0068320    -4000.00
        3355  -0.0068400    -5200.00
        3356  -0.0068480    -7000.00
        3357  -0.0068560    -8600.00
        3358  -0.0068640   -10200.00
        3359  -0.0068720   -11200.00
        3360  -0.0068800   -11400.00
        3361  -0.0068880   -10800.00
        3362  -0.0068960    -9800.00
        3363  -0.0069040    -8600.00
        3364  -0.0069120    -7600.00
        3365  -0.0069200    -7000.00
        3366  -0.0069280    -7000.00
        3367  -0.0069360    -8000.00
        3368  -0.0069440    -9200.00
        3369  -0.0069520   -10600.00
        3370  -0.0069600   -11400.00
        3371  -0.0069680   -11800.00
        3372  -0.0069760   -11600.00
        3373  -0.0069840   -11000.00
        3374  -0.0069920    -9800.00
        3375  -0.0070000    -9000.00
        3376  -0.0070080    -7800.00
        3377  -0.0070160    -7600.00
        3378  -0.0070240    -7800.00
        3379  -0.0070320    -8600.00
        3380  -0.0070400    -9800.00
        3381  -0.0070480   -10600.00
        3382  -0.0070560   -11200.00
        3383  -0.0070640   -11000.00
        3384  -0.0070720   -10600.00
        3385  -0.0070800    -9800.00
        3386  -0.0070880    -8600.00
        3387  -0.0070960    -7600.00
        3388  -0.0071040    -7000.00
        3389  -0.0071120    -7000.00
        3390  -0.0071200    -7400.00
        3391  -0.0071280    -8200.00
        3392  -0.0071360    -8600.00
        3393  -0.0071440    -9200.00
        3394  -0.0071520    -9200.00
        3395  -0.0071600    -8400.00
        3396  -0.0071680    -6600.00
        3397  -0.0071760    -4200.00
        3398  -0.0071840    -1800.00
        3399  -0.0071920      200.00
        3400  -0.0072000     1800.00
        3401  -0.0072080     2600.00
        3402  -0.0072160     2600.00
        3403  -0.0072240     3200.00
        3404  -0.0072320     3800.00
        3405  -0.0072400     5200.00
        3406  -0.0072480     6800.00
        3407  -0.0072560     8600.00
        3408  -0.0072640    10000.00
        3409  -0.0072720    11000.00
        3410  -0.0072800    11400.00
        3411  -0.0072880    10600.00
        3412  -0.0072960     9600.00
        3413  -0.0073040     8400.00
        3414  -0.0073120     7400.00
        3415  -0.0073200     6800.00
        3416  -0.0073280     7000.00
        3417  -0.0073360     8000.00
        3418  -0.0073440     9000.00
        3419  -0.0073520    10600.00
        3420  -0.0073600    11400.00
        3421  -0.0073680    11600.00
        3422  -0.0073760    11600.00
        3423  -0.0073840    10600.00
        3424  -0.0073920     9600.00
        3425  -0.0074000     8400.00
        3426  -0.0074080     7600.00
        3427  -0.0074160     7400.00
        3428  -0.0074240     7600.00
        3429  -0.0074320     8400.00
        3430  -0.0074400     9400.00
        3431  -0.0074480    10400.00
        3432  -0.0074560    10800.00
        3433  -0.0074640    10800.00
        3434  -0.0074720    10200.00
        3435  -0.0074800     9800.00
        3436  -0.0074880     8400.00
        3437  -0.0074960     7600.00
        3438  -0.0075040     6800.00
        3439  -0.0075120     6800.00
        3440  -0.0075200     7000.00
        3441  -0.0075280     7800.00
        3442  -0.0075360     8400.00
        3443  -0.0075440     9000.00
        3444  -0.0075520     9000.00
        3445  -0.0075600     8200.00
        3446  -0.0075680     6600.00
        3447  -0.0075760     4200.00
        3448  -0.0075840     1400.00
        3449  -0.0075920     -400.00
        3450  -0.0076000    -2000.00
        3451  -0.0076080    -2800.00
        3452  -0.0076160    -3000.00
        3453  -0.0076240    -3400.00
        3454  -0.0076320    -3800.00
        3455  -0.0076400    -5200.00
        3456  -0.0076480    -6800.00
        3457  -0.0076560    -8600.00
        3458  -0.0076640   -10200.00
        3459  -0.0076720   -11000.00
        3460  -0.0076800   -11400.00
        3461  -0.0076880   -10800.00
        3462  -0.0076960    -9800.00
        3463  -0.0077040    -8400.00
        3464  -0.0077120    -7600.00
        3465  -0.0077200    -7000.00
        3466  -0.0077280    -7000.00
        3467  -0.0077360    -7800.00
        3468  -0.0077440    -9200.00
        3469  -0.0077520   -10200.00
        3470  -0.0077600   -11400.00
        3471  -0.0077680   -11800.00
        3472  -0.0077760   -11400.00
        3473  -0.0077840   -10800.00
        3474  -0.0077920    -9800.00
        3475  -0.0078000    -8600.00
        3476  -0.0078080    -7800.00
        3477  -0.0078160    -7600.00
        3478  -0.0078240    -7800.00
        3479  -0.0078320    -8600.00
        3480  -0.0078400    -9600.00
        3481  -0.0078480   -10600.00
        3482  -0.0078560   -11000.00
        3483  -0.0078640   -11000.00
        3484  -0.0078720   -10600.00
        3485  -0.0078800    -9800.00
        3486  -0.0078880    -8600.00
        3487  -0.0078960    -7800.00
        3488  -0.0079040    -7000.00
        3489  -0.0079120    -7000.00
        3490  -0.0079200    -7400.00
        3491  -0.0079280    -8200.00
        3492  -0.0079360    -8600.00
        3493  -0.0079440    -9200.00
        3494  -0.0079520    -9000.00
        3495  -0.0079600    -8400.00
        3496  -0.0079680    -6600.00
        3497  -0.0079760    -4200.00
        3498  -0.0079840    -1800.00
        3499  -0.0079920      200.00
        3500  -0.0080000     1600.00
        3501  -0.0080080     2600.00
        3502  -0.0080160     2600.00
        3503  -0.0080240     3000.00
        3504  -0.0080320     3800.00
        3505  -0.0080400     5200.00
        3506  -0.0080480     6800.00
        3507  -0.0080560     8400.00
        3508  -0.0080640    10000.00
        3509  -0.0080720    10800.00
        3510  -0.0080800    11400.00
        3511  -0.0080880    10600.00
        3512  -0.0080960     9400.00
        3513  -0.0081040     8400.00
        3514  -0.0081120     7200.00
        3515  -0.0081200     6800.00
        3516  -0.0081280     7000.00
        3517  -0.0081360     7800.00
        3518  -0.0081440     9000.00
        3519  -0.0081520    10600.00
        3520  -0.0081600    11000.00
        3521  -0.0081680    11600.00
        3522  -0.0081760    11600.00
        3523  -0.0081840    10600.00
        3524  -0.0081920     9600.00
        3525  -0.0082000     8400.00
        3526  -0.0082080     7800.00
        3527  -0.0082160     7400.00
        3528  -0.0082240     7800.00
        3529  -0.0082320     8600.00
        3530  -0.0082400     9400.00
        3531  -0.0082480    10400.00
        3532  -0.0082560    11000.00
        3533  -0.0082640    11000.00
        3534  -0.0082720    10600.00
        3535  -0.0082800     9800.00
        3536  -0.0082880     8600.00
        3537  -0.0082960     7600.00
        3538  -0.0083040     7000.00
        3539  -0.0083120     7000.00
        3540  -0.0083200     7200.00
        3541  -0.0083280     7800.00
        3542  -0.0083360     8600.00
        3543  -0.0083440     9000.00
        3544  -0.0083520     9200.00
        3545  -0.0083600     8200.00
        3546  -0.0083680     6600.00
        3547  -0.0083760     4200.00
        3548  -0.0083840     1800.00
        3549  -0.0083920     -400.00
        3550  -0.0084000    -2000.00
        3551  -0.0084080    -2800.00
        3552  -0.0084160    -3000.00
        3553  -0.0084240    -3200.00
        3554  -0.0084320    -4000.00
        3555  -0.0084400    -5200.00
        3556  -0.0084480    -6800.00
        3557  -0.0084560    -8600.00
        3558  -0.0084640   -10200.00
        3559  -0.0084720   -11200.00
        3560  -0.0084800   -11400.00
        3561  -0.0084880   -10800.00
        3562  -0.0084960    -9800.00
        3563  -0.0085040    -8600.00
        3564  -0.0085120    -7600.00
        3565  -0.0085200    -6800.00
        3566  -0.0085280    -7200.00
        3567  -0.0085360    -8200.00
        3568  -0.0085440    -9200.00
        3569  -0.0085520   -10400.00
        3570  -0.0085600   -11600.00
        3571  -0.0085680   -11600.00
        3572  -0.0085760   -11600.00
        3573  -0.0085840   -10800.00
        3574  -0.0085920    -9800.00
        3575  -0.0086000    -8800.00
        3576  -0.0086080    -7800.00
        3577  -0.0086160    -7600.00
        3578  -0.0086240    -7800.00
        3579  -0.0086320    -8600.00
        3580  -0.0086400    -9600.00
        3581  -0.0086480   -10600.00
        3582  -0.0086560   -11000.00
        3583  -0.0086640   -11000.00
        3584  -0.0086720   -10600.00
        3585  -0.0086800    -9800.00
        3586  -0.0086880    -8600.00
        3587  -0.0086960    -7600.00
        3588  -0.0087040    -7000.00
        3589  -0.0087120    -7000.00
        3590  -0.0087200    -7600.00
        3591  -0.0087280    -7800.00
        3592  -0.0087360    -8600.00
        3593  -0.0087440    -9200.00
        3594  -0.0087520    -9200.00
        3595  -0.0087600    -8400.00
        3596  -0.0087680    -6600.00
        3597  -0.0087760    -4400.00
        3598  -0.0087840    -1800.00
        3599  -0.0087920      400.00
        3600  -0.0088000     1800.00
        3601  -0.0088080     2600.00
        3602  -0.0088160     2800.00
        3603  -0.0088240     3000.00
        3604  -0.0088320     3800.00
        3605  -0.0088400     5200.00
        3606  -0.0088480     6800.00
        3607  -0.0088560     8400.00
        3608  -0.0088640    10000.00
        3609  -0.0088720    11000.00
        3610  -0.0088800    11200.00
        3611  -0.0088880    10600.00
        3612  -0.0088960     9800.00
        3613  -0.0089040     8400.00
        3614  -0.0089120     7400.00
        3615  -0.0089200     6800.00
        3616  -0.0089280     7000.00
        3617  -0.0089360     7800.00
        3618  -0.0089440     9000.00
        3619  -0.0089520    10200.00
        3620  -0.0089600    11200.00
        3621  -0.0089680    11600.00
        3622  -0.0089760    11400.00
        3623  -0.0089840    10800.00
        3624  -0.0089920     9800.00
        3625  -0.0090000     8600.00
        3626  -0.0090080     7800.00
        3627  -0.0090160     7400.00
        3628  -0.0090240     7600.00
        3629  -0.0090320     8400.00
        3630  -0.0090400     9400.00
        3631  -0.0090480    10200.00
        3632  -0.0090560    10800.00
        3633  -0.0090640    10800.00
        3634  -0.0090720    10600.00
        3635  -0.0090800     9600.00
        3636  -0.0090880     8400.00
        3637  -0.0090960     7600.00
        3638  -0.0091040     7000.00
        3639  -0.0091120     6800.00
        3640  -0.0091200     7200.00
        3641  -0.0091280     7600.00
        3642  -0.0091360     8400.00
        3643  -0.0091440     9000.00
        3644  -0.0091520     9000.00
        3645  -0.0091600     8400.00
        3646  -0.0091680     6600.00
        3647  -0.0091760     4200.00
        3648  -0.0091840     1800.00
        3649  -0.0091920     -400.00
        3650  -0.0092000    -2000.00
        3651  -0.0092080    -2800.00
        3652  -0.0092160    -3000.00
        3653  -0.0092240    -3200.00
        3654  -0.0092320    -4200.00
        3655  -0.0092400    -5200.00
        3656  -0.0092480    -6800.00
        3657  -0.0092560    -8600.00
        3658  -0.0092640   -10200.00
        3659  -0.0092720   -11000.00
        3660  -0.0092800   -11400.00
        3661  -0.0092880   -10800.00
        3662  -0.0092960    -9600.00
        3663  -0.0093040    -8600.00
        3664  -0.0093120    -7600.00
        3665  -0.0093200    -6800.00
        3666  -0.0093280    -7000.00
        3667  -0.0093360    -7800.00
        3668  -0.0093440    -9200.00
        3669  -0.0093520   -10200.00
        3670  -0.0093600   -11400.00
        3671  -0.0093680   -11800.00
        3672  -0.0093760   -11600.00
        3673  -0.0093840   -10800.00
        3674  -0.0093920    -9800.00
        3675  -0.0094000    -8600.00
        3676  -0.0094080    -7800.00
        3677  -0.0094160    -7600.00
        3678  -0.0094240    -7800.00
        3679  -0.0094320    -8600.00
        3680  -0.0094400    -9600.00
        3681  -0.0094480   -10800.00
        3682  -0.0094560   -11000.00
        3683  -0.0094640   -11000.00
        3684  -0.0094720   -10800.00
        3685  -0.0094800    -9800.00
        3686  -0.0094880    -8600.00
        3687  -0.0094960    -7800.00
        3688  -0.0095040    -7000.00
        3689  -0.0095120    -7000.00
        3690  -0.0095200    -7400.00
        3691  -0.0095280    -8200.00
        3692  -0.0095360    -8600.00
        3693  -0.0095440    -9200.00
        3694  -0.0095520    -9200.00
        3695  -0.0095600    -8400.00
        3696  -0.0095680    -6800.00
        3697  -0.0095760    -4400.00
        3698  -0.0095840    -1800.00
        3699  -0.0095920      200.00
        3700  -0.0096000     1800.00
        3701  -0.0096080     2200.00
        3702  -0.0096160     2800.00
        3703  -0.0096240     3000.00
        3704  -0.0096320     3800.00
        3705  -0.0096400     5200.00
        3706  -0.0096480     6800.00
        3707  -0.0096560     8400.00
        3708  -0.0096640    10000.00
        3709  -0.0096720    10800.00
        3710  -0.0096800    11000.00
        3711  -0.0096880    10600.00
        3712  -0.0096960     9600.00
        3713  -0.0097040     8400.00
        3714  -0.0097120     7400.00
        3715  -0.0097200     6800.00
        3716  -0.0097280     7000.00
        3717  -0.0097360     7800.00
        3718  -0.0097440     9000.00
        3719  -0.0097520    10400.00
        3720  -0.0097600    11200.00
        3721  -0.0097680    11600.00
        3722  -0.0097760    11400.00
        3723  -0.0097840    10600.00
        3724  -0.0097920     9600.00
        3725  -0.0098000     8600.00
        3726  -0.0098080     7600.00
        3727  -0.0098160     7600.00
        3728  -0.0098240     7800.00
        3729  -0.0098320     8400.00
        3730  -0.0098400     9200.00
        3731  -0.0098480    10400.00
        3732  -0.0098560    11000.00
        3733  -0.0098640    11000.00
        3734  -0.0098720    10600.00
        3735  -0.0098800     9800.00
        3736  -0.0098880     8600.00
        3737  -0.0098960     7600.00
        3738  -0.0099040     7000.00
        3739  -0.0099120     6800.00
        3740  -0.0099200     7400.00
        3741  -0.0099280     7600.00
        3742  -0.0099360     8400.00
        3743  -0.0099440     9000.00
        3744  -0.0099520     9000.00
        3745  -0.0099600     8200.00
        3746  -0.0099680     6600.00
        3747  -0.0099760     4200.00
        3748  -0.0099840     1800.00
        3749  -0.0099920     -400.00
        3750  -0.0100000    -2000.00
        3751  -0.0100080    -2800.00
        3752  -0.0100160    -3000.00
        3753  -0.0100240    -3400.00
        3754  -0.0100320    -4000.00
        3755  -0.0100400    -5200.00
        3756  -0.0100480    -7000.00
        3757  -0.0100560    -8600.00
        3758  -0.0100640   -10200.00
        3759  -0.0100720   -11200.00
        3760  -0.0100800   -11400.00
        3761  -0.0100880   -10800.00
        3762  -0.0100960   -10000.00
        3763  -0.0101040    -8600.00
        3764  -0.0101120    -7600.00
        3765  -0.0101200    -7000.00
        3766  -0.0101280    -7000.00
        3767  -0.0101360    -8200.00
        3768  -0.0101440    -9200.00
        3769  -0.0101520   -10400.00
        3770  -0.0101600   -11600.00
        3771  -0.0101680   -11800.00
        3772  -0.0101760   -11600.00
        3773  -0.0101840   -10800.00
        3774  -0.0101920   -10000.00
        3775  -0.0102000    -8600.00
        3776  -0.0102080    -8200.00
        3777  -0.0102160    -7600.00
        3778  -0.0102240    -7800.00
        3779  -0.0102320    -8600.00
        3780  -0.0102400    -9400.00
        3781  -0.0102480   -10600.00
        3782  -0.0102560   -11000.00
        3783  -0.0102640   -11000.00
        3784  -0.0102720   -10800.00
        3785  -0.0102800    -9800.00
        3786  -0.0102880    -8600.00
        3787  -0.0102960    -7600.00
        3788  -0.0103040    -7000.00
        3789  -0.0103120    -7000.00
        3790  -0.0103200    -7400.00
        3791  -0.0103280    -7800.00
        3792  -0.0103360    -8600.00
        3793  -0.0103440    -9200.00
        3794  -0.0103520    -9000.00
        3795  -0.0103600    -8400.00
        3796  -0.0103680    -6600.00
        3797  -0.0103760    -4200.00
        3798  -0.0103840    -2000.00
        3799  -0.0103920      400.00
        3800  -0.0104000     1800.00
        3801  -0.0104080     2600.00
        3802  -0.0104160     2600.00
        3803  -0.0104240     3000.00
        3804  -0.0104320     3800.00
        3805  -0.0104400     5000.00
        3806  -0.0104480     6800.00
        3807  -0.0104560     8600.00
        3808  -0.0104640    10000.00
        3809  -0.0104720    11000.00
        3810  -0.0104800    11400.00
        3811  -0.0104880    10600.00
        3812  -0.0104960     9800.00
        3813  -0.0105040     8400.00
        3814  -0.0105120     7200.00
        3815  -0.0105200     6800.00
        3816  -0.0105280     7000.00
        3817  -0.0105360     7600.00
        3818  -0.0105440     9000.00
        3819  -0.0105520    10000.00
        3820  -0.0105600    11400.00
        3821  -0.0105680    11600.00
        3822  -0.0105760    11400.00
        3823  -0.0105840    10600.00
        3824  -0.0105920     9800.00
        3825  -0.0106000     8400.00
        3826  -0.0106080     7600.00
        3827  -0.0106160     7400.00
        3828  -0.0106240     7600.00
        3829  -0.0106320     8600.00
        3830  -0.0106400     9200.00
        3831  -0.0106480    10200.00
        3832  -0.0106560    11000.00
        3833  -0.0106640    10800.00
        3834  -0.0106720    10600.00
        3835  -0.0106800     9600.00
        3836  -0.0106880     8600.00
        3837  -0.0106960     7600.00
        3838  -0.0107040     6800.00
        3839  -0.0107120     6800.00
        3840  -0.0107200     7000.00
        3841  -0.0107280     7800.00
        3842  -0.0107360     8400.00
        3843  -0.0107440     9000.00
        3844  -0.0107520     9000.00
        3845  -0.0107600     8400.00
        3846  -0.0107680     6600.00
        3847  -0.0107760     4200.00
        3848  -0.0107840     1800.00
        3849  -0.0107920     -400.00
        3850  -0.0108000    -2000.00
        3851  -0.0108080    -2800.00
        3852  -0.0108160    -2800.00
        3853  -0.0108240    -3200.00
        3854  -0.0108320    -3800.00
        3855  -0.0108400    -5200.00
        3856  -0.0108480    -6800.00
        3857  -0.0108560    -8600.00
        3858  -0.0108640   -10200.00
        3859  -0.0108720   -11000.00
        3860  -0.0108800   -11400.00
        3861  -0.0108880   -10800.00
        3862  -0.0108960    -9800.00
        3863  -0.0109040    -8600.00
        3864  -0.0109120    -7600.00
        3865  -0.0109200    -6800.00
        3866  -0.0109280    -7000.00
        3867  -0.0109360    -7800.00
        3868  -0.0109440    -9200.00
        3869  -0.0109520   -10200.00
        3870  -0.0109600   -11400.00
        3871  -0.0109680   -11800.00
        3872  -0.0109760   -11600.00
        3873  -0.0109840   -10800.00
        3874  -0.0109920    -9800.00
        3875  -0.0110000    -8600.00
        3876  -0.0110080    -7800.00
        3877  -0.0110160    -7600.00
        3878  -0.0110240    -7800.00
        3879  -0.0110320    -8600.00
        3880  -0.0110400    -9800.00
        3881  -0.0110480   -10600.00
        3882  -0.0110560   -11000.00
        3883  -0.0110640   -11200.00
        3884  -0.0110720   -10800.00
        3885  -0.0110800    -9800.00
        3886  -0.0110880    -8800.00
        3887  -0.0110960    -7600.00
        3888  -0.0111040    -7000.00
        3889  -0.0111120    -7000.00
        3890  -0.0111200    -7400.00
        3891  -0.0111280    -8200.00
        3892  -0.0111360    -8600.00
        3893  -0.0111440    -9200.00
        3894  -0.0111520    -9200.00
        3895  -0.0111600    -8400.00
        3896  -0.0111680    -6600.00
        3897  -0.0111760    -4400.00
        3898  -0.0111840    -1800.00
        3899  -0.0111920      200.00
        3900  -0.0112000     1800.00
        3901  -0.0112080     2400.00
        3902  -0.0112160     2600.00
        3903  -0.0112240     3000.00
        3904  -0.0112320     3600.00
        3905  -0.0112400     5200.00
        3906  -0.0112480     6800.00
        3907  -0.0112560     8600.00
        3908  -0.0112640    10000.00
        3909  -0.0112720    11000.00
        3910  -0.0112800    11400.00
        3911  -0.0112880    10600.00
        3912  -0.0112960     9400.00
        3913  -0.0113040     8400.00
        3914  -0.0113120     7400.00
        3915  -0.0113200     6800.00
        3916  -0.0113280     7000.00
        3917  -0.0113360     7800.00
        3918  -0.0113440     9000.00
        3919  -0.0113520    10200.00
        3920  -0.0113600    11400.00
        3921  -0.0113680    11600.00
        3922  -0.0113760    11600.00
        3923  -0.0113840    10800.00
        3924  -0.0113920     9800.00
        3925  -0.0114000     8600.00
        3926  -0.0114080     7800.00
        3927  -0.0114160     7400.00
        3928  -0.0114240     7800.00
        3929  -0.0114320     8600.00
        3930  -0.0114400     9400.00
        3931  -0.0114480    10400.00
        3932  -0.0114560    10800.00
        3933  -0.0114640    11000.00
        3934  -0.0114720    10600.00
        3935  -0.0114800     9800.00
        3936  -0.0114880     8600.00
        3937  -0.0114960     7600.00
        3938  -0.0115040     7000.00
        3939  -0.0115120     6800.00
        3940  -0.0115200     7200.00
        3941  -0.0115280     7800.00
        3942  -0.0115360     8400.00
        3943  -0.0115440     9000.00
        3944  -0.0115520     9000.00
        3945  -0.0115600     8400.00
        3946  -0.0115680     6600.00
        3947  -0.0115760     4200.00
        3948  -0.0115840     1800.00
        3949  -0.0115920     -400.00
        3950  -0.0116000    -2000.00
        3951  -0.0116080    -2800.00
        3952  -0.0116160    -3000.00
        3953  -0.0116240    -3400.00
        3954  -0.0116320    -3800.00
        3955  -0.0116400    -5200.00
        3956  -0.0116480    -6800.00
        3957  -0.0116560    -8600.00
        3958  -0.0116640   -10200.00
        3959  -0.0116720   -11000.00
        3960  -0.0116800   -11600.00
        3961  -0.0116880   -10800.00
        3962  -0.0116960   -10000.00
        3963  -0.0117040    -8600.00
        3964  -0.0117120    -7600.00
        3965  -0.0117200    -7000.00
        3966  -0.0117280    -7200.00
        3967  -0.0117360    -8000.00
        3968  -0.0117440    -9200.00
        3969  -0.0117520   -10200.00
        3970  -0.0117600   -11400.00
        3971  -0.0117680   -11800.00
        3972  -0.0117760   -11600.00
        3973  -0.0117840   -10800.00
        3974  -0.0117920   -10000.00
        3975  -0.0118000    -8600.00
        3976  -0.0118080    -7800.00
        3977  -0.0118160    -7400.00
        3978  -0.0118240    -7800.00
        3979  -0.0118320    -8600.00
        3980  -0.0118400    -9400.00
        3981  -0.0118480   -10600.00
        3982  -0.0118560   -11000.00
        3983  -0.0118640   -11000.00
        3984  -0.0118720   -10600.00
        3985  -0.0118800    -9800.00
        3986  -0.0118880    -8600.00
        3987  -0.0118960    -7800.00
        3988  -0.0119040    -7000.00
        3989  -0.0119120    -7000.00
        3990  -0.0119200    -7400.00
        3991  -0.0119280    -7800.00
        3992  -0.0119360    -8600.00
        3993  -0.0119440    -9000.00
        3994  -0.0119520    -9200.00
        3995  -0.0119600    -8400.00
        3996  -0.0119680    -6800.00
        3997  -0.0119760    -4400.00
        3998  -0.0119840    -2000.00
        3999  -0.0119920      200.00
        4000  -0.0120000     1800.00
        4001  -0.0120080     2600.00
        4002  -0.0120160     2600.00
        4003  -0.0120240     3000.00
        4004  -0.0120320     3800.00
        4005  -0.0120400     5200.00
        4006  -0.0120480     6800.00
        4007  -0.0120560     8400.00
        4008  -0.0120640    10000.00
        4009  -0.0120720    11000.00
        4010  -0.0120800    11000.00
        4011  -0.0120880    10600.00
        4012  -0.0120960     9400.00
        4013  -0.0121040     8400.00
        4014  -0.0121120     7400.00
        4015  -0.0121200     6800.00
        4016  -0.0121280     6800.00
        4017  -0.0121360     7800.00
        4018  -0.0121440     9000.00
        4019  -0.0121520    10200.00
        4020  -0.0121600    11200.00
        4021  -0.0121680    11600.00
        4022  -0.0121760    11400.00
        4023  -0.0121840    10600.00
        4024  -0.0121920     9600.00
        4025  -0.0122000     8400.00
        4026  -0.0122080     7800.00
        4027  -0.0122160     7400.00
        4028  -0.0122240     7600.00
        4029  -0.0122320     8400.00
        4030  -0.0122400     9400.00
        4031  -0.0122480    10400.00
        4032  -0.0122560    10800.00
        4033  -0.0122640    11000.00
        4034  -0.0122720    10600.00
        4035  -0.0122800     9800.00
        4036  -0.0122880     8600.00
        4037  -0.0122960     7600.00
        4038  -0.0123040     7000.00
        4039  -0.0123120     7000.00
        4040  -0.0123200     7400.00
        4041  -0.0123280     8000.00
        4042  -0.0123360     8400.00
        4043  -0.0123440     9000.00
        4044  -0.0123520     9000.00
        4045  -0.0123600     9200.00
        4046  -0.0123680     6800.00
        4047  -0.0123760     4400.00
        4048  -0.0123840     2000.00
        4049  -0.0123920     -200.00
        4050  -0.0124000    -1800.00
        4051  -0.0124080    -2600.00
        4052  -0.0124160    -2800.00
        4053  -0.0124240    -3000.00
        4054  -0.0124320    -3800.00
        4055  -0.0124400    -5200.00
        4056  -0.0124480    -6600.00
        4057  -0.0124560    -8600.00
        4058  -0.0124640   -10000.00
        4059  -0.0124720   -11000.00
        4060  -0.0124800   -11400.00
        4061  -0.0124880   -10800.00
        4062  -0.0124960    -9800.00
        4063  -0.0125040    -8600.00
        4064  -0.0125120    -7600.00
        4065  -0.0125200    -7000.00
        4066  -0.0125280    -7000.00
        4067  -0.0125360    -7800.00
        4068  -0.0125440    -9000.00
        4069  -0.0125520   -10200.00
        4070  -0.0125600   -11400.00
        4071  -0.0125680   -11600.00
        4072  -0.0125760   -11600.00
        4073  -0.0125840   -10800.00
        4074  -0.0125920   -10000.00
        4075  -0.0126000    -8800.00
        4076  -0.0126080    -7800.00
        4077  -0.0126160    -7600.00
        4078  -0.0126240    -7800.00
        4079  -0.0126320    -8600.00
        4080  -0.0126400    -9600.00
        4081  -0.0126480   -10600.00
        4082  -0.0126560   -11000.00
        4083  -0.0126640   -11000.00
        4084  -0.0126720   -10800.00
        4085  -0.0126800   -10000.00
        4086  -0.0126880    -8800.00
        4087  -0.0126960    -7800.00
        4088  -0.0127040    -7400.00
        4089  -0.0127120    -7000.00
        4090  -0.0127200    -7400.00
        4091  -0.0127280    -7800.00
        4092  -0.0127360    -8600.00
        4093  -0.0127440    -9200.00
        4094  -0.0127520    -9200.00
        4095  -0.0127600    -8600.00
        4096  -0.0127680    -7000.00
        4097  -0.0127760    -4600.00
        4098  -0.0127840    -2000.00
        4099  -0.0127920     -200.00
        4100  -0.0128000     1400.00
        4101  -0.0128080     2200.00
        4102  -0.0128160     2600.00
        4103  -0.0128240     2800.00
        4104  -0.0128320     3600.00
        4105  -0.0128400     5000.00
        4106  -0.0128480     6600.00
        4107  -0.0128560     8400.00
        4108  -0.0128640    10000.00
        4109  -0.0128720    10800.00
        4110  -0.0128800    11400.00
        4111  -0.0128880    10600.00
        4112  -0.0128960     9800.00
        4113  -0.0129040     8600.00
        4114  -0.0129120     7400.00
        4115  -0.0129200     6800.00
        4116  -0.0129280     7000.00
        4117  -0.0129360     7800.00
        4118  -0.0129440     9000.00
        4119  -0.0129520    10000.00
        4120  -0.0129600    11000.00
        4121  -0.0129680    11600.00
        4122  -0.0129760    11600.00
        4123  -0.0129840    10800.00
        4124  -0.0129920     9800.00
        4125  -0.0130000     8600.00
        4126  -0.0130080     7600.00
        4127  -0.0130160     7600.00
        4128  -0.0130240     7600.00
        4129  -0.0130320     8400.00
        4130  -0.0130400     9200.00
        4131  -0.0130480    10200.00
        4132  -0.0130560    11000.00
        4133  -0.0130640    10800.00
        4134  -0.0130720    10600.00
        4135  -0.0130800     9800.00
        4136  -0.0130880     8600.00
        4137  -0.0130960     7800.00
        4138  -0.0131040     7000.00
        4139  -0.0131120     6800.00
        4140  -0.0131200     7000.00
        4141  -0.0131280     7600.00
        4142  -0.0131360     8400.00
        4143  -0.0131440     9000.00
        4144  -0.0131520     9000.00
        4145  -0.0131600     8400.00
        4146  -0.0131680     6800.00
        4147  -0.0131760     4600.00
        4148  -0.0131840     2000.00
        4149  -0.0131920     -200.00
        4150  -0.0132000    -1800.00
        4151  -0.0132080    -2600.00
        4152  -0.0132160    -3000.00
        4153  -0.0132240    -3000.00
        4154  -0.0132320    -3800.00
        4155  -0.0132400    -5000.00
        4156  -0.0132480    -6800.00
        4157  -0.0132560    -8400.00
        4158  -0.0132640   -10000.00
        4159  -0.0132720   -11200.00
        4160  -0.0132800   -11400.00
        4161  -0.0132880   -10800.00
        4162  -0.0132960   -10000.00
        4163  -0.0133040    -8600.00
        4164  -0.0133120    -7800.00
        4165  -0.0133200    -7000.00
        4166  -0.0133280    -7000.00
        4167  -0.0133360    -7800.00
        4168  -0.0133440    -9000.00
        4169  -0.0133520   -10200.00
        4170  -0.0133600   -11000.00
        4171  -0.0133680   -11600.00
        4172  -0.0133760   -11600.00
        4173  -0.0133840   -10800.00
        4174  -0.0133920   -10200.00
        4175  -0.0134000    -8800.00
        4176  -0.0134080    -8000.00
        4177  -0.0134160    -7600.00
        4178  -0.0134240    -7800.00
        4179  -0.0134320    -8400.00
        4180  -0.0134400    -9400.00
        4181  -0.0134480   -10200.00
        4182  -0.0134560   -10800.00
        4183  -0.0134640   -11000.00
        4184  -0.0134720   -10800.00
        4185  -0.0134800   -10000.00
        4186  -0.0134880    -8800.00
        4187  -0.0134960    -7800.00
        4188  -0.0135040    -7200.00
        4189  -0.0135120    -7000.00
        4190  -0.0135200    -7200.00
        4191  -0.0135280    -7600.00
        4192  -0.0135360    -8600.00
        4193  -0.0135440    -9000.00
        4194  -0.0135520    -9200.00
        4195  -0.0135600    -8400.00
        4196  -0.0135680    -7000.00
        4197  -0.0135760    -4400.00
        4198  -0.0135840    -2200.00
        4199  -0.0135920     -200.00
        4200  -0.0136000     1600.00
        4201  -0.0136080     2200.00
        4202  -0.0136160     2800.00
        4203  -0.0136240     2800.00
        4204  -0.0136320     3600.00
        4205  -0.0136400     5200.00
        4206  -0.0136480     6600.00
        4207  -0.0136560     8200.00
        4208  -0.0136640    10000.00
        4209  -0.0136720    11000.00
        4210  -0.0136800    11000.00
        4211  -0.0136880    10600.00
        4212  -0.0136960     9800.00
        4213  -0.0137040     8400.00
        4214  -0.0137120     7400.00
        4215  -0.0137200     6800.00
        4216  -0.0137280     7000.00
        4217  -0.0137360     7800.00
        4218  -0.0137440     8800.00
        4219  -0.0137520    10000.00
        4220  -0.0137600    11000.00
        4221  -0.0137680    11600.00
        4222  -0.0137760    11600.00
        4223  -0.0137840    10800.00
        4224  -0.0137920     9800.00
        4225  -0.0138000     8600.00
        4226  -0.0138080     7800.00
        4227  -0.0138160     7400.00
        4228  -0.0138240     7600.00
        4229  -0.0138320     8200.00
        4230  -0.0138400     9200.00
        4231  -0.0138480    10200.00
        4232  -0.0138560    10800.00
        4233  -0.0138640    11000.00
        4234  -0.0138720    10600.00
        4235  -0.0138800     9800.00
        4236  -0.0138880     8600.00
        4237  -0.0138960     7800.00
        4238  -0.0139040     7000.00
        4239  -0.0139120     6800.00
        4240  -0.0139200     7000.00
        4241  -0.0139280     7600.00
        4242  -0.0139360     8400.00
        4243  -0.0139440     9000.00
        4244  -0.0139520     9000.00
        4245  -0.0139600     8400.00
        4246  -0.0139680     6800.00
        4247  -0.0139760     4400.00
        4248  -0.0139840     2000.00
        4249  -0.0139920     -200.00
        4250  -0.0140000    -1600.00
        4251  -0.0140080    -2600.00
        4252  -0.0140160    -2800.00
        4253  -0.0140240    -3200.00
        4254  -0.0140320    -3800.00
        4255  -0.0140400    -5000.00
        4256  -0.0140480    -6600.00
        4257  -0.0140560    -8400.00
        4258  -0.0140640    -9800.00
        4259  -0.0140720   -10800.00
        4260  -0.0140800   -11600.00
        4261  -0.0140880   -10800.00
        4262  -0.0140960   -10000.00
        4263  -0.0141040    -8600.00
        4264  -0.0141120    -7600.00
        4265  -0.0141200    -6800.00
        4266  -0.0141280    -7000.00
        4267  -0.0141360    -7800.00
        4268  -0.0141440    -9000.00
        4269  -0.0141520   -10200.00
        4270  -0.0141600   -11400.00
        4271  -0.0141680   -11600.00
        4272  -0.0141760   -11600.00
        4273  -0.0141840   -11000.00
        4274  -0.0141920   -10000.00
        4275  -0.0142000    -8800.00
        4276  -0.0142080    -8200.00
        4277  -0.0142160    -7600.00
        4278  -0.0142240    -7800.00
        4279  -0.0142320    -8600.00
        4280  -0.0142400    -9400.00
        4281  -0.0142480   -10600.00
        4282  -0.0142560   -11000.00
        4283  -0.0142640   -11000.00
        4284  -0.0142720   -10800.00
        4285  -0.0142800   -10000.00
        4286  -0.0142880    -9000.00
        4287  -0.0142960    -7800.00
        4288  -0.0143040    -7000.00
        4289  -0.0143120    -7000.00
        4290  -0.0143200    -7400.00
        4291  -0.0143280    -7800.00
        4292  -0.0143360    -8600.00
        4293  -0.0143440    -9200.00
        4294  -0.0143520    -9200.00
        4295  -0.0143600    -8400.00
        4296  -0.0143680    -7000.00
        4297  -0.0143760    -4400.00
        4298  -0.0143840    -2200.00
        4299  -0.0143920     -200.00
        4300  -0.0144000     1800.00
        4301  -0.0144080     2600.00
        4302  -0.0144160     2600.00
        4303  -0.0144240     2800.00
        4304  -0.0144320     3600.00
        4305  -0.0144400     5000.00
        4306  -0.0144480     6600.00
        4307  -0.0144560     8400.00
        4308  -0.0144640    10000.00
        4309  -0.0144720    10800.00
        4310  -0.0144800    11400.00
        4311  -0.0144880    10800.00
        4312  -0.0144960     9800.00
        4313  -0.0145040     8600.00
        4314  -0.0145120     7400.00
        4315  -0.0145200     6800.00
        4316  -0.0145280     7000.00
        4317  -0.0145360     7800.00
        4318  -0.0145440     9000.00
        4319  -0.0145520    10000.00
        4320  -0.0145600    11400.00
        4321  -0.0145680    11800.00
        4322  -0.0145760    11600.00
        4323  -0.0145840    10800.00
        4324  -0.0145920    10000.00
        4325  -0.0146000     8600.00
        4326  -0.0146080     7800.00
        4327  -0.0146160     7400.00
        4328  -0.0146240     7800.00
        4329  -0.0146320     8400.00
        4330  -0.0146400     9200.00
        4331  -0.0146480    10200.00
        4332  -0.0146560    10800.00
        4333  -0.0146640    11000.00
        4334  -0.0146720    10600.00
        4335  -0.0146800    10000.00
        4336  -0.0146880     8600.00
        4337  -0.0146960     7800.00
        4338  -0.0147040     7000.00
        4339  -0.0147120     6800.00
        4340  -0.0147200     7400.00
        4341  -0.0147280     7600.00
        4342  -0.0147360     8400.00
        4343  -0.0147440     9000.00
        4344  -0.0147520     9000.00
        4345  -0.0147600     8400.00
        4346  -0.0147680     6800.00
        4347  -0.0147760     4400.00
        4348  -0.0147840     2000.00
        4349  -0.0147920     -200.00
        4350  -0.0148000    -1800.00
        4351  -0.0148080    -2800.00
        4352  -0.0148160    -3000.00
        4353  -0.0148240    -3200.00
        4354  -0.0148320    -3800.00
        4355  -0.0148400    -5000.00
        4356  -0.0148480    -6600.00
        4357  -0.0148560    -8400.00
        4358  -0.0148640   -10000.00
        4359  -0.0148720   -11000.00
        4360  -0.0148800   -11400.00
        4361  -0.0148880   -10800.00
        4362  -0.0148960   -10000.00
        4363  -0.0149040    -8600.00
        4364  -0.0149120    -7600.00
        4365  -0.0149200    -7000.00
        4366  -0.0149280    -7000.00
        4367  -0.0149360    -7800.00
        4368  -0.0149440    -9000.00
        4369  -0.0149520   -10200.00
        4370  -0.0149600   -11200.00
        4371  -0.0149680   -11600.00
        4372  -0.0149760   -11800.00
        4373  -0.0149840   -11000.00
        4374  -0.0149920   -10000.00
        4375  -0.0150000    -8600.00
        4376  -0.0150080    -7800.00
        4377  -0.0150160    -7600.00
        4378  -0.0150240    -7600.00
        4379  -0.0150320    -8600.00
        4380  -0.0150400    -9400.00
        4381  -0.0150480   -10200.00
        4382  -0.0150560   -11000.00
        4383  -0.0150640   -11000.00
        4384  -0.0150720   -10800.00
        4385  -0.0150800    -9800.00
        4386  -0.0150880    -9000.00
        4387  -0.0150960    -7800.00
        4388  -0.0151040    -7000.00
        4389  -0.0151120    -7000.00
        4390  -0.0151200    -7400.00
        4391  -0.0151280    -7800.00
        4392  -0.0151360    -8600.00
        4393  -0.0151440    -9000.00
        4394  -0.0151520    -9200.00
        4395  -0.0151600    -8400.00
        4396  -0.0151680    -6800.00
        4397  -0.0151760    -4600.00
        4398  -0.0151840    -2200.00
        4399  -0.0151920        0.00
        4400  -0.0152000     1400.00
        4401  -0.0152080     2200.00
        4402  -0.0152160     2800.00
        4403  -0.0152240     3000.00
        4404  -0.0152320     3800.00
        4405  -0.0152400     4800.00
        4406  -0.0152480     6600.00
        4407  -0.0152560     8200.00
        4408  -0.0152640    10000.00
        4409  -0.0152720    11000.00
        4410  -0.0152800    11000.00
        4411  -0.0152880    10600.00
        4412  -0.0152960     9800.00
        4413  -0.0153040     8400.00
        4414  -0.0153120     7400.00
        4415  -0.0153200     6800.00
        4416  -0.0153280     6800.00
        4417  -0.0153360     7600.00
        4418  -0.0153440     8600.00
        4419  -0.0153520    10000.00
        4420  -0.0153600    11000.00
        4421  -0.0153680    11600.00
        4422  -0.0153760    11400.00
        4423  -0.0153840    10800.00
        4424  -0.0153920     9800.00
        4425  -0.0154000     8600.00
        4426  -0.0154080     7800.00
        4427  -0.0154160     7600.00
        4428  -0.0154240     7800.00
        4429  -0.0154320     8400.00
        4430  -0.0154400     9200.00
        4431  -0.0154480    10200.00
        4432  -0.0154560    10800.00
        4433  -0.0154640    11000.00
        4434  -0.0154720    10600.00
        4435  -0.0154800     9800.00
        4436  -0.0154880     8600.00
        4437  -0.0154960     7600.00
        4438  -0.0155040     7000.00
        4439  -0.0155120     6800.00
        4440  -0.0155200     7200.00
        4441  -0.0155280     7600.00
        4442  -0.0155360     8400.00
        4443  -0.0155440     9000.00
        4444  -0.0155520     9000.00
        4445  -0.0155600     8400.00
        4446  -0.0155680     6800.00
        4447  -0.0155760     4600.00
        4448  -0.0155840     2000.00
        4449  -0.0155920        0.00
        4450  -0.0156000    -1800.00
        4451  -0.0156080    -2600.00
        4452  -0.0156160    -2800.00
        4453  -0.0156240    -3000.00
        4454  -0.0156320    -3800.00
        4455  -0.0156400    -5000.00
        4456  -0.0156480    -6600.00
        4457  -0.0156560    -8400.00
        4458  -0.0156640   -10000.00
        4459  -0.0156720   -11000.00
        4460  -0.0156800   -11400.00
        4461  -0.0156880   -10800.00
        4462  -0.0156960   -10000.00
        4463  -0.0157040    -8600.00
        4464  -0.0157120    -7600.00
        4465  -0.0157200    -7000.00
        4466  -0.0157280    -7000.00
        4467  -0.0157360    -7800.00
        4468  -0.0157440    -9000.00
        4469  -0.0157520   -10200.00
        4470  -0.0157600   -11400.00
        4471  -0.0157680   -11800.00
        4472  -0.0157760   -11600.00
        4473  -0.0157840   -11000.00
        4474  -0.0157920   -10000.00
        4475  -0.0158000    -9000.00
        4476  -0.0158080    -8200.00
        4477  -0.0158160    -7600.00
        4478  -0.0158240    -7800.00
        4479  -0.0158320    -8600.00
        4480  -0.0158400    -9400.00
        4481  -0.0158480   -10600.00
        4482  -0.0158560   -11000.00
        4483  -0.0158640   -11200.00
        4484  -0.0158720   -10800.00
        4485  -0.0158800   -10000.00
        4486  -0.0158880    -9000.00
        4487  -0.0158960    -7800.00
        4488  -0.0159040    -7200.00
        4489  -0.0159120    -7000.00
        4490  -0.0159200    -7400.00
        4491  -0.0159280    -7800.00
        4492  -0.0159360    -8600.00
        4493  -0.0159440    -9200.00
        4494  -0.0159520    -9200.00
        4495  -0.0159600    -8600.00
        4496  -0.0159680    -7000.00
        4497  -0.0159760    -4600.00
        4498  -0.0159840    -2200.00
        4499  -0.0159920        0.00
        4500  -0.0160000     1400.00
        4501  -0.0160080     2600.00
        4502  -0.0160160     2600.00
        4503  -0.0160240     3000.00
        4504  -0.0160320     3600.00
        4505  -0.0160400     4800.00
        4506  -0.0160480     6600.00
        4507  -0.0160560     8400.00
        4508  -0.0160640    10000.00
        4509  -0.0160720    10800.00
        4510  -0.0160800    11000.00
        4511  -0.0160880    10800.00
        4512  -0.0160960     9800.00
        4513  -0.0161040     8600.00
        4514  -0.0161120     7400.00
        4515  -0.0161200     6800.00
        4516  -0.0161280     7000.00
        4517  -0.0161360     7800.00
        4518  -0.0161440     8800.00
        4519  -0.0161520    10200.00
        4520  -0.0161600    11400.00
        4521  -0.0161680    11600.00
        4522  -0.0161760    11600.00
        4523  -0.0161840    10800.00
        4524  -0.0161920     9800.00
        4525  -0.0162000     8600.00
        4526  -0.0162080     7800.00
        4527  -0.0162160     7600.00
        4528  -0.0162240     7800.00
        4529  -0.0162320     8400.00
        4530  -0.0162400     9400.00
        4531  -0.0162480    10200.00
        4532  -0.0162560    11000.00
        4533  -0.0162640    10800.00
        4534  -0.0162720    10600.00
        4535  -0.0162800     9800.00
        4536  -0.0162880     8600.00
        4537  -0.0162960     7800.00
        4538  -0.0163040     7000.00
        4539  -0.0163120     6800.00
        4540  -0.0163200     7000.00
        4541  -0.0163280     7800.00
        4542  -0.0163360     8400.00
        4543  -0.0163440     9000.00
        4544  -0.0163520     9000.00
        4545  -0.0163600     8400.00
        4546  -0.0163680     6800.00
        4547  -0.0163760     4600.00
        4548  -0.0163840     2000.00
        4549  -0.0163920      200.00
        4550  -0.0164000    -1800.00
        4551  -0.0164080    -2800.00
        4552  -0.0164160    -3000.00
        4553  -0.0164240    -3000.00
        4554  -0.0164320    -3800.00
        4555  -0.0164400    -5000.00
        4556  -0.0164480    -6600.00
        4557  -0.0164560    -8400.00
        4558  -0.0164640   -10000.00
        4559  -0.0164720   -11000.00
        4560  -0.0164800   -11400.00
        4561  -0.0164880   -10800.00
        4562  -0.0164960   -10000.00
        4563  -0.0165040    -8600.00
        4564  -0.0165120    -7600.00
        4565  -0.0165200    -7000.00
        4566  -0.0165280    -7000.00
        4567  -0.0165360    -7600.00
        4568  -0.0165440    -9000.00
        4569  -0.0165520   -10200.00
        4570  -0.0165600   -11000.00
        4571  -0.0165680   -11800.00
        4572  -0.0165760   -11600.00
        4573  -0.0165840   -10800.00
        4574  -0.0165920   -10000.00
        4575  -0.0166000    -8600.00
        4576  -0.0166080    -7800.00
        4577  -0.0166160    -7600.00
        4578  -0.0166240    -7800.00
        4579  -0.0166320    -8400.00
        4580  -0.0166400    -9400.00
        4581  -0.0166480   -10200.00
        4582  -0.0166560   -10800.00
        4583  -0.0166640   -11000.00
        4584  -0.0166720   -10800.00
        4585  -0.0166800    -9800.00
        4586  -0.0166880    -8600.00
        4587  -0.0166960    -7800.00
        4588  -0.0167040    -7000.00
        4589  -0.0167120    -7000.00
        4590  -0.0167200    -7400.00
        4591  -0.0167280    -7800.00
        4592  -0.0167360    -8600.00
        4593  -0.0167440    -9000.00
        4594  -0.0167520    -9000.00
        4595  -0.0167600    -8600.00
        4596  -0.0167680    -7000.00
        4597  -0.0167760    -4600.00
        4598  -0.0167840    -2200.00
        4599  -0.0167920        0.00
        4600  -0.0168000     1400.00
        4601  -0.0168080     2600.00
        4602  -0.0168160     2600.00
        4603  -0.0168240     3000.00
        4604  -0.0168320     3600.00
        4605  -0.0168400     5000.00
        4606  -0.0168480     6600.00
        4607  -0.0168560     8200.00
        4608  -0.0168640     9800.00
        4609  -0.0168720    10800.00
        4610  -0.0168800    11400.00
        4611  -0.0168880    10600.00
        4612  -0.0168960     9600.00
        4613  -0.0169040     8600.00
        4614  -0.0169120     7400.00
        4615  -0.0169200     6800.00
        4616  -0.0169280     6800.00
        4617  -0.0169360     7600.00
        4618  -0.0169440     8600.00
        4619  -0.0169520    10000.00
        4620  -0.0169600    11000.00
        4621  -0.0169680    11600.00
        4622  -0.0169760    11400.00
        4623  -0.0169840    10800.00
        4624  -0.0169920     9800.00
        4625  -0.0170000     8800.00
        4626  -0.0170080     8000.00
        4627  -0.0170160     7400.00
        4628  -0.0170240     7800.00
        4629  -0.0170320     8400.00
        4630  -0.0170400     9200.00
        4631  -0.0170480    10200.00
        4632  -0.0170560    10800.00
        4633  -0.0170640    11000.00
        4634  -0.0170720    10600.00
        4635  -0.0170800    10000.00
        4636  -0.0170880     8600.00
        4637  -0.0170960     7800.00
        4638  -0.0171040     7200.00
        4639  -0.0171120     6800.00
        4640  -0.0171200     7000.00
        4641  -0.0171280     7800.00
        4642  -0.0171360     8400.00
        4643  -0.0171440     9000.00
        4644  -0.0171520     9000.00
        4645  -0.0171600     8400.00
        4646  -0.0171680     6800.00
        4647  -0.0171760     4600.00
        4648  -0.0171840     2000.00
        4649  -0.0171920     -200.00
        4650  -0.0172000    -1600.00
        4651  -0.0172080    -2600.00
        4652  -0.0172160    -3000.00
        4653  -0.0172240    -3000.00
        4654  -0.0172320    -3800.00
        4655  -0.0172400    -5000.00
        4656  -0.0172480    -6600.00
        4657  -0.0172560    -8400.00
        4658  -0.0172640   -10000.00
        4659  -0.0172720   -11000.00
        4660  -0.0172800   -11400.00
        4661  -0.0172880   -10800.00
        4662  -0.0172960   -10200.00
        4663  -0.0173040    -8800.00
        4664  -0.0173120    -7600.00
        4665  -0.0173200    -7000.00
        4666  -0.0173280    -7400.00
        4667  -0.0173360    -7800.00
        4668  -0.0173440    -9000.00
        4669  -0.0173520   -10200.00
        4670  -0.0173600   -11400.00
        4671  -0.0173680   -11600.00
        4672  -0.0173760   -11800.00
        4673  -0.0173840   -11000.00
        4674  -0.0173920   -10000.00
        4675  -0.0174000    -9000.00
        4676  -0.0174080    -8200.00
        4677  -0.0174160    -7600.00
        4678  -0.0174240    -7800.00
        4679  -0.0174320    -8600.00
        4680  -0.0174400    -9400.00
        4681  -0.0174480   -10400.00
        4682  -0.0174560   -11000.00
        4683  -0.0174640   -11000.00
        4684  -0.0174720   -10800.00
        4685  -0.0174800   -10000.00
        4686  -0.0174880    -9000.00
        4687  -0.0174960    -7800.00
        4688  -0.0175040    -7200.00
        4689  -0.0175120    -7000.00
        4690  -0.0175200    -7400.00
        4691  -0.0175280    -7800.00
        4692  -0.0175360    -8600.00
        4693  -0.0175440    -9200.00
        4694  -0.0175520    -9200.00
        4695  -0.0175600    -8600.00
        4696  -0.0175680    -7000.00
        4697  -0.0175760    -4600.00
        4698  -0.0175840    -2200.00
        4699  -0.0175920      200.00
        4700  -0.0176000     1600.00
        4701  -0.0176080     2600.00
        4702  -0.0176160     2600.00
        4703  -0.0176240     2800.00
        4704  -0.0176320     3600.00
        4705  -0.0176400     5000.00
        4706  -0.0176480     6600.00
        4707  -0.0176560     8200.00
        4708  -0.0176640    10000.00
        4709  -0.0176720    10800.00
        4710  -0.0176800    11200.00
        4711  -0.0176880    10600.00
        4712  -0.0176960     9800.00
        4713  -0.0177040     8400.00
        4714  -0.0177120     7400.00
        4715  -0.0177200     7000.00
        4716  -0.0177280     7000.00
        4717  -0.0177360     7600.00
        4718  -0.0177440     9000.00
        4719  -0.0177520    10000.00
        4720  -0.0177600    11000.00
        4721  -0.0177680    11600.00
        4722  -0.0177760    11600.00
        4723  -0.0177840    10800.00
        4724  -0.0177920     9800.00
        4725  -0.0178000     8600.00
        4726  -0.0178080     7800.00
        4727  -0.0178160     7400.00
        4728  -0.0178240     7600.00
        4729  -0.0178320     8400.00
        4730  -0.0178400     9200.00
        4731  -0.0178480    10200.00
        4732  -0.0178560    11000.00
        4733  -0.0178640    10800.00
        4734  -0.0178720    10600.00
        4735  -0.0178800     9800.00
        4736  -0.0178880     8800.00
        4737  -0.0178960     7800.00
        4738  -0.0179040     7000.00
        4739  -0.0179120     6800.00
        4740  -0.0179200     7000.00
        4741  -0.0179280     7600.00
        4742  -0.0179360     8400.00
        4743  -0.0179440     9000.00
        4744  -0.0179520     8800.00
        4745  -0.0179600     8200.00
        4746  -0.0179680     6200.00
        4747  -0.0179760     3800.00
        4748  -0.0179840     1400.00
        4749  -0.0179920     -600.00
        4750  -0.0180000    -2000.00
        4751  -0.0180080    -2800.00
        4752  -0.0180160    -3000.00
        4753  -0.0180240    -3200.00
        4754  -0.0180320    -3800.00
        4755  -0.0180400    -5200.00
        4756  -0.0180480    -6800.00
        4757  -0.0180560    -8600.00
        4758  -0.0180640   -10200.00
        4759  -0.0180720   -11200.00
        4760  -0.0180800   -11400.00
        4761  -0.0180880   -10800.00
        4762  -0.0180960    -9600.00
        4763  -0.0181040    -8400.00
        4764  -0.0181120    -7400.00
        4765  -0.0181200    -6800.00
        4766  -0.0181280    -6800.00
        4767  -0.0181360    -7800.00
        4768  -0.0181440    -9200.00
        4769  -0.0181520   -10200.00
        4770  -0.0181600   -11400.00
        4771  -0.0181680   -11600.00
        4772  -0.0181760   -11400.00
        4773  -0.0181840   -10600.00
        4774  -0.0181920    -9600.00
        4775  -0.0182000    -8600.00
        4776  -0.0182080    -7600.00
        4777  -0.0182160    -7200.00
        4778  -0.0182240    -7800.00
        4779  -0.0182320    -8400.00
        4780  -0.0182400    -9400.00
        4781  -0.0182480   -10600.00
        4782  -0.0182560   -11000.00
        4783  -0.0182640   -10800.00
        4784  -0.0182720   -10600.00
        4785  -0.0182800    -9400.00
        4786  -0.0182880    -8600.00
        4787  -0.0182960    -7600.00
        4788  -0.0183040    -7000.00
        4789  -0.0183120    -6800.00
        4790  -0.0183200    -7200.00
        4791  -0.0183280    -8000.00
        4792  -0.0183360    -8600.00
        4793  -0.0183440    -9200.00
        4794  -0.0183520    -9000.00
        4795  -0.0183600    -7800.00
        4796  -0.0183680    -5800.00
        4797  -0.0183760    -3400.00
        4798  -0.0183840    -1000.00
        4799  -0.0183920     1000.00
        4800  -0.0184000     2000.00
        4801  -0.0184080     2600.00
        4802  -0.0184160     2800.00
        4803  -0.0184240     3000.00
        4804  -0.0184320     4000.00
        4805  -0.0184400     5200.00
        4806  -0.0184480     7000.00
        4807  -0.0184560     9000.00
        4808  -0.0184640    10400.00
        4809  -0.0184720    11400.00
        4810  -0.0184800    11200.00
        4811  -0.0184880    10600.00
        4812  -0.0184960     9200.00
        4813  -0.0185040     7800.00
        4814  -0.0185120     7000.00
        4815  -0.0185200     6800.00
        4816  -0.0185280     7000.00
        4817  -0.0185360     8200.00
        4818  -0.0185440     9200.00
        4819  -0.0185520    10600.00
        4820  -0.0185600    11600.00
        4821  -0.0185680    11600.00
        4822  -0.0185760    11400.00
        4823  -0.0185840    10400.00
        4824  -0.0185920     9200.00
        4825  -0.0186000     8200.00
        4826  -0.0186080     7600.00
        4827  -0.0186160     7400.00
        4828  -0.0186240     7800.00
        4829  -0.0186320     8600.00
        4830  -0.0186400     9800.00
        4831  -0.0186480    10400.00
        4832  -0.0186560    11000.00
        4833  -0.0186640    10800.00
        4834  -0.0186720    10200.00
        4835  -0.0186800     9200.00
        4836  -0.0186880     8400.00
        4837  -0.0186960     7400.00
        4838  -0.0187040     6800.00
        4839  -0.0187120     6800.00
        4840  -0.0187200     7200.00
        4841  -0.0187280     7800.00
        4842  -0.0187360     8600.00
        4843  -0.0187440     9000.00
        4844  -0.0187520     8600.00
        4845  -0.0187600     7400.00
        4846  -0.0187680     5200.00
        4847  -0.0187760     2600.00
        4848  -0.0187840      200.00
        4849  -0.0187920    -1800.00
        4850  -0.0188000    -2800.00
        4851  -0.0188080    -3400.00
        4852  -0.0188160    -3400.00
        4853  -0.0188240    -3600.00
        4854  -0.0188320    -4600.00
        4855  -0.0188400    -6000.00
        4856  -0.0188480    -7600.00
        4857  -0.0188560    -9800.00
        4858  -0.0188640   -10800.00
        4859  -0.0188720   -11600.00
        4860  -0.0188800   -11400.00
        4861  -0.0188880   -10400.00
        4862  -0.0188960    -9200.00
        4863  -0.0189040    -8000.00
        4864  -0.0189120    -7000.00
        4865  -0.0189200    -7000.00
        4866  -0.0189280    -7600.00
        4867  -0.0189360    -8600.00
        4868  -0.0189440    -9800.00
        4869  -0.0189520   -11000.00
        4870  -0.0189600   -11800.00
        4871  -0.0189680   -11800.00
        4872  -0.0189760   -11400.00
        4873  -0.0189840   -10600.00
        4874  -0.0189920    -9200.00
        4875  -0.0190000    -8200.00
        4876  -0.0190080    -7600.00
        4877  -0.0190160    -7600.00
        4878  -0.0190240    -8200.00
        4879  -0.0190320    -9200.00
        4880  -0.0190400   -10200.00
        4881  -0.0190480   -10800.00
        4882  -0.0190560   -11400.00
        4883  -0.0190640   -11000.00
        4884  -0.0190720   -10200.00
        4885  -0.0190800    -9200.00
        4886  -0.0190880    -8000.00
        4887  -0.0190960    -7000.00
        4888  -0.0191040    -7000.00
        4889  -0.0191120    -7000.00
        4890  -0.0191200    -7600.00
        4891  -0.0191280    -8400.00
        4892  -0.0191360    -9000.00
        4893  -0.0191440    -9200.00
        4894  -0.0191520    -8800.00
        4895  -0.0191600    -7400.00
        4896  -0.0191680    -5000.00
        4897  -0.0191760    -2400.00
        4898  -0.0191840     -200.00
        4899  -0.0191920     1600.00
        4900  -0.0192000     2600.00
        4901  -0.0192080     2800.00
        4902  -0.0192160     3000.00
        4903  -0.0192240     3600.00
        4904  -0.0192320     4600.00
        4905  -0.0192400     6200.00
        4906  -0.0192480     8200.00
        4907  -0.0192560     9800.00
        4908  -0.0192640    10800.00
        4909  -0.0192720    11400.00
        4910  -0.0192800    11000.00
        4911  -0.0192880    10000.00
        4912  -0.0192960     9000.00
        4913  -0.0193040     7600.00
        4914  -0.0193120     6800.00
        4915  -0.0193200     6800.00
        4916  -0.0193280     7600.00
        4917  -0.0193360     8600.00
        4918  -0.0193440    10000.00
        4919  -0.0193520    11000.00
        4920  -0.0193600    11600.00
        4921  -0.0193680    11800.00
        4922  -0.0193760    10800.00
        4923  -0.0193840    10000.00
        4924  -0.0193920     9000.00
        4925  -0.0194000     7800.00
        4926  -0.0194080     7400.00
        4927  -0.0194160     7600.00
        4928  -0.0194240     8200.00
        4929  -0.0194320     9200.00
        4930  -0.0194400    10000.00
        4931  -0.0194480    10800.00
        4932  -0.0194560    11000.00
        4933  -0.0194640    10800.00
        4934  -0.0194720     9800.00
        4935  -0.0194800     9000.00
        4936  -0.0194880     7800.00
        4937  -0.0194960     7000.00
        4938  -0.0195040     6800.00
        4939  -0.0195120     6800.00
        4940  -0.0195200     7600.00
        4941  -0.0195280     8200.00
        4942  -0.0195360     9000.00
        4943  -0.0195440     9000.00
        4944  -0.0195520     8400.00
        4945  -0.0195600     7000.00
        4946  -0.0195680     5000.00
        4947  -0.0195760     2200.00
        4948  -0.0195840      200.00
        4949  -0.0195920    -1800.00
        4950  -0.0196000    -2600.00
        4951  -0.0196080    -3000.00
        4952  -0.0196160    -3000.00
        4953  -0.0196240    -3800.00
        4954  -0.0196320    -4600.00
        4955  -0.0196400    -6200.00
        4956  -0.0196480    -8200.00
        4957  -0.0196560   -10000.00
        4958  -0.0196640   -11000.00
        4959  -0.0196720   -11400.00
        4960  -0.0196800   -11000.00
        4961  -0.0196880   -10200.00
        4962  -0.0196960    -8800.00
        4963  -0.0197040    -7600.00
        4964  -0.0197120    -7000.00
        4965  -0.0197200    -7000.00
        4966  -0.0197280    -7600.00
        4967  -0.0197360    -8600.00
        4968  -0.0197440   -10000.00
        4969  -0.0197520   -11000.00
        4970  -0.0197600   -11800.00
        4971  -0.0197680   -11600.00
        4972  -0.0197760   -11000.00
        4973  -0.0197840   -10000.00
        4974  -0.0197920    -9000.00
        4975  -0.0198000    -8000.00
        4976  -0.0198080    -7600.00
        4977  -0.0198160    -7600.00
        4978  -0.0198240    -8400.00
        4979  -0.0198320    -9200.00
        4980  -0.0198400   -10200.00
        4981  -0.0198480   -11000.00
        4982  -0.0198560   -11000.00
        4983  -0.0198640   -10800.00
        4984  -0.0198720   -10000.00
        4985  -0.0198800    -9000.00
        4986  -0.0198880    -7800.00
        4987  -0.0198960    -7000.00
        4988  -0.0199040    -7000.00
        4989  -0.0199120    -7200.00
        4990  -0.0199200    -7800.00
        4991  -0.0199280    -8600.00
        4992  -0.0199360    -9200.00
        4993  -0.0199440    -9200.00
        4994  -0.0199520    -8600.00
        4995  -0.0199600    -7000.00
        4996  -0.0199680    -5000.00
        4997  -0.0199760    -2600.00
        4998  -0.0199840     -400.00
        4999  -0.0199920     1200.00
