           #    Time(ms)     CH1(mV)
           0   0.0200000     6600.00
           1   0.0199920     5800.00
           2   0.0199840     4200.00
           3   0.0199760     2200.00
           4   0.0199680     -200.00
           5   0.0199600    -2600.00
           6   0.0199520    -4400.00
           7   0.0199440    -6000.00
           8   0.0199360    -7000.00
           9   0.0199280    -7600.00
          10   0.0199200    -8200.00
          11   0.0199120    -8600.00
          12   0.0199040    -9200.00
          13   0.0198960    -9200.00
          14   0.0198880    -9200.00
          15   0.0198800    -9200.00
          16   0.0198720    -9200.00
          17   0.0198640    -9200.00
          18   0.0198560    -9200.00
          19   0.0198480    -9200.00
          20   0.0198400    -9400.00
          21   0.0198320    -9400.00
          22   0.0198240   -10000.00
          23   0.0198160   -10200.00
          24   0.0198080   -10200.00
          25   0.0198000   -10400.00
          26   0.0197920   -10600.00
          27   0.0197840   -10200.00
          28   0.0197760   -10200.00
          29   0.0197680   -10000.00
          30   0.0197600   -10000.00
          31   0.0197520    -9800.00
          32   0.0197440   -10200.00
          33   0.0197360   -10200.00
          34   0.0197280   -10200.00
          35   0.0197200   -10400.00
          36   0.0197120   -10600.00
          37   0.0197040   -10200.00
          38   0.0196960   -10200.00
          39   0.0196880   -10000.00
          40   0.0196800    -9600.00
          41   0.0196720    -9400.00
          42   0.0196640    -9400.00
          43   0.0196560    -9400.00
          44   0.0196480    -9200.00
          45   0.0196400    -9400.00
          46   0.0196320    -9200.00
          47   0.0196240    -9400.00
          48   0.0196160    -9200.00
          49   0.0196080    -9000.00
          50   0.0196000    -8600.00
          51   0.0195920    -8400.00
          52   0.0195840    -8200.00
          53   0.0195760    -7600.00
          54   0.0195680    -7400.00
          55   0.0195600    -7000.00
          56   0.0195520    -6800.00
          57   0.0195440    -5400.00
          58   0.0195360    -3800.00
          59   0.0195280    -1600.00
          60   0.0195200     1000.00
          61   0.0195120     3000.00
          62   0.0195040     5200.00
          63   0.0194960     6600.00
          64   0.0194880     7000.00
          65   0.0194800     7600.00
          66   0.0194720     8200.00
          67   0.0194640     8600.00
          68   0.0194560     9200.00
          69   0.0194480     9200.00
          70   0.0194400     9400.00
          71   0.0194320     9400.00
          72   0.0194240     9400.00
          73   0.0194160     9200.00
          74   0.0194080     9200.00
          75   0.0194000     9200.00
          76   0.0193920     9400.00
          77   0.0193840     9400.00
          78   0.0193760    10000.00
          79   0.0193680    10200.00
          80   0.0193600    10400.00
          81   0.0193520    10400.00
          82   0.0193440    10600.00
          83   0.0193360    10400.00
          84   0.0193280    10200.00
          85   0.0193200    10000.00
          86   0.0193120    10000.00
          87   0.0193040     9800.00
          88   0.0192960    10000.00
          89   0.0192880    10000.00
          90   0.0192800    10400.00
          91   0.0192720    10600.00
          92   0.0192640    10400.00
          93   0.0192560    10200.00
          94   0.0192480    10200.00
          95   0.0192400    10000.00
          96   0.0192320     9800.00
          97   0.0192240     9400.00
          98   0.0192160     9400.00
          99   0.0192080     9200.00
         100   0.0192000     9000.00
         101   0.0191920     9200.00
         102   0.0191840     9200.00
         103   0.0191760     9200.00
         104   0.0191680     9000.00
         105   0.0191600     9000.00
         106   0.0191520     8600.00
         107   0.0191440     8400.00
         108   0.0191360     7800.00
         109   0.0191280     7600.00
         110   0.0191200     7000.00
         111   0.0191120     6600.00
         112   0.0191040     5400.00
         113   0.0190960     3800.00
         114   0.0190880     1800.00
         115   0.0190800     -600.00
         116   0.0190720    -3000.00
         117   0.0190640    -4800.00
         118   0.0190560    -6200.00
         119   0.0190480    -7000.00
         120   0.0190400    -7600.00
         121   0.0190320    -8400.00
         122   0.0190240    -9000.00
         123   0.0190160    -9200.00
         124   0.0190080    -9400.00
         125   0.0190000    -9400.00
         126   0.0189920    -9400.00
         127   0.0189840    -9200.00
         128   0.0189760    -9200.00
         129   0.0189680    -9200.00
         130   0.0189600    -9200.00
         131   0.0189520    -9400.00
         132   0.0189440    -9800.00
         133   0.0189360   -10000.00
         134   0.0189280   -10200.00
         135   0.0189200   -10600.00
         136   0.0189120   -10600.00
         137   0.0189040   -10600.00
         138   0.0188960   -10400.00
         139   0.0188880   -10200.00
         140   0.0188800   -10000.00
         141   0.0188720   -10000.00
         142   0.0188640   -10000.00
         143   0.0188560   -10000.00
         144   0.0188480   -10200.00
         145   0.0188400   -10400.00
         146   0.0188320   -10200.00
         147   0.0188240   -10400.00
         148   0.0188160   -10200.00
         149   0.0188080   -10200.00
         150   0.0188000   -10000.00
         151   0.0187920    -9800.00
         152   0.0187840    -9400.00
         153   0.0187760    -9400.00
         154   0.0187680    -9200.00
         155   0.0187600    -9200.00
         156   0.0187520    -9400.00
         157   0.0187440    -9200.00
         158   0.0187360    -9200.00
         159   0.0187280    -9200.00
         160   0.0187200    -8800.00
         161   0.0187120    -8600.00
         162   0.0187040    -8400.00
         163   0.0186960    -7800.00
         164   0.0186880    -7600.00
         165   0.0186800    -7400.00
         166   0.0186720    -7000.00
         167   0.0186640    -6200.00
         168   0.0186560    -5400.00
         169   0.0186480    -3400.00
         170   0.0186400    -1200.00
         171   0.0186320     1200.00
         172   0.0186240     3600.00
         173   0.0186160     5400.00
         174   0.0186080     6600.00
         175   0.0186000     7000.00
         176   0.0185920     7800.00
         177   0.0185840     8200.00
         178   0.0185760     8600.00
         179   0.0185680     9200.00
         180   0.0185600     9200.00
         181   0.0185520     9400.00
         182   0.0185440     9400.00
         183   0.0185360     9200.00
         184   0.0185280     9200.00
         185   0.0185200     9000.00
         186   0.0185120     9200.00
         187   0.0185040     9400.00
         188   0.0184960     9600.00
         189   0.0184880    10000.00
         190   0.0184800    10200.00
         191   0.0184720    10200.00
         192   0.0184640    10600.00
         193   0.0184560    10400.00
         194   0.0184480    10200.00
         195   0.0184400    10000.00
         196   0.0184320    10000.00
         197   0.0184240     9800.00
         198   0.0184160     9800.00
         199   0.0184080     9800.00
         200   0.0184000    10000.00
         201   0.0183920    10200.00
         202   0.0183840    10600.00
         203   0.0183760    10400.00
         204   0.0183680    10600.00
         205   0.0183600    10200.00
         206   0.0183520     9800.00
         207   0.0183440     9400.00
         208   0.0183360     9200.00
         209   0.0183280     9200.00
         210   0.0183200     9000.00
         211   0.0183120     9000.00
         212   0.0183040     9200.00
         213   0.0182960     9000.00
         214   0.0182880     9200.00
         215   0.0182800     9000.00
         216   0.0182720     9000.00
         217   0.0182640     8400.00
         218   0.0182560     8200.00
         219   0.0182480     7800.00
         220   0.0182400     7400.00
         221   0.0182320     7000.00
         222   0.0182240     6600.00
         223   0.0182160     5400.00
         224   0.0182080     3600.00
         225   0.0182000     1400.00
         226   0.0181920    -1000.00
         227   0.0181840    -3400.00
         228   0.0181760    -5000.00
         229   0.0181680    -6200.00
         230   0.0181600    -7400.00
         231   0.0181520    -7600.00
         232   0.0181440    -8400.00
         233   0.0181360    -8800.00
         234   0.0181280    -9200.00
         235   0.0181200    -9200.00
         236   0.0181120    -9400.00
         237   0.0181040    -9400.00
         238   0.0180960    -9200.00
         239   0.0180880    -9000.00
         240   0.0180800    -9200.00
         241   0.0180720    -9200.00
         242   0.0180640    -9400.00
         243   0.0180560    -9800.00
         244   0.0180480   -10000.00
         245   0.0180400   -10400.00
         246   0.0180320   -10600.00
         247   0.0180240   -10600.00
         248   0.0180160   -10200.00
         249   0.0180080   -10200.00
         250   0.0180000   -10200.00
         251   0.0179920   -10000.00
         252   0.0179840   -10000.00
         253   0.0179760   -10000.00
         254   0.0179680   -10200.00
         255   0.0179600   -10200.00
         256   0.0179520   -10400.00
         257   0.0179440   -10400.00
         258   0.0179360   -10600.00
         259   0.0179280   -10200.00
         260   0.0179200   -10200.00
         261   0.0179120    -9800.00
         262   0.0179040    -9800.00
         263   0.0178960    -9400.00
         264   0.0178880    -9400.00
         265   0.0178800    -9400.00
         266   0.0178720    -9400.00
         267   0.0178640    -9200.00
         268   0.0178560    -9400.00
         269   0.0178480    -9200.00
         270   0.0178400    -9200.00
         271   0.0178320    -8800.00
         272   0.0178240    -8600.00
         273   0.0178160    -8200.00
         274   0.0178080    -7800.00
         275   0.0178000    -7600.00
         276   0.0177920    -7400.00
         277   0.0177840    -7000.00
         278   0.0177760    -6200.00
         279   0.0177680    -5000.00
         280   0.0177600    -3000.00
         281   0.0177520     -600.00
         282   0.0177440     1800.00
         283   0.0177360     3800.00
         284   0.0177280     5800.00
         285   0.0177200     6800.00
         286   0.0177120     7400.00
         287   0.0177040     8000.00
         288   0.0176960     8400.00
         289   0.0176880     9000.00
         290   0.0176800     9200.00
         291   0.0176720     9400.00
         292   0.0176640     9400.00
         293   0.0176560     9400.00
         294   0.0176480     9200.00
         295   0.0176400     9200.00
         296   0.0176320     9200.00
         297   0.0176240     9200.00
         298   0.0176160     9400.00
         299   0.0176080     9800.00
         300   0.0176000    10000.00
         301   0.0175920    10400.00
         302   0.0175840    10600.00
         303   0.0175760    10600.00
         304   0.0175680    10400.00
         305   0.0175600    10200.00
         306   0.0175520    10000.00
         307   0.0175440    10000.00
         308   0.0175360     9800.00
         309   0.0175280    10000.00
         310   0.0175200    10000.00
         311   0.0175120    10000.00
         312   0.0175040    10200.00
         313   0.0174960    10200.00
         314   0.0174880    10200.00
         315   0.0174800    10200.00
         316   0.0174720    10000.00
         317   0.0174640     9800.00
         318   0.0174560     9600.00
         319   0.0174480     9200.00
         320   0.0174400     9200.00
         321   0.0174320     9200.00
         322   0.0174240     9000.00
         323   0.0174160     9200.00
         324   0.0174080     9000.00
         325   0.0174000     9200.00
         326   0.0173920     9000.00
         327   0.0173840     8600.00
         328   0.0173760     8400.00
         329   0.0173680     8200.00
         330   0.0173600     7600.00
         331   0.0173520     7400.00
         332   0.0173440     6800.00
         333   0.0173360     6400.00
         334   0.0173280     5200.00
         335   0.0173200     3400.00
         336   0.0173120     1200.00
         337   0.0173040    -1200.00
         338   0.0172960    -3600.00
         339   0.0172880    -5400.00
         340   0.0172800    -6600.00
         341   0.0172720    -7400.00
         342   0.0172640    -7800.00
         343   0.0172560    -8400.00
         344   0.0172480    -9000.00
         345   0.0172400    -9200.00
         346   0.0172320    -9400.00
         347   0.0172240    -9200.00
         348   0.0172160    -9400.00
         349   0.0172080    -9200.00
         350   0.0172000    -9200.00
         351   0.0171920    -9200.00
         352   0.0171840    -9200.00
         353   0.0171760    -9400.00
         354   0.0171680    -9800.00
         355   0.0171600   -10000.00
         356   0.0171520   -10200.00
         357   0.0171440   -10600.00
         358   0.0171360   -10200.00
         359   0.0171280   -10200.00
         360   0.0171200   -10200.00
         361   0.0171120   -10000.00
         362   0.0171040   -10000.00
         363   0.0170960   -10000.00
         364   0.0170880   -10000.00
         365   0.0170800   -10000.00
         366   0.0170720   -10200.00
         367   0.0170640   -10600.00
         368   0.0170560   -10600.00
         369   0.0170480   -10600.00
         370   0.0170400   -10200.00
         371   0.0170320   -10200.00
         372   0.0170240    -9800.00
         373   0.0170160    -9600.00
         374   0.0170080    -9400.00
         375   0.0170000    -9200.00
         376   0.0169920    -9400.00
         377   0.0169840    -9400.00
         378   0.0169760    -9400.00
         379   0.0169680    -9200.00
         380   0.0169600    -9200.00
         381   0.0169520    -9200.00
         382   0.0169440    -9200.00
         383   0.0169360    -8600.00
         384   0.0169280    -8200.00
         385   0.0169200    -8200.00
         386   0.0169120    -7600.00
         387   0.0169040    -7400.00
         388   0.0168960    -7000.00
         389   0.0168880    -6200.00
         390   0.0168800    -5000.00
         391   0.0168720    -2800.00
         392   0.0168640     -600.00
         393   0.0168560     2000.00
         394   0.0168480     4200.00
         395   0.0168400     5800.00
         396   0.0168320     6800.00
         397   0.0168240     7400.00
         398   0.0168160     7800.00
         399   0.0168080     8400.00
         400   0.0168000     9000.00
         401   0.0167920     9200.00
         402   0.0167840     9400.00
         403   0.0167760     9400.00
         404   0.0167680     9400.00
         405   0.0167600     9200.00
         406   0.0167520     9200.00
         407   0.0167440     9200.00
         408   0.0167360     9200.00
         409   0.0167280     9400.00
         410   0.0167200     9800.00
         411   0.0167120    10000.00
         412   0.0167040    10200.00
         413   0.0166960    10600.00
         414   0.0166880    10600.00
         415   0.0166800    10200.00
         416   0.0166720    10200.00
         417   0.0166640    10000.00
         418   0.0166560    10000.00
         419   0.0166480    10000.00
         420   0.0166400     9800.00
         421   0.0166320    10000.00
         422   0.0166240    10200.00
         423   0.0166160    10200.00
         424   0.0166080    10400.00
         425   0.0166000    10600.00
         426   0.0165920    10200.00
         427   0.0165840    10000.00
         428   0.0165760     9800.00
         429   0.0165680     9600.00
         430   0.0165600     9200.00
         431   0.0165520     9400.00
         432   0.0165440     9200.00
         433   0.0165360     9200.00
         434   0.0165280     9200.00
         435   0.0165200     9000.00
         436   0.0165120     9000.00
         437   0.0165040     9000.00
         438   0.0164960     8600.00
         439   0.0164880     8400.00
         440   0.0164800     8200.00
         441   0.0164720     7600.00
         442   0.0164640     7400.00
         443   0.0164560     6800.00
         444   0.0164480     6000.00
         445   0.0164400     5000.00
         446   0.0164320     2800.00
         447   0.0164240      600.00
         448   0.0164160    -1800.00
         449   0.0164080    -3800.00
         450   0.0164000    -5600.00
         451   0.0163920    -6800.00
         452   0.0163840    -7600.00
         453   0.0163760    -8200.00
         454   0.0163680    -8600.00
         455   0.0163600    -9000.00
         456   0.0163520    -9200.00
         457   0.0163440    -9400.00
         458   0.0163360    -9400.00
         459   0.0163280    -9400.00
         460   0.0163200    -9200.00
         461   0.0163120    -9200.00
         462   0.0163040    -9200.00
         463   0.0162960    -9400.00
         464   0.0162880    -9400.00
         465   0.0162800    -9800.00
         466   0.0162720   -10200.00
         467   0.0162640   -10400.00
         468   0.0162560   -10400.00
         469   0.0162480   -10600.00
         470   0.0162400   -10200.00
         471   0.0162320   -10200.00
         472   0.0162240   -10200.00
         473   0.0162160   -10000.00
         474   0.0162080   -10000.00
         475   0.0162000   -10000.00
         476   0.0161920   -10200.00
         477   0.0161840   -10200.00
         478   0.0161760   -10600.00
         479   0.0161680   -10600.00
         480   0.0161600   -10400.00
         481   0.0161520   -10400.00
         482   0.0161440   -10000.00
         483   0.0161360   -10000.00
         484   0.0161280    -9400.00
         485   0.0161200    -9200.00
         486   0.0161120    -9200.00
         487   0.0161040    -9200.00
         488   0.0160960    -9400.00
         489   0.0160880    -9200.00
         490   0.0160800    -9200.00
         491   0.0160720    -9200.00
         492   0.0160640    -9200.00
         493   0.0160560    -8800.00
         494   0.0160480    -8600.00
         495   0.0160400    -8000.00
         496   0.0160320    -7800.00
         497   0.0160240    -7600.00
         498   0.0160160    -7000.00
         499   0.0160080    -6800.00
         500   0.0160000    -6000.00
         501   0.0159920    -4400.00
         502   0.0159840    -2200.00
         503   0.0159760      200.00
         504   0.0159680     2200.00
         505   0.0159600     4400.00
         506   0.0159520     6000.00
         507   0.0159440     6800.00
         508   0.0159360     7400.00
         509   0.0159280     8000.00
         510   0.0159200     8400.00
         511   0.0159120     9000.00
         512   0.0159040     9200.00
         513   0.0158960     9400.00
         514   0.0158880     9400.00
         515   0.0158800     9400.00
         516   0.0158720     9200.00
         517   0.0158640     9000.00
         518   0.0158560     9000.00
         519   0.0158480     9200.00
         520   0.0158400     9600.00
         521   0.0158320     9800.00
         522   0.0158240    10000.00
         523   0.0158160    10200.00
         524   0.0158080    10600.00
         525   0.0158000    10600.00
         526   0.0157920    10400.00
         527   0.0157840    10000.00
         528   0.0157760    10000.00
         529   0.0157680    10000.00
         530   0.0157600    10000.00
         531   0.0157520    10000.00
         532   0.0157440    10000.00
         533   0.0157360    10200.00
         534   0.0157280    10200.00
         535   0.0157200    10400.00
         536   0.0157120    10200.00
         537   0.0157040    10200.00
         538   0.0156960    10000.00
         539   0.0156880     9800.00
         540   0.0156800     9400.00
         541   0.0156720     9400.00
         542   0.0156640     9200.00
         543   0.0156560     9200.00
         544   0.0156480     9200.00
         545   0.0156400     9200.00
         546   0.0156320     9200.00
         547   0.0156240     9000.00
         548   0.0156160     9000.00
         549   0.0156080     8600.00
         550   0.0156000     8400.00
         551   0.0155920     8200.00
         552   0.0155840     7600.00
         553   0.0155760     7200.00
         554   0.0155680     6800.00
         555   0.0155600     6000.00
         556   0.0155520     4600.00
         557   0.0155440     2600.00
         558   0.0155360      400.00
         559   0.0155280    -2000.00
         560   0.0155200    -4400.00
         561   0.0155120    -5800.00
         562   0.0155040    -6800.00
         563   0.0154960    -7400.00
         564   0.0154880    -8200.00
         565   0.0154800    -8600.00
         566   0.0154720    -9200.00
         567   0.0154640    -9200.00
         568   0.0154560    -9400.00
         569   0.0154480    -9400.00
         570   0.0154400    -9400.00
         571   0.0154320    -9200.00
         572   0.0154240    -9200.00
         573   0.0154160    -9200.00
         574   0.0154080    -9400.00
         575   0.0154000    -9400.00
         576   0.0153920   -10000.00
         577   0.0153840   -10200.00
         578   0.0153760   -10400.00
         579   0.0153680   -10600.00
         580   0.0153600   -10600.00
         581   0.0153520   -10400.00
         582   0.0153440   -10200.00
         583   0.0153360   -10200.00
         584   0.0153280   -10000.00
         585   0.0153200   -10000.00
         586   0.0153120   -10000.00
         587   0.0153040   -10200.00
         588   0.0152960   -10400.00
         589   0.0152880   -10600.00
         590   0.0152800   -10600.00
         591   0.0152720   -10600.00
         592   0.0152640   -10400.00
         593   0.0152560   -10200.00
         594   0.0152480    -9800.00
         595   0.0152400    -9400.00
         596   0.0152320    -9400.00
         597   0.0152240    -9200.00
         598   0.0152160    -9400.00
         599   0.0152080    -9200.00
         600   0.0152000    -9200.00
         601   0.0151920    -9400.00
         602   0.0151840    -9200.00
         603   0.0151760    -9200.00
         604   0.0151680    -8600.00
         605   0.0151600    -8400.00
         606   0.0151520    -8200.00
         607   0.0151440    -7600.00
         608   0.0151360    -7400.00
         609   0.0151280    -7000.00
         610   0.0151200    -6800.00
         611   0.0151120    -5800.00
         612   0.0151040    -3800.00
         613   0.0150960    -2000.00
         614   0.0150880      400.00
         615   0.0150800     2800.00
         616   0.0150720     5000.00
         617   0.0150640     6200.00
         618   0.0150560     7200.00
         619   0.0150480     7600.00
         620   0.0150400     8200.00
         621   0.0150320     8600.00
         622   0.0150240     9000.00
         623   0.0150160     9200.00
         624   0.0150080     9600.00
         625   0.0150000     9400.00
         626   0.0149920     9400.00
         627   0.0149840     9200.00
         628   0.0149760     9200.00
         629   0.0149680     9200.00
         630   0.0149600     9400.00
         631   0.0149520     9400.00
         632   0.0149440    10000.00
         633   0.0149360    10200.00
         634   0.0149280    10200.00
         635   0.0149200    10400.00
         636   0.0149120    10400.00
         637   0.0149040    10200.00
         638   0.0148960    10200.00
         639   0.0148880    10000.00
         640   0.0148800     9800.00
         641   0.0148720     9800.00
         642   0.0148640    10000.00
         643   0.0148560    10000.00
         644   0.0148480    10000.00
         645   0.0148400    10400.00
         646   0.0148320    10200.00
         647   0.0148240    10200.00
         648   0.0148160    10200.00
         649   0.0148080    10000.00
         650   0.0148000     9800.00
         651   0.0147920     9400.00
         652   0.0147840     9200.00
         653   0.0147760     9200.00
         654   0.0147680     9200.00
         655   0.0147600     9200.00
         656   0.0147520     9200.00
         657   0.0147440     9000.00
         658   0.0147360     9000.00
         659   0.0147280     8600.00
         660   0.0147200     8600.00
         661   0.0147120     8200.00
         662   0.0147040     8000.00
         663   0.0146960     7600.00
         664   0.0146880     7200.00
         665   0.0146800     6600.00
         666   0.0146720     6000.00
         667   0.0146640     4200.00
         668   0.0146560     2200.00
         669   0.0146480        0.00
         670   0.0146400    -2600.00
         671   0.0146320    -4400.00
         672   0.0146240    -6000.00
         673   0.0146160    -6800.00
         674   0.0146080    -7600.00
         675   0.0146000    -8200.00
         676   0.0145920    -8600.00
         677   0.0145840    -9200.00
         678   0.0145760    -9200.00
         679   0.0145680    -9400.00
         680   0.0145600    -9400.00
         681   0.0145520    -9200.00
         682   0.0145440    -9200.00
         683   0.0145360    -9200.00
         684   0.0145280    -9200.00
         685   0.0145200    -9400.00
         686   0.0145120    -9400.00
         687   0.0145040   -10000.00
         688   0.0144960   -10200.00
         689   0.0144880   -10200.00
         690   0.0144800   -10600.00
         691   0.0144720   -10600.00
         692   0.0144640   -10200.00
         693   0.0144560   -10000.00
         694   0.0144480   -10000.00
         695   0.0144400   -10200.00
         696   0.0144320   -10000.00
         697   0.0144240   -10200.00
         698   0.0144160   -10200.00
         699   0.0144080   -10400.00
         700   0.0144000   -10600.00
         701   0.0143920   -10600.00
         702   0.0143840   -10600.00
         703   0.0143760   -10200.00
         704   0.0143680   -10000.00
         705   0.0143600    -9800.00
         706   0.0143520    -9400.00
         707   0.0143440    -9400.00
         708   0.0143360    -9400.00
         709   0.0143280    -9200.00
         710   0.0143200    -9400.00
         711   0.0143120    -9400.00
         712   0.0143040    -9400.00
         713   0.0142960    -9200.00
         714   0.0142880    -9200.00
         715   0.0142800    -8600.00
         716   0.0142720    -8400.00
         717   0.0142640    -8200.00
         718   0.0142560    -7800.00
         719   0.0142480    -7400.00
         720   0.0142400    -7000.00
         721   0.0142320    -6600.00
         722   0.0142240    -5400.00
         723   0.0142160    -3800.00
         724   0.0142080    -1800.00
         725   0.0142000     1000.00
         726   0.0141920     3000.00
         727   0.0141840     5200.00
         728   0.0141760     6400.00
         729   0.0141680     7400.00
         730   0.0141600     7600.00
         731   0.0141520     8200.00
         732   0.0141440     8600.00
         733   0.0141360     9200.00
         734   0.0141280     9400.00
         735   0.0141200     9200.00
         736   0.0141120     9400.00
         737   0.0141040     9200.00
         738   0.0140960     9200.00
         739   0.0140880     9200.00
         740   0.0140800     9200.00
         741   0.0140720     9400.00
         742   0.0140640     9800.00
         743   0.0140560     9800.00
         744   0.0140480    10200.00
         745   0.0140400    10200.00
         746   0.0140320    10600.00
         747   0.0140240    10600.00
         748   0.0140160    10200.00
         749   0.0140080    10000.00
         750   0.0140000    10000.00
         751   0.0139920     9800.00
         752   0.0139840     9800.00
         753   0.0139760    10000.00
         754   0.0139680    10200.00
         755   0.0139600    10200.00
         756   0.0139520    10400.00
         757   0.0139440    10200.00
         758   0.0139360    10400.00
         759   0.0139280    10200.00
         760   0.0139200    10000.00
         761   0.0139120     9800.00
         762   0.0139040     9200.00
         763   0.0138960     9200.00
         764   0.0138880     9000.00
         765   0.0138800     9200.00
         766   0.0138720     9000.00
         767   0.0138640     9000.00
         768   0.0138560     9000.00
         769   0.0138480     9000.00
         770   0.0138400     8600.00
         771   0.0138320     8400.00
         772   0.0138240     8200.00
         773   0.0138160     7800.00
         774   0.0138080     7400.00
         775   0.0138000     7000.00
         776   0.0137920     6600.00
         777   0.0137840     5400.00
         778   0.0137760     4000.00
         779   0.0137680     1800.00
         780   0.0137600     -600.00
         781   0.0137520    -2800.00
         782   0.0137440    -4600.00
         783   0.0137360    -6200.00
         784   0.0137280    -7000.00
         785   0.0137200    -7600.00
         786   0.0137120    -8400.00
         787   0.0137040    -8800.00
         788   0.0136960    -9400.00
         789   0.0136880    -9200.00
         790   0.0136800    -9400.00
         791   0.0136720    -9400.00
         792   0.0136640    -9200.00
         793   0.0136560    -9200.00
         794   0.0136480    -9200.00
         795   0.0136400    -9200.00
         796   0.0136320    -9400.00
         797   0.0136240    -9800.00
         798   0.0136160   -10000.00
         799   0.0136080   -10200.00
         800   0.0136000   -10400.00
         801   0.0135920   -10400.00
         802   0.0135840   -10400.00
         803   0.0135760   -10200.00
         804   0.0135680   -10000.00
         805   0.0135600   -10000.00
         806   0.0135520    -9800.00
         807   0.0135440   -10000.00
         808   0.0135360   -10000.00
         809   0.0135280   -10200.00
         810   0.0135200   -10600.00
         811   0.0135120   -10200.00
         812   0.0135040   -10400.00
         813   0.0134960   -10200.00
         814   0.0134880   -10200.00
         815   0.0134800   -10000.00
         816   0.0134720    -9800.00
         817   0.0134640    -9400.00
         818   0.0134560    -9400.00
         819   0.0134480    -9200.00
         820   0.0134400    -9200.00
         821   0.0134320    -9400.00
         822   0.0134240    -9200.00
         823   0.0134160    -9200.00
         824   0.0134080    -9200.00
         825   0.0134000    -9000.00
         826   0.0133920    -8600.00
         827   0.0133840    -8400.00
         828   0.0133760    -8200.00
         829   0.0133680    -7600.00
         830   0.0133600    -7400.00
         831   0.0133520    -7000.00
         832   0.0133440    -6600.00
         833   0.0133360    -5400.00
         834   0.0133280    -3600.00
         835   0.0133200    -1200.00
         836   0.0133120     1200.00
         837   0.0133040     3600.00
         838   0.0132960     5400.00
         839   0.0132880     6600.00
         840   0.0132800     7400.00
         841   0.0132720     7800.00
         842   0.0132640     8400.00
         843   0.0132560     9000.00
         844   0.0132480     9000.00
         845   0.0132400     9200.00
         846   0.0132320     9200.00
         847   0.0132240     9400.00
         848   0.0132160     9200.00
         849   0.0132080     9200.00
         850   0.0132000     9200.00
         851   0.0131920     9200.00
         852   0.0131840     9400.00
         853   0.0131760     9800.00
         854   0.0131680    10000.00
         855   0.0131600    10200.00
         856   0.0131520    10400.00
         857   0.0131440    10600.00
         858   0.0131360    10600.00
         859   0.0131280    10200.00
         860   0.0131200    10000.00
         861   0.0131120    10000.00
         862   0.0131040    10000.00
         863   0.0130960     9800.00
         864   0.0130880    10000.00
         865   0.0130800    10000.00
         866   0.0130720    10200.00
         867   0.0130640    10400.00
         868   0.0130560    10600.00
         869   0.0130480    10600.00
         870   0.0130400    10000.00
         871   0.0130320    10000.00
         872   0.0130240     9800.00
         873   0.0130160     9400.00
         874   0.0130080     9200.00
         875   0.0130000     9200.00
         876   0.0129920     9200.00
         877   0.0129840     9200.00
         878   0.0129760     9200.00
         879   0.0129680     9000.00
         880   0.0129600     9000.00
         881   0.0129520     8800.00
         882   0.0129440     8400.00
         883   0.0129360     8200.00
         884   0.0129280     7800.00
         885   0.0129200     7400.00
         886   0.0129120     7000.00
         887   0.0129040     6600.00
         888   0.0128960     5400.00
         889   0.0128880     3600.00
         890   0.0128800     1400.00
         891   0.0128720     -600.00
         892   0.0128640    -3400.00
         893   0.0128560    -5000.00
         894   0.0128480    -6200.00
         895   0.0128400    -7200.00
         896   0.0128320    -8000.00
         897   0.0128240    -8200.00
         898   0.0128160    -9000.00
         899   0.0128080    -9200.00
         900   0.0128000    -9400.00
         901   0.0127920    -9400.00
         902   0.0127840    -9400.00
         903   0.0127760    -9200.00
         904   0.0127680    -9200.00
         905   0.0127600    -9200.00
         906   0.0127520    -9200.00
         907   0.0127440    -9600.00
         908   0.0127360    -9800.00
         909   0.0127280   -10200.00
         910   0.0127200   -10200.00
         911   0.0127120   -10400.00
         912   0.0127040   -10600.00
         913   0.0126960   -10400.00
         914   0.0126880   -10400.00
         915   0.0126800   -10200.00
         916   0.0126720   -10000.00
         917   0.0126640   -10000.00
         918   0.0126560   -10000.00
         919   0.0126480   -10000.00
         920   0.0126400   -10200.00
         921   0.0126320   -10200.00
         922   0.0126240   -10400.00
         923   0.0126160   -10200.00
         924   0.0126080   -10200.00
         925   0.0126000   -10000.00
         926   0.0125920    -9800.00
         927   0.0125840    -9400.00
         928   0.0125760    -9400.00
         929   0.0125680    -9200.00
         930   0.0125600    -9200.00
         931   0.0125520    -9400.00
         932   0.0125440    -9200.00
         933   0.0125360    -9200.00
         934   0.0125280    -9200.00
         935   0.0125200    -9200.00
         936   0.0125120    -8800.00
         937   0.0125040    -8600.00
         938   0.0124960    -8200.00
         939   0.0124880    -7800.00
         940   0.0124800    -7600.00
         941   0.0124720    -7000.00
         942   0.0124640    -7000.00
         943   0.0124560    -6200.00
         944   0.0124480    -5000.00
         945   0.0124400    -3000.00
         946   0.0124320     -800.00
         947   0.0124240     1800.00
         948   0.0124160     4000.00
         949   0.0124080     5800.00
         950   0.0124000     6800.00
         951   0.0123920     7400.00
         952   0.0123840     7800.00
         953   0.0123760     8400.00
         954   0.0123680     9000.00
         955   0.0123600     9200.00
         956   0.0123520     9400.00
         957   0.0123440     9400.00
         958   0.0123360     9400.00
         959   0.0123280     9200.00
         960   0.0123200     9000.00
         961   0.0123120     9200.00
         962   0.0123040     9200.00
         963   0.0122960     9400.00
         964   0.0122880     9800.00
         965   0.0122800    10000.00
         966   0.0122720    10200.00
         967   0.0122640    10600.00
         968   0.0122560    10600.00
         969   0.0122480    10400.00
         970   0.0122400    10000.00
         971   0.0122320    10000.00
         972   0.0122240    10000.00
         973   0.0122160     9800.00
         974   0.0122080    10000.00
         975   0.0122000     9800.00
         976   0.0121920    10000.00
         977   0.0121840    10200.00
         978   0.0121760    10200.00
         979   0.0121680    10200.00
         980   0.0121600    10200.00
         981   0.0121520    10000.00
         982   0.0121440     9800.00
         983   0.0121360     9800.00
         984   0.0121280     9400.00
         985   0.0121200     9200.00
         986   0.0121120     9200.00
         987   0.0121040     9000.00
         988   0.0120960     9200.00
         989   0.0120880     9200.00
         990   0.0120800     9000.00
         991   0.0120720     9000.00
         992   0.0120640     8600.00
         993   0.0120560     8400.00
         994   0.0120480     8200.00
         995   0.0120400     7800.00
         996   0.0120320     7400.00
         997   0.0120240     7000.00
         998   0.0120160     6600.00
         999   0.0120080     5200.00
        1000   0.0120000     3400.00
        1001   0.0119920     1200.00
        1002   0.0119840    -1200.00
        1003   0.0119760    -3600.00
        1004   0.0119680    -5200.00
        1005   0.0119600    -6600.00
        1006   0.0119520    -7400.00
        1007   0.0119440    -7800.00
        1008   0.0119360    -8400.00
        1009   0.0119280    -9000.00
        1010   0.0119200    -9200.00
        1011   0.0119120    -9200.00
        1012   0.0119040    -9200.00
        1013   0.0118960    -9200.00
        1014   0.0118880    -9200.00
        1015   0.0118800    -9200.00
        1016   0.0118720    -9200.00
        1017   0.0118640    -9200.00
        1018   0.0118560    -9200.00
        1019   0.0118480    -9800.00
        1020   0.0118400   -10200.00
        1021   0.0118320   -10200.00
        1022   0.0118240   -10600.00
        1023   0.0118160   -10400.00
        1024   0.0118080   -10200.00
        1025   0.0118000   -10200.00
        1026   0.0117920   -10200.00
        1027   0.0117840   -10000.00
        1028   0.0117760   -10000.00
        1029   0.0117680   -10000.00
        1030   0.0117600   -10200.00
        1031   0.0117520   -10200.00
        1032   0.0117440   -10600.00
        1033   0.0117360   -10600.00
        1034   0.0117280   -10600.00
        1035   0.0117200   -10400.00
        1036   0.0117120   -10200.00
        1037   0.0117040    -9800.00
        1038   0.0116960    -9400.00
        1039   0.0116880    -9400.00
        1040   0.0116800    -9400.00
        1041   0.0116720    -9400.00
        1042   0.0116640    -9200.00
        1043   0.0116560    -9200.00
        1044   0.0116480    -9400.00
        1045   0.0116400    -9200.00
        1046   0.0116320    -9200.00
        1047   0.0116240    -8800.00
        1048   0.0116160    -8600.00
        1049   0.0116080    -8400.00
        1050   0.0116000    -7800.00
        1051   0.0115920    -7600.00
        1052   0.0115840    -7200.00
        1053   0.0115760    -7000.00
        1054   0.0115680    -6000.00
        1055   0.0115600    -5000.00
        1056   0.0115520    -2800.00
        1057   0.0115440     -400.00
        1058   0.0115360     2000.00
        1059   0.0115280     4200.00
        1060   0.0115200     5800.00
        1061   0.0115120     6800.00
        1062   0.0115040     7600.00
        1063   0.0114960     8200.00
        1064   0.0114880     8400.00
        1065   0.0114800     9000.00
        1066   0.0114720     9000.00
        1067   0.0114640     9400.00
        1068   0.0114560     9400.00
        1069   0.0114480     9400.00
        1070   0.0114400     9200.00
        1071   0.0114320     9200.00
        1072   0.0114240     9200.00
        1073   0.0114160     9200.00
        1074   0.0114080     9600.00
        1075   0.0114000     9800.00
        1076   0.0113920    10000.00
        1077   0.0113840    10200.00
        1078   0.0113760    10400.00
        1079   0.0113680    10600.00
        1080   0.0113600    10600.00
        1081   0.0113520    10000.00
        1082   0.0113440    10000.00
        1083   0.0113360    10000.00
        1084   0.0113280     9800.00
        1085   0.0113200    10000.00
        1086   0.0113120    10000.00
        1087   0.0113040    10200.00
        1088   0.0112960    10200.00
        1089   0.0112880    10400.00
        1090   0.0112800    10200.00
        1091   0.0112720    10200.00
        1092   0.0112640    10000.00
        1093   0.0112560     9800.00
        1094   0.0112480     9400.00
        1095   0.0112400     9200.00
        1096   0.0112320     9000.00
        1097   0.0112240     9200.00
        1098   0.0112160     9000.00
        1099   0.0112080     9000.00
        1100   0.0112000     9200.00
        1101   0.0111920     9000.00
        1102   0.0111840     9000.00
        1103   0.0111760     8600.00
        1104   0.0111680     8400.00
        1105   0.0111600     7800.00
        1106   0.0111520     7800.00
        1107   0.0111440     7200.00
        1108   0.0111360     6800.00
        1109   0.0111280     6000.00
        1110   0.0111200     5000.00
        1111   0.0111120     2800.00
        1112   0.0111040      600.00
        1113   0.0110960    -1800.00
        1114   0.0110880    -3800.00
        1115   0.0110800    -5600.00
        1116   0.0110720    -6600.00
        1117   0.0110640    -7400.00
        1118   0.0110560    -8000.00
        1119   0.0110480    -8600.00
        1120   0.0110400    -9200.00
        1121   0.0110320    -9400.00
        1122   0.0110240    -9400.00
        1123   0.0110160    -9400.00
        1124   0.0110080    -9400.00
        1125   0.0110000    -9200.00
        1126   0.0109920    -9200.00
        1127   0.0109840    -9200.00
        1128   0.0109760    -9200.00
        1129   0.0109680    -9200.00
        1130   0.0109600    -9800.00
        1131   0.0109520   -10200.00
        1132   0.0109440   -10200.00
        1133   0.0109360   -10600.00
        1134   0.0109280   -10600.00
        1135   0.0109200   -10200.00
        1136   0.0109120   -10200.00
        1137   0.0109040   -10200.00
        1138   0.0108960   -10000.00
        1139   0.0108880   -10000.00
        1140   0.0108800   -10000.00
        1141   0.0108720   -10200.00
        1142   0.0108640   -10200.00
        1143   0.0108560   -10600.00
        1144   0.0108480   -10600.00
        1145   0.0108400   -10200.00
        1146   0.0108320   -10200.00
        1147   0.0108240   -10200.00
        1148   0.0108160   -10000.00
        1149   0.0108080    -9400.00
        1150   0.0108000    -9200.00
        1151   0.0107920    -9400.00
        1152   0.0107840    -9200.00
        1153   0.0107760    -9200.00
        1154   0.0107680    -9400.00
        1155   0.0107600    -9200.00
        1156   0.0107520    -9200.00
        1157   0.0107440    -9200.00
        1158   0.0107360    -9000.00
        1159   0.0107280    -8600.00
        1160   0.0107200    -8200.00
        1161   0.0107120    -7600.00
        1162   0.0107040    -7600.00
        1163   0.0106960    -7200.00
        1164   0.0106880    -6800.00
        1165   0.0106800    -6000.00
        1166   0.0106720    -4400.00
        1167   0.0106640    -2200.00
        1168   0.0106560        0.00
        1169   0.0106480     2600.00
        1170   0.0106400     4400.00
        1171   0.0106320     6000.00
        1172   0.0106240     7000.00
        1173   0.0106160     7400.00
        1174   0.0106080     8000.00
        1175   0.0106000     8600.00
        1176   0.0105920     9000.00
        1177   0.0105840     9000.00
        1178   0.0105760     9400.00
        1179   0.0105680     9200.00
        1180   0.0105600     9400.00
        1181   0.0105520     9200.00
        1182   0.0105440     9200.00
        1183   0.0105360     9200.00
        1184   0.0105280     9200.00
        1185   0.0105200     9600.00
        1186   0.0105120     9800.00
        1187   0.0105040    10000.00
        1188   0.0104960    10200.00
        1189   0.0104880    10400.00
        1190   0.0104800    10600.00
        1191   0.0104720    10600.00
        1192   0.0104640    10200.00
        1193   0.0104560    10000.00
        1194   0.0104480    10000.00
        1195   0.0104400     9800.00
        1196   0.0104320    10000.00
        1197   0.0104240    10000.00
        1198   0.0104160    10200.00
        1199   0.0104080    10200.00
        1200   0.0104000    10400.00
        1201   0.0103920    10600.00
        1202   0.0103840    10200.00
        1203   0.0103760    10000.00
        1204   0.0103680     9800.00
        1205   0.0103600     9600.00
        1206   0.0103520     9200.00
        1207   0.0103440     9200.00
        1208   0.0103360     9200.00
        1209   0.0103280     9200.00
        1210   0.0103200     9200.00
        1211   0.0103120     9200.00
        1212   0.0103040     9000.00
        1213   0.0102960     9000.00
        1214   0.0102880     8600.00
        1215   0.0102800     8200.00
        1216   0.0102720     8000.00
        1217   0.0102640     7600.00
        1218   0.0102560     7200.00
        1219   0.0102480     6800.00
        1220   0.0102400     6000.00
        1221   0.0102320     4400.00
        1222   0.0102240     2600.00
        1223   0.0102160      400.00
        1224   0.0102080    -2200.00
        1225   0.0102000    -4000.00
        1226   0.0101920    -5800.00
        1227   0.0101840    -6800.00
        1228   0.0101760    -7600.00
        1229   0.0101680    -8200.00
        1230   0.0101600    -8600.00
        1231   0.0101520    -9200.00
        1232   0.0101440    -9200.00
        1233   0.0101360    -9400.00
        1234   0.0101280    -9400.00
        1235   0.0101200    -9400.00
        1236   0.0101120    -9200.00
        1237   0.0101040    -9200.00
        1238   0.0100960    -9200.00
        1239   0.0100880    -9400.00
        1240   0.0100800    -9400.00
        1241   0.0100720   -10000.00
        1242   0.0100640   -10200.00
        1243   0.0100560   -10400.00
        1244   0.0100480   -10400.00
        1245   0.0100400   -10600.00
        1246   0.0100320   -10200.00
        1247   0.0100240   -10200.00
        1248   0.0100160   -10200.00
        1249   0.0100080   -10200.00
        1250   0.0100000   -10000.00
        1251   0.0099920   -10200.00
        1252   0.0099840   -10200.00
        1253   0.0099760   -10200.00
        1254   0.0099680   -10400.00
        1255   0.0099600   -10400.00
        1256   0.0099520   -10600.00
        1257   0.0099440   -10200.00
        1258   0.0099360   -10000.00
        1259   0.0099280    -9800.00
        1260   0.0099200    -9400.00
        1261   0.0099120    -9400.00
        1262   0.0099040    -9200.00
        1263   0.0098960    -9200.00
        1264   0.0098880    -9400.00
        1265   0.0098800    -9400.00
        1266   0.0098720    -9400.00
        1267   0.0098640    -9200.00
        1268   0.0098560    -9200.00
        1269   0.0098480    -8800.00
        1270   0.0098400    -8600.00
        1271   0.0098320    -8200.00
        1272   0.0098240    -7600.00
        1273   0.0098160    -7600.00
        1274   0.0098080    -7000.00
        1275   0.0098000    -6600.00
        1276   0.0097920    -6000.00
        1277   0.0097840    -4200.00
        1278   0.0097760    -2000.00
        1279   0.0097680      400.00
        1280   0.0097600     2800.00
        1281   0.0097520     4600.00
        1282   0.0097440     6200.00
        1283   0.0097360     7000.00
        1284   0.0097280     7600.00
        1285   0.0097200     8200.00
        1286   0.0097120     8600.00
        1287   0.0097040     9000.00
        1288   0.0096960     9000.00
        1289   0.0096880     9200.00
        1290   0.0096800     9200.00
        1291   0.0096720     9200.00
        1292   0.0096640     9200.00
        1293   0.0096560     9200.00
        1294   0.0096480     9200.00
        1295   0.0096400     9200.00
        1296   0.0096320     9400.00
        1297   0.0096240    10000.00
        1298   0.0096160    10000.00
        1299   0.0096080    10200.00
        1300   0.0096000    10200.00
        1301   0.0095920    10200.00
        1302   0.0095840    10400.00
        1303   0.0095760    10000.00
        1304   0.0095680     9800.00
        1305   0.0095600    10000.00
        1306   0.0095520     9800.00
        1307   0.0095440    10000.00
        1308   0.0095360     9800.00
        1309   0.0095280    10200.00
        1310   0.0095200    10200.00
        1311   0.0095120    10200.00
        1312   0.0095040    10200.00
        1313   0.0094960    10000.00
        1314   0.0094880    10000.00
        1315   0.0094800     9800.00
        1316   0.0094720     9400.00
        1317   0.0094640     9400.00
        1318   0.0094560     9200.00
        1319   0.0094480     9000.00
        1320   0.0094400     9200.00
        1321   0.0094320     9200.00
        1322   0.0094240     9200.00
        1323   0.0094160     9000.00
        1324   0.0094080     8800.00
        1325   0.0094000     8600.00
        1326   0.0093920     8400.00
        1327   0.0093840     8000.00
        1328   0.0093760     7600.00
        1329   0.0093680     7200.00
        1330   0.0093600     6800.00
        1331   0.0093520     5800.00
        1332   0.0093440     4200.00
        1333   0.0093360     2200.00
        1334   0.0093280        0.00
        1335   0.0093200    -2400.00
        1336   0.0093120    -4400.00
        1337   0.0093040    -6000.00
        1338   0.0092960    -7000.00
        1339   0.0092880    -7400.00
        1340   0.0092800    -8400.00
        1341   0.0092720    -8600.00
        1342   0.0092640    -9200.00
        1343   0.0092560    -9200.00
        1344   0.0092480    -9400.00
        1345   0.0092400    -9400.00
        1346   0.0092320    -9400.00
        1347   0.0092240    -9200.00
        1348   0.0092160    -9200.00
        1349   0.0092080    -9200.00
        1350   0.0092000    -9400.00
        1351   0.0091920    -9800.00
        1352   0.0091840   -10000.00
        1353   0.0091760   -10200.00
        1354   0.0091680   -10600.00
        1355   0.0091600   -10600.00
        1356   0.0091520   -10600.00
        1357   0.0091440   -10200.00
        1358   0.0091360   -10200.00
        1359   0.0091280   -10200.00
        1360   0.0091200   -10000.00
        1361   0.0091120   -10000.00
        1362   0.0091040   -10000.00
        1363   0.0090960   -10200.00
        1364   0.0090880   -10200.00
        1365   0.0090800   -10600.00
        1366   0.0090720   -10600.00
        1367   0.0090640   -10400.00
        1368   0.0090560   -10600.00
        1369   0.0090480   -10200.00
        1370   0.0090400   -10000.00
        1371   0.0090320    -9600.00
        1372   0.0090240    -9400.00
        1373   0.0090160    -9400.00
        1374   0.0090080    -9200.00
        1375   0.0090000    -9200.00
        1376   0.0089920    -9200.00
        1377   0.0089840    -9200.00
        1378   0.0089760    -9200.00
        1379   0.0089680    -9000.00
        1380   0.0089600    -8600.00
        1381   0.0089520    -8400.00
        1382   0.0089440    -8200.00
        1383   0.0089360    -7600.00
        1384   0.0089280    -7400.00
        1385   0.0089200    -7000.00
        1386   0.0089120    -6800.00
        1387   0.0089040    -5400.00
        1388   0.0088960    -3800.00
        1389   0.0088880    -1400.00
        1390   0.0088800     1000.00
        1391   0.0088720     3400.00
        1392   0.0088640     5200.00
        1393   0.0088560     6600.00
        1394   0.0088480     7200.00
        1395   0.0088400     7600.00
        1396   0.0088320     8400.00
        1397   0.0088240     8600.00
        1398   0.0088160     9000.00
        1399   0.0088080     9200.00
        1400   0.0088000     9400.00
        1401   0.0087920     9400.00
        1402   0.0087840     9200.00
        1403   0.0087760     9400.00
        1404   0.0087680     9200.00
        1405   0.0087600     9200.00
        1406   0.0087520     9400.00
        1407   0.0087440     9400.00
        1408   0.0087360    10000.00
        1409   0.0087280    10200.00
        1410   0.0087200    10400.00
        1411   0.0087120    10200.00
        1412   0.0087040    10600.00
        1413   0.0086960    10200.00
        1414   0.0086880    10000.00
        1415   0.0086800    10000.00
        1416   0.0086720    10000.00
        1417   0.0086640     9800.00
        1418   0.0086560    10000.00
        1419   0.0086480    10000.00
        1420   0.0086400    10200.00
        1421   0.0086320    10400.00
        1422   0.0086240    10200.00
        1423   0.0086160    10200.00
        1424   0.0086080    10000.00
        1425   0.0086000    10000.00
        1426   0.0085920     9600.00
        1427   0.0085840     9400.00
        1428   0.0085760     9000.00
        1429   0.0085680     9200.00
        1430   0.0085600     9000.00
        1431   0.0085520     9000.00
        1432   0.0085440     9000.00
        1433   0.0085360     9200.00
        1434   0.0085280     9000.00
        1435   0.0085200     8600.00
        1436   0.0085120     8400.00
        1437   0.0085040     8200.00
        1438   0.0084960     7800.00
        1439   0.0084880     7400.00
        1440   0.0084800     7000.00
        1441   0.0084720     6600.00
        1442   0.0084640     5800.00
        1443   0.0084560     4200.00
        1444   0.0084480     2000.00
        1445   0.0084400     -400.00
        1446   0.0084320    -2600.00
        1447   0.0084240    -4600.00
        1448   0.0084160    -6000.00
        1449   0.0084080    -7000.00
        1450   0.0084000    -7600.00
        1451   0.0083920    -8400.00
        1452   0.0083840    -8600.00
        1453   0.0083760    -9200.00
        1454   0.0083680    -9200.00
        1455   0.0083600    -9200.00
        1456   0.0083520    -9400.00
        1457   0.0083440    -9200.00
        1458   0.0083360    -9000.00
        1459   0.0083280    -9200.00
        1460   0.0083200    -9200.00
        1461   0.0083120    -9400.00
        1462   0.0083040    -9400.00
        1463   0.0082960   -10000.00
        1464   0.0082880   -10200.00
        1465   0.0082800   -10400.00
        1466   0.0082720   -10600.00
        1467   0.0082640   -10600.00
        1468   0.0082560   -10200.00
        1469   0.0082480   -10200.00
        1470   0.0082400   -10000.00
        1471   0.0082320   -10000.00
        1472   0.0082240   -10000.00
        1473   0.0082160   -10000.00
        1474   0.0082080   -10200.00
        1475   0.0082000   -10400.00
        1476   0.0081920   -10600.00
        1477   0.0081840   -10600.00
        1478   0.0081760   -10600.00
        1479   0.0081680   -10200.00
        1480   0.0081600   -10000.00
        1481   0.0081520    -9800.00
        1482   0.0081440    -9400.00
        1483   0.0081360    -9400.00
        1484   0.0081280    -9200.00
        1485   0.0081200    -9400.00
        1486   0.0081120    -9400.00
        1487   0.0081040    -9400.00
        1488   0.0080960    -9200.00
        1489   0.0080880    -9200.00
        1490   0.0080800    -9200.00
        1491   0.0080720    -8600.00
        1492   0.0080640    -8400.00
        1493   0.0080560    -8200.00
        1494   0.0080480    -7600.00
        1495   0.0080400    -7400.00
        1496   0.0080320    -7000.00
        1497   0.0080240    -6600.00
        1498   0.0080160    -5400.00
        1499   0.0080080    -3600.00
        1500   0.0080000    -1200.00
        1501   0.0079920     1200.00
        1502   0.0079840     3400.00
        1503   0.0079760     5400.00
        1504   0.0079680     6600.00
        1505   0.0079600     7400.00
        1506   0.0079520     7800.00
        1507   0.0079440     8400.00
        1508   0.0079360     9000.00
        1509   0.0079280     9200.00
        1510   0.0079200     9200.00
        1511   0.0079120     9400.00
        1512   0.0079040     9400.00
        1513   0.0078960     9200.00
        1514   0.0078880     9000.00
        1515   0.0078800     9200.00
        1516   0.0078720     9200.00
        1517   0.0078640     9400.00
        1518   0.0078560     9800.00
        1519   0.0078480    10000.00
        1520   0.0078400    10200.00
        1521   0.0078320    10600.00
        1522   0.0078240    10600.00
        1523   0.0078160    10400.00
        1524   0.0078080    10200.00
        1525   0.0078000    10000.00
        1526   0.0077920    10000.00
        1527   0.0077840    10000.00
        1528   0.0077760     9800.00
        1529   0.0077680    10000.00
        1530   0.0077600    10000.00
        1531   0.0077520    10200.00
        1532   0.0077440    10600.00
        1533   0.0077360    10400.00
        1534   0.0077280    10200.00
        1535   0.0077200    10000.00
        1536   0.0077120     9800.00
        1537   0.0077040     9400.00
        1538   0.0076960     9400.00
        1539   0.0076880     9400.00
        1540   0.0076800     9200.00
        1541   0.0076720     9200.00
        1542   0.0076640     9200.00
        1543   0.0076560     9200.00
        1544   0.0076480     9200.00
        1545   0.0076400     8800.00
        1546   0.0076320     8600.00
        1547   0.0076240     8400.00
        1548   0.0076160     8200.00
        1549   0.0076080     7800.00
        1550   0.0076000     7400.00
        1551   0.0075920     7000.00
        1552   0.0075840     6600.00
        1553   0.0075760     5400.00
        1554   0.0075680     3600.00
        1555   0.0075600     1400.00
        1556   0.0075520     -800.00
        1557   0.0075440    -3000.00
        1558   0.0075360    -5000.00
        1559   0.0075280    -6200.00
        1560   0.0075200    -7000.00
        1561   0.0075120    -7800.00
        1562   0.0075040    -8400.00
        1563   0.0074960    -9000.00
        1564   0.0074880    -9200.00
        1565   0.0074800    -9400.00
        1566   0.0074720    -9600.00
        1567   0.0074640    -9400.00
        1568   0.0074560    -9400.00
        1569   0.0074480    -9200.00
        1570   0.0074400    -9400.00
        1571   0.0074320    -9400.00
        1572   0.0074240    -9400.00
        1573   0.0074160    -9800.00
        1574   0.0074080   -10200.00
        1575   0.0074000   -10200.00
        1576   0.0073920   -10400.00
        1577   0.0073840   -10600.00
        1578   0.0073760   -10600.00
        1579   0.0073680   -10200.00
        1580   0.0073600   -10200.00
        1581   0.0073520   -10000.00
        1582   0.0073440   -10000.00
        1583   0.0073360   -10000.00
        1584   0.0073280   -10000.00
        1585   0.0073200   -10200.00
        1586   0.0073120   -10200.00
        1587   0.0073040   -10600.00
        1588   0.0072960   -10400.00
        1589   0.0072880   -10600.00
        1590   0.0072800   -10200.00
        1591   0.0072720   -10000.00
        1592   0.0072640    -9800.00
        1593   0.0072560    -9400.00
        1594   0.0072480    -9400.00
        1595   0.0072400    -9200.00
        1596   0.0072320    -9200.00
        1597   0.0072240    -9400.00
        1598   0.0072160    -9200.00
        1599   0.0072080    -9200.00
        1600   0.0072000    -9200.00
        1601   0.0071920    -8800.00
        1602   0.0071840    -8600.00
        1603   0.0071760    -8400.00
        1604   0.0071680    -7800.00
        1605   0.0071600    -7600.00
        1606   0.0071520    -7400.00
        1607   0.0071440    -7000.00
        1608   0.0071360    -6600.00
        1609   0.0071280    -5200.00
        1610   0.0071200    -3400.00
        1611   0.0071120    -1000.00
        1612   0.0071040     1400.00
        1613   0.0070960     3600.00
        1614   0.0070880     5400.00
        1615   0.0070800     6800.00
        1616   0.0070720     7400.00
        1617   0.0070640     7800.00
        1618   0.0070560     8400.00
        1619   0.0070480     8800.00
        1620   0.0070400     9200.00
        1621   0.0070320     9200.00
        1622   0.0070240     9200.00
        1623   0.0070160     9400.00
        1624   0.0070080     9200.00
        1625   0.0070000     9200.00
        1626   0.0069920     9000.00
        1627   0.0069840     9200.00
        1628   0.0069760     9400.00
        1629   0.0069680     9800.00
        1630   0.0069600    10000.00
        1631   0.0069520    10200.00
        1632   0.0069440    10200.00
        1633   0.0069360    10600.00
        1634   0.0069280    10600.00
        1635   0.0069200    10200.00
        1636   0.0069120    10000.00
        1637   0.0069040     9800.00
        1638   0.0068960    10000.00
        1639   0.0068880    10000.00
        1640   0.0068800    10000.00
        1641   0.0068720    10200.00
        1642   0.0068640    10200.00
        1643   0.0068560    10400.00
        1644   0.0068480    10200.00
        1645   0.0068400    10200.00
        1646   0.0068320    10000.00
        1647   0.0068240    10000.00
        1648   0.0068160     9400.00
        1649   0.0068080     9400.00
        1650   0.0068000     9400.00
        1651   0.0067920     9000.00
        1652   0.0067840     9200.00
        1653   0.0067760     9200.00
        1654   0.0067680     9200.00
        1655   0.0067600     9200.00
        1656   0.0067520     9000.00
        1657   0.0067440     8600.00
        1658   0.0067360     8400.00
        1659   0.0067280     8200.00
        1660   0.0067200     7800.00
        1661   0.0067120     7400.00
        1662   0.0067040     7000.00
        1663   0.0066960     6600.00
        1664   0.0066880     5400.00
        1665   0.0066800     3600.00
        1666   0.0066720     1400.00
        1667   0.0066640    -1200.00
        1668   0.0066560    -3000.00
        1669   0.0066480    -5200.00
        1670   0.0066400    -6200.00
        1671   0.0066320    -7200.00
        1672   0.0066240    -7800.00
        1673   0.0066160    -8400.00
        1674   0.0066080    -9000.00
        1675   0.0066000    -9200.00
        1676   0.0065920    -9400.00
        1677   0.0065840    -9400.00
        1678   0.0065760    -9400.00
        1679   0.0065680    -9400.00
        1680   0.0065600    -9200.00
        1681   0.0065520    -9400.00
        1682   0.0065440    -9400.00
        1683   0.0065360    -9400.00
        1684   0.0065280    -9800.00
        1685   0.0065200   -10200.00
        1686   0.0065120   -10400.00
        1687   0.0065040   -10400.00
        1688   0.0064960   -10400.00
        1689   0.0064880   -10600.00
        1690   0.0064800   -10200.00
        1691   0.0064720   -10200.00
        1692   0.0064640   -10000.00
        1693   0.0064560   -10000.00
        1694   0.0064480   -10000.00
        1695   0.0064400   -10200.00
        1696   0.0064320   -10200.00
        1697   0.0064240   -10400.00
        1698   0.0064160   -10600.00
        1699   0.0064080   -10600.00
        1700   0.0064000   -10400.00
        1701   0.0063920   -10200.00
        1702   0.0063840   -10000.00
        1703   0.0063760    -9800.00
        1704   0.0063680    -9400.00
        1705   0.0063600    -9200.00
        1706   0.0063520    -9200.00
        1707   0.0063440    -9400.00
        1708   0.0063360    -9400.00
        1709   0.0063280    -9400.00
        1710   0.0063200    -9200.00
        1711   0.0063120    -9200.00
        1712   0.0063040    -9000.00
        1713   0.0062960    -8600.00
        1714   0.0062880    -8400.00
        1715   0.0062800    -7800.00
        1716   0.0062720    -7600.00
        1717   0.0062640    -7200.00
        1718   0.0062560    -7000.00
        1719   0.0062480    -6200.00
        1720   0.0062400    -5000.00
        1721   0.0062320    -3000.00
        1722   0.0062240     -600.00
        1723   0.0062160     1800.00
        1724   0.0062080     4000.00
        1725   0.0062000     5800.00
        1726   0.0061920     6800.00
        1727   0.0061840     7400.00
        1728   0.0061760     7800.00
        1729   0.0061680     8400.00
        1730   0.0061600     9000.00
        1731   0.0061520     9200.00
        1732   0.0061440     9200.00
        1733   0.0061360     9400.00
        1734   0.0061280     9200.00
        1735   0.0061200     9200.00
        1736   0.0061120     9000.00
        1737   0.0061040     9200.00
        1738   0.0060960     9200.00
        1739   0.0060880     9400.00
        1740   0.0060800     9800.00
        1741   0.0060720    10000.00
        1742   0.0060640    10200.00
        1743   0.0060560    10200.00
        1744   0.0060480    10400.00
        1745   0.0060400    10200.00
        1746   0.0060320    10200.00
        1747   0.0060240    10000.00
        1748   0.0060160    10000.00
        1749   0.0060080     9800.00
        1750   0.0060000    10000.00
        1751   0.0059920    10000.00
        1752   0.0059840    10000.00
        1753   0.0059760    10200.00
        1754   0.0059680    10200.00
        1755   0.0059600    10400.00
        1756   0.0059520    10000.00
        1757   0.0059440    10000.00
        1758   0.0059360     9800.00
        1759   0.0059280     9400.00
        1760   0.0059200     9200.00
        1761   0.0059120     9200.00
        1762   0.0059040     9000.00
        1763   0.0058960     9000.00
        1764   0.0058880     9000.00
        1765   0.0058800     9000.00
        1766   0.0058720     9200.00
        1767   0.0058640     9000.00
        1768   0.0058560     8600.00
        1769   0.0058480     8400.00
        1770   0.0058400     8200.00
        1771   0.0058320     7600.00
        1772   0.0058240     7400.00
        1773   0.0058160     6800.00
        1774   0.0058080     6200.00
        1775   0.0058000     5200.00
        1776   0.0057920     3400.00
        1777   0.0057840     1000.00
        1778   0.0057760    -1200.00
        1779   0.0057680    -3400.00
        1780   0.0057600    -5200.00
        1781   0.0057520    -6200.00
        1782   0.0057440    -7200.00
        1783   0.0057360    -7800.00
        1784   0.0057280    -8400.00
        1785   0.0057200    -9000.00
        1786   0.0057120    -9200.00
        1787   0.0057040    -9400.00
        1788   0.0056960    -9400.00
        1789   0.0056880    -9400.00
        1790   0.0056800    -9200.00
        1791   0.0056720    -9200.00
        1792   0.0056640    -9200.00
        1793   0.0056560    -9200.00
        1794   0.0056480    -9400.00
        1795   0.0056400    -9800.00
        1796   0.0056320   -10000.00
        1797   0.0056240   -10400.00
        1798   0.0056160   -10600.00
        1799   0.0056080   -10600.00
        1800   0.0056000   -10600.00
        1801   0.0055920   -10200.00
        1802   0.0055840   -10200.00
        1803   0.0055760   -10000.00
        1804   0.0055680   -10000.00
        1805   0.0055600   -10000.00
        1806   0.0055520   -10200.00
        1807   0.0055440   -10200.00
        1808   0.0055360   -10600.00
        1809   0.0055280   -10600.00
        1810   0.0055200   -10600.00
        1811   0.0055120   -10200.00
        1812   0.0055040   -10200.00
        1813   0.0054960   -10000.00
        1814   0.0054880    -9800.00
        1815   0.0054800    -9400.00
        1816   0.0054720    -9400.00
        1817   0.0054640    -9400.00
        1818   0.0054560    -9400.00
        1819   0.0054480    -9400.00
        1820   0.0054400    -9400.00
        1821   0.0054320    -9200.00
        1822   0.0054240    -9200.00
        1823   0.0054160    -9000.00
        1824   0.0054080    -8600.00
        1825   0.0054000    -8400.00
        1826   0.0053920    -7800.00
        1827   0.0053840    -7600.00
        1828   0.0053760    -7400.00
        1829   0.0053680    -6800.00
        1830   0.0053600    -6200.00
        1831   0.0053520    -4400.00
        1832   0.0053440    -2600.00
        1833   0.0053360     -200.00
        1834   0.0053280     2200.00
        1835   0.0053200     4400.00
        1836   0.0053120     6000.00
        1837   0.0053040     7000.00
        1838   0.0052960     7600.00
        1839   0.0052880     8200.00
        1840   0.0052800     8400.00
        1841   0.0052720     9000.00
        1842   0.0052640     9200.00
        1843   0.0052560     9200.00
        1844   0.0052480     9400.00
        1845   0.0052400     9400.00
        1846   0.0052320     9200.00
        1847   0.0052240     9200.00
        1848   0.0052160     9200.00
        1849   0.0052080     9400.00
        1850   0.0052000     9600.00
        1851   0.0051920     9800.00
        1852   0.0051840    10000.00
        1853   0.0051760    10200.00
        1854   0.0051680    10600.00
        1855   0.0051600    10600.00
        1856   0.0051520    10200.00
        1857   0.0051440    10200.00
        1858   0.0051360    10000.00
        1859   0.0051280    10000.00
        1860   0.0051200     9800.00
        1861   0.0051120    10000.00
        1862   0.0051040    10000.00
        1863   0.0050960    10000.00
        1864   0.0050880    10200.00
        1865   0.0050800    10200.00
        1866   0.0050720    10200.00
        1867   0.0050640    10200.00
        1868   0.0050560    10000.00
        1869   0.0050480     9800.00
        1870   0.0050400     9400.00
        1871   0.0050320     9200.00
        1872   0.0050240     9200.00
        1873   0.0050160     9000.00
        1874   0.0050080     9000.00
        1875   0.0050000     9200.00
        1876   0.0049920     9000.00
        1877   0.0049840     9000.00
        1878   0.0049760     8800.00
        1879   0.0049680     8600.00
        1880   0.0049600     8200.00
        1881   0.0049520     7800.00
        1882   0.0049440     7600.00
        1883   0.0049360     7400.00
        1884   0.0049280     6800.00
        1885   0.0049200     6000.00
        1886   0.0049120     4600.00
        1887   0.0049040     3000.00
        1888   0.0048960      600.00
        1889   0.0048880    -1800.00
        1890   0.0048800    -4000.00
        1891   0.0048720    -5400.00
        1892   0.0048640    -6800.00
        1893   0.0048560    -7400.00
        1894   0.0048480    -8200.00
        1895   0.0048400    -8400.00
        1896   0.0048320    -9200.00
        1897   0.0048240    -9200.00
        1898   0.0048160    -9200.00
        1899   0.0048080    -9400.00
        1900   0.0048000    -9400.00
        1901   0.0047920    -9200.00
        1902   0.0047840    -9200.00
        1903   0.0047760    -9200.00
        1904   0.0047680    -9200.00
        1905   0.0047600    -9600.00
        1906   0.0047520    -9800.00
        1907   0.0047440   -10200.00
        1908   0.0047360   -10200.00
        1909   0.0047280   -10600.00
        1910   0.0047200   -10400.00
        1911   0.0047120   -10200.00
        1912   0.0047040   -10200.00
        1913   0.0046960   -10000.00
        1914   0.0046880   -10000.00
        1915   0.0046800   -10000.00
        1916   0.0046720   -10000.00
        1917   0.0046640   -10200.00
        1918   0.0046560   -10200.00
        1919   0.0046480   -10600.00
        1920   0.0046400   -10200.00
        1921   0.0046320   -10600.00
        1922   0.0046240   -10200.00
        1923   0.0046160   -10200.00
        1924   0.0046080    -9800.00
        1925   0.0046000    -9600.00
        1926   0.0045920    -9400.00
        1927   0.0045840    -9200.00
        1928   0.0045760    -9200.00
        1929   0.0045680    -9200.00
        1930   0.0045600    -9200.00
        1931   0.0045520    -9400.00
        1932   0.0045440    -9400.00
        1933   0.0045360    -9200.00
        1934   0.0045280    -9000.00
        1935   0.0045200    -8600.00
        1936   0.0045120    -8200.00
        1937   0.0045040    -7800.00
        1938   0.0044960    -7600.00
        1939   0.0044880    -7000.00
        1940   0.0044800    -6800.00
        1941   0.0044720    -6000.00
        1942   0.0044640    -4400.00
        1943   0.0044560    -2200.00
        1944   0.0044480      200.00
        1945   0.0044400     2600.00
        1946   0.0044320     4600.00
        1947   0.0044240     6000.00
        1948   0.0044160     7000.00
        1949   0.0044080     7600.00
        1950   0.0044000     8200.00
        1951   0.0043920     8600.00
        1952   0.0043840     9000.00
        1953   0.0043760     9200.00
        1954   0.0043680     9200.00
        1955   0.0043600     9200.00
        1956   0.0043520     9200.00
        1957   0.0043440     9200.00
        1958   0.0043360     9200.00
        1959   0.0043280     9200.00
        1960   0.0043200     9200.00
        1961   0.0043120     9400.00
        1962   0.0043040    10000.00
        1963   0.0042960    10000.00
        1964   0.0042880    10200.00
        1965   0.0042800    10200.00
        1966   0.0042720    10600.00
        1967   0.0042640    10600.00
        1968   0.0042560    10000.00
        1969   0.0042480    10000.00
        1970   0.0042400    10000.00
        1971   0.0042320     9800.00
        1972   0.0042240    10000.00
        1973   0.0042160    10000.00
        1974   0.0042080    10200.00
        1975   0.0042000    10200.00
        1976   0.0041920    10600.00
        1977   0.0041840    10200.00
        1978   0.0041760    10000.00
        1979   0.0041680    10000.00
        1980   0.0041600     9800.00
        1981   0.0041520     9400.00
        1982   0.0041440     9400.00
        1983   0.0041360     9200.00
        1984   0.0041280     9200.00
        1985   0.0041200     9200.00
        1986   0.0041120     9200.00
        1987   0.0041040     9200.00
        1988   0.0040960     9200.00
        1989   0.0040880     9000.00
        1990   0.0040800     8600.00
        1991   0.0040720     8400.00
        1992   0.0040640     7800.00
        1993   0.0040560     7600.00
        1994   0.0040480     7400.00
        1995   0.0040400     6800.00
        1996   0.0040320     6000.00
        1997   0.0040240     4400.00
        1998   0.0040160     2600.00
        1999   0.0040080      400.00
        2000   0.0040000    -2000.00
        2001   0.0039920    -4200.00
        2002   0.0039840    -5800.00
        2003   0.0039760    -6800.00
        2004   0.0039680    -7400.00
        2005   0.0039600    -8200.00
        2006   0.0039520    -8600.00
        2007   0.0039440    -9000.00
        2008   0.0039360    -9400.00
        2009   0.0039280    -9400.00
        2010   0.0039200    -9400.00
        2011   0.0039120    -9400.00
        2012   0.0039040    -9200.00
        2013   0.0038960    -9200.00
        2014   0.0038880    -9200.00
        2015   0.0038800    -9200.00
        2016   0.0038720    -9600.00
        2017   0.0038640   -10000.00
        2018   0.0038560   -10200.00
        2019   0.0038480   -10600.00
        2020   0.0038400   -10800.00
        2021   0.0038320   -10600.00
        2022   0.0038240   -10600.00
        2023   0.0038160   -10200.00
        2024   0.0038080   -10000.00
        2025   0.0038000   -10000.00
        2026   0.0037920   -10000.00
        2027   0.0037840   -10000.00
        2028   0.0037760   -10200.00
        2029   0.0037680   -10200.00
        2030   0.0037600   -10200.00
        2031   0.0037520   -10600.00
        2032   0.0037440   -10200.00
        2033   0.0037360   -10200.00
        2034   0.0037280   -10200.00
        2035   0.0037200    -9800.00
        2036   0.0037120    -9400.00
        2037   0.0037040    -9200.00
        2038   0.0036960    -9400.00
        2039   0.0036880    -9200.00
        2040   0.0036800    -9200.00
        2041   0.0036720    -9400.00
        2042   0.0036640    -9400.00
        2043   0.0036560    -9200.00
        2044   0.0036480    -9000.00
        2045   0.0036400    -9000.00
        2046   0.0036320    -8400.00
        2047   0.0036240    -8200.00
        2048   0.0036160    -7600.00
        2049   0.0036080    -7400.00
        2050   0.0036000    -7200.00
        2051   0.0035920    -6600.00
        2052   0.0035840    -5800.00
        2053   0.0035760    -3800.00
        2054   0.0035680    -1800.00
        2055   0.0035600      600.00
        2056   0.0035520     3000.00
        2057   0.0035440     5000.00
        2058   0.0035360     6200.00
        2059   0.0035280     7200.00
        2060   0.0035200     7600.00
        2061   0.0035120     8400.00
        2062   0.0035040     8600.00
        2063   0.0034960     9200.00
        2064   0.0034880     9200.00
        2065   0.0034800     9400.00
        2066   0.0034720     9400.00
        2067   0.0034640     9400.00
        2068   0.0034560     9000.00
        2069   0.0034480     9200.00
        2070   0.0034400     9000.00
        2071   0.0034320     9400.00
        2072   0.0034240     9600.00
        2073   0.0034160    10000.00
        2074   0.0034080    10200.00
        2075   0.0034000    10200.00
        2076   0.0033920    10200.00
        2077   0.0033840    10200.00
        2078   0.0033760    10200.00
        2079   0.0033680    10000.00
        2080   0.0033600    10000.00
        2081   0.0033520     9800.00
        2082   0.0033440    10000.00
        2083   0.0033360     9800.00
        2084   0.0033280    10000.00
        2085   0.0033200    10200.00
        2086   0.0033120    10200.00
        2087   0.0033040    10400.00
        2088   0.0032960    10200.00
        2089   0.0032880    10000.00
        2090   0.0032800     9800.00
        2091   0.0032720     9800.00
        2092   0.0032640     9400.00
        2093   0.0032560     9200.00
        2094   0.0032480     9200.00
        2095   0.0032400     9000.00
        2096   0.0032320     9200.00
        2097   0.0032240     9200.00
        2098   0.0032160     9000.00
        2099   0.0032080     9000.00
        2100   0.0032000     8800.00
        2101   0.0031920     8600.00
        2102   0.0031840     8200.00
        2103   0.0031760     8000.00
        2104   0.0031680     7400.00
        2105   0.0031600     7000.00
        2106   0.0031520     6800.00
        2107   0.0031440     5800.00
        2108   0.0031360     4200.00
        2109   0.0031280     2200.00
        2110   0.0031200      200.00
        2111   0.0031120    -2400.00
        2112   0.0031040    -4400.00
        2113   0.0030960    -6000.00
        2114   0.0030880    -7000.00
        2115   0.0030800    -7400.00
        2116   0.0030720    -8200.00
        2117   0.0030640    -8600.00
        2118   0.0030560    -9200.00
        2119   0.0030480    -9400.00
        2120   0.0030400    -9400.00
        2121   0.0030320    -9400.00
        2122   0.0030240    -9400.00
        2123   0.0030160    -9200.00
        2124   0.0030080    -9200.00
        2125   0.0030000    -9200.00
        2126   0.0029920    -9400.00
        2127   0.0029840    -9400.00
        2128   0.0029760   -10000.00
        2129   0.0029680   -10200.00
        2130   0.0029600   -10600.00
        2131   0.0029520   -10600.00
        2132   0.0029440   -10600.00
        2133   0.0029360   -10200.00
        2134   0.0029280   -10200.00
        2135   0.0029200   -10000.00
        2136   0.0029120   -10200.00
        2137   0.0029040   -10000.00
        2138   0.0028960   -10000.00
        2139   0.0028880   -10200.00
        2140   0.0028800   -10400.00
        2141   0.0028720   -10800.00
        2142   0.0028640   -10600.00
        2143   0.0028560   -10600.00
        2144   0.0028480   -10200.00
        2145   0.0028400   -10000.00
        2146   0.0028320    -9800.00
        2147   0.0028240    -9400.00
        2148   0.0028160    -9400.00
        2149   0.0028080    -9400.00
        2150   0.0028000    -9400.00
        2151   0.0027920    -9400.00
        2152   0.0027840    -9200.00
        2153   0.0027760    -9200.00
        2154   0.0027680    -9200.00
        2155   0.0027600    -9200.00
        2156   0.0027520    -8600.00
        2157   0.0027440    -8600.00
        2158   0.0027360    -8200.00
        2159   0.0027280    -7600.00
        2160   0.0027200    -7400.00
        2161   0.0027120    -7000.00
        2162   0.0027040    -6600.00
        2163   0.0026960    -5400.00
        2164   0.0026880    -3600.00
        2165   0.0026800    -1400.00
        2166   0.0026720     1000.00
        2167   0.0026640     3200.00
        2168   0.0026560     5200.00
        2169   0.0026480     6600.00
        2170   0.0026400     7400.00
        2171   0.0026320     7800.00
        2172   0.0026240     8400.00
        2173   0.0026160     9000.00
        2174   0.0026080     9000.00
        2175   0.0026000     9200.00
        2176   0.0025920     9200.00
        2177   0.0025840     9400.00
        2178   0.0025760     9200.00
        2179   0.0025680     9200.00
        2180   0.0025600     9000.00
        2181   0.0025520     9200.00
        2182   0.0025440     9400.00
        2183   0.0025360     9400.00
        2184   0.0025280    10000.00
        2185   0.0025200    10200.00
        2186   0.0025120    10400.00
        2187   0.0025040    10600.00
        2188   0.0024960    10200.00
        2189   0.0024880    10600.00
        2190   0.0024800    10000.00
        2191   0.0024720    10000.00
        2192   0.0024640    10000.00
        2193   0.0024560    10000.00
        2194   0.0024480    10000.00
        2195   0.0024400    10200.00
        2196   0.0024320    10200.00
        2197   0.0024240    10400.00
        2198   0.0024160    10200.00
        2199   0.0024080    10200.00
        2200   0.0024000    10200.00
        2201   0.0023920     9800.00
        2202   0.0023840     9600.00
        2203   0.0023760     9200.00
        2204   0.0023680     9200.00
        2205   0.0023600     9200.00
        2206   0.0023520     9000.00
        2207   0.0023440     9000.00
        2208   0.0023360     9200.00
        2209   0.0023280     9000.00
        2210   0.0023200     9000.00
        2211   0.0023120     8800.00
        2212   0.0023040     8400.00
        2213   0.0022960     8200.00
        2214   0.0022880     7600.00
        2215   0.0022800     7400.00
        2216   0.0022720     7000.00
        2217   0.0022640     6600.00
        2218   0.0022560     5400.00
        2219   0.0022480     3800.00
        2220   0.0022400     1800.00
        2221   0.0022320     -600.00
        2222   0.0022240    -2800.00
        2223   0.0022160    -4600.00
        2224   0.0022080    -6200.00
        2225   0.0022000    -7000.00
        2226   0.0021920    -7600.00
        2227   0.0021840    -8200.00
        2228   0.0021760    -8800.00
        2229   0.0021680    -9200.00
        2230   0.0021600    -9400.00
        2231   0.0021520    -9600.00
        2232   0.0021440    -9400.00
        2233   0.0021360    -9400.00
        2234   0.0021280    -9200.00
        2235   0.0021200    -9200.00
        2236   0.0021120    -9200.00
        2237   0.0021040    -9400.00
        2238   0.0020960    -9800.00
        2239   0.0020880   -10000.00
        2240   0.0020800   -10200.00
        2241   0.0020720   -10600.00
        2242   0.0020640   -10600.00
        2243   0.0020560   -10600.00
        2244   0.0020480   -10200.00
        2245   0.0020400   -10200.00
        2246   0.0020320   -10000.00
        2247   0.0020240   -10000.00
        2248   0.0020160   -10000.00
        2249   0.0020080   -10000.00
        2250   0.0020000   -10200.00
        2251   0.0019920   -10400.00
        2252   0.0019840   -10400.00
        2253   0.0019760   -10800.00
        2254   0.0019680   -10200.00
        2255   0.0019600   -10200.00
        2256   0.0019520   -10000.00
        2257   0.0019440    -9800.00
        2258   0.0019360    -9400.00
        2259   0.0019280    -9400.00
        2260   0.0019200    -9400.00
        2261   0.0019120    -9200.00
        2262   0.0019040    -9200.00
        2263   0.0018960    -9400.00
        2264   0.0018880    -9400.00
        2265   0.0018800    -9200.00
        2266   0.0018720    -9200.00
        2267   0.0018640    -8600.00
        2268   0.0018560    -8400.00
        2269   0.0018480    -8200.00
        2270   0.0018400    -7600.00
        2271   0.0018320    -7400.00
        2272   0.0018240    -7000.00
        2273   0.0018160    -6600.00
        2274   0.0018080    -5200.00
        2275   0.0018000    -3400.00
        2276   0.0017920    -1000.00
        2277   0.0017840     1400.00
        2278   0.0017760     3600.00
        2279   0.0017680     5400.00
        2280   0.0017600     6800.00
        2281   0.0017520     7400.00
        2282   0.0017440     7800.00
        2283   0.0017360     8400.00
        2284   0.0017280     8800.00
        2285   0.0017200     9000.00
        2286   0.0017120     9200.00
        2287   0.0017040     9400.00
        2288   0.0016960     9400.00
        2289   0.0016880     9200.00
        2290   0.0016800     9200.00
        2291   0.0016720     9000.00
        2292   0.0016640     9400.00
        2293   0.0016560     9200.00
        2294   0.0016480     9800.00
        2295   0.0016400    10000.00
        2296   0.0016320    10200.00
        2297   0.0016240    10600.00
        2298   0.0016160    10200.00
        2299   0.0016080    10600.00
        2300   0.0016000    10400.00
        2301   0.0015920    10000.00
        2302   0.0015840    10000.00
        2303   0.0015760    10000.00
        2304   0.0015680    10000.00
        2305   0.0015600    10000.00
        2306   0.0015520    10000.00
        2307   0.0015440    10400.00
        2308   0.0015360    10400.00
        2309   0.0015280    10200.00
        2310   0.0015200    10200.00
        2311   0.0015120    10000.00
        2312   0.0015040     9800.00
        2313   0.0014960     9800.00
        2314   0.0014880     9400.00
        2315   0.0014800     9200.00
        2316   0.0014720     9200.00
        2317   0.0014640     9000.00
        2318   0.0014560     9200.00
        2319   0.0014480     9200.00
        2320   0.0014400     9200.00
        2321   0.0014320     9000.00
        2322   0.0014240     8600.00
        2323   0.0014160     8400.00
        2324   0.0014080     8200.00
        2325   0.0014000     7800.00
        2326   0.0013920     7400.00
        2327   0.0013840     7000.00
        2328   0.0013760     6800.00
        2329   0.0013680     6000.00
        2330   0.0013600     4600.00
        2331   0.0013520     2800.00
        2332   0.0013440      200.00
        2333   0.0013360    -2200.00
        2334   0.0013280    -4400.00
        2335   0.0013200    -6000.00
        2336   0.0013120    -7000.00
        2337   0.0013040    -7800.00
        2338   0.0012960    -8400.00
        2339   0.0012880    -8600.00
        2340   0.0012800    -9200.00
        2341   0.0012720    -9400.00
        2342   0.0012640    -9400.00
        2343   0.0012560    -9400.00
        2344   0.0012480    -9600.00
        2345   0.0012400    -9400.00
        2346   0.0012320    -9400.00
        2347   0.0012240    -9600.00
        2348   0.0012160    -9800.00
        2349   0.0012080    -9800.00
        2350   0.0012000   -10200.00
        2351   0.0011920   -10600.00
        2352   0.0011840   -10600.00
        2353   0.0011760   -10600.00
        2354   0.0011680   -10600.00
        2355   0.0011600   -10600.00
        2356   0.0011520   -10600.00
        2357   0.0011440   -10200.00
        2358   0.0011360   -10200.00
        2359   0.0011280   -10200.00
        2360   0.0011200   -10200.00
        2361   0.0011120   -10200.00
        2362   0.0011040   -10600.00
        2363   0.0010960   -10600.00
        2364   0.0010880   -10600.00
        2365   0.0010800   -10600.00
        2366   0.0010720   -10400.00
        2367   0.0010640   -10200.00
        2368   0.0010560   -10000.00
        2369   0.0010480    -9800.00
        2370   0.0010400    -9800.00
        2371   0.0010320    -9400.00
        2372   0.0010240    -9400.00
        2373   0.0010160    -9400.00
        2374   0.0010080    -9400.00
        2375   0.0010000    -9400.00
        2376   0.0009920    -9200.00
        2377   0.0009840    -9000.00
        2378   0.0009760    -8600.00
        2379   0.0009680    -8400.00
        2380   0.0009600    -8200.00
        2381   0.0009520    -7800.00
        2382   0.0009440    -7600.00
        2383   0.0009360    -7000.00
        2384   0.0009280    -6400.00
        2385   0.0009200    -5200.00
        2386   0.0009120    -3000.00
        2387   0.0009040    -1000.00
        2388   0.0008960     1400.00
        2389   0.0008880     3600.00
        2390   0.0008800     5200.00
        2391   0.0008720     6600.00
        2392   0.0008640     7000.00
        2393   0.0008560     7800.00
        2394   0.0008480     8400.00
        2395   0.0008400     8800.00
        2396   0.0008320     9000.00
        2397   0.0008240     9000.00
        2398   0.0008160     9000.00
        2399   0.0008080     9000.00
        2400   0.0008000     9000.00
        2401   0.0007920     8800.00
        2402   0.0007840     8600.00
        2403   0.0007760     9200.00
        2404   0.0007680     9200.00
        2405   0.0007600     9800.00
        2406   0.0007520    10000.00
        2407   0.0007440    10000.00
        2408   0.0007360    10200.00
        2409   0.0007280    10200.00
        2410   0.0007200    10200.00
        2411   0.0007120    10000.00
        2412   0.0007040     9800.00
        2413   0.0006960     9800.00
        2414   0.0006880     9800.00
        2415   0.0006800    10000.00
        2416   0.0006720     9800.00
        2417   0.0006640    10200.00
        2418   0.0006560    10200.00
        2419   0.0006480    10400.00
        2420   0.0006400    10200.00
        2421   0.0006320    10200.00
        2422   0.0006240    10000.00
        2423   0.0006160     9800.00
        2424   0.0006080     9400.00
        2425   0.0006000     9200.00
        2426   0.0005920     9200.00
        2427   0.0005840     9000.00
        2428   0.0005760     9000.00
        2429   0.0005680     9200.00
        2430   0.0005600     9400.00
        2431   0.0005520     9200.00
        2432   0.0005440     9000.00
        2433   0.0005360     8600.00
        2434   0.0005280     8400.00
        2435   0.0005200     8200.00
        2436   0.0005120     7800.00
        2437   0.0005040     7400.00
        2438   0.0004960     7000.00
        2439   0.0004880     6800.00
        2440   0.0004800     6000.00
        2441   0.0004720     5000.00
        2442   0.0004640     3000.00
        2443   0.0004560      600.00
        2444   0.0004480    -1800.00
        2445   0.0004400    -4000.00
        2446   0.0004320    -5800.00
        2447   0.0004240    -6800.00
        2448   0.0004160    -7400.00
        2449   0.0004080    -8200.00
        2450   0.0004000    -8400.00
        2451   0.0003920    -9000.00
        2452   0.0003840    -9200.00
        2453   0.0003760    -9400.00
        2454   0.0003680    -9800.00
        2455   0.0003600    -9600.00
        2456   0.0003520    -9400.00
        2457   0.0003440    -9400.00
        2458   0.0003360    -9400.00
        2459   0.0003280    -9400.00
        2460   0.0003200    -9400.00
        2461   0.0003120    -9800.00
        2462   0.0003040   -10200.00
        2463   0.0002960   -10600.00
        2464   0.0002880   -10600.00
        2465   0.0002800   -10800.00
        2466   0.0002720   -10600.00
        2467   0.0002640   -10600.00
        2468   0.0002560   -10400.00
        2469   0.0002480   -10200.00
        2470   0.0002400   -10200.00
        2471   0.0002320   -10000.00
        2472   0.0002240   -10200.00
        2473   0.0002160   -10200.00
        2474   0.0002080   -10600.00
        2475   0.0002000   -10600.00
        2476   0.0001920   -10600.00
        2477   0.0001840   -10400.00
        2478   0.0001760   -10200.00
        2479   0.0001680   -10200.00
        2480   0.0001600    -9600.00
        2481   0.0001520    -9400.00
        2482   0.0001440    -9400.00
        2483   0.0001360    -9200.00
        2484   0.0001280    -9200.00
        2485   0.0001200    -9200.00
        2486   0.0001120    -9200.00
        2487   0.0001040    -9200.00
        2488   0.0000960    -9200.00
        2489   0.0000880    -8800.00
        2490   0.0000800    -8600.00
        2491   0.0000720    -8200.00
        2492   0.0000640    -7600.00
        2493   0.0000560    -7400.00
        2494   0.0000480    -7000.00
        2495   0.0000400    -6000.00
        2496   0.0000320    -5000.00
        2497   0.0000240    -2800.00
        2498   0.0000160     -600.00
        2499   0.0000080     1800.00
        2500   0.0000000     3800.00
        2501  -0.0000080     5400.00
        2502  -0.0000160     6600.00
        2503  -0.0000240     7400.00
        2504  -0.0000320     7800.00
        2505  -0.0000400     8400.00
        2506  -0.0000480     9000.00
        2507  -0.0000560     9200.00
        2508  -0.0000640     9200.00
        2509  -0.0000720     9200.00
        2510  -0.0000800     9000.00
        2511  -0.0000880     9000.00
        2512  -0.0000960     9000.00
        2513  -0.0001040     9000.00
        2514  -0.0001120     9200.00
        2515  -0.0001200     9400.00
        2516  -0.0001280     9800.00
        2517  -0.0001360    10000.00
        2518  -0.0001440    10200.00
        2519  -0.0001520    10400.00
        2520  -0.0001600    10200.00
        2521  -0.0001680    10200.00
        2522  -0.0001760    10000.00
        2523  -0.0001840     9800.00
        2524  -0.0001920     9800.00
        2525  -0.0002000     9800.00
        2526  -0.0002080     9800.00
        2527  -0.0002160    10000.00
        2528  -0.0002240    10000.00
        2529  -0.0002320    10200.00
        2530  -0.0002400    10200.00
        2531  -0.0002480    10200.00
        2532  -0.0002560    10000.00
        2533  -0.0002640    10000.00
        2534  -0.0002720     9400.00
        2535  -0.0002800     9200.00
        2536  -0.0002880     9200.00
        2537  -0.0002960     9000.00
        2538  -0.0003040     9000.00
        2539  -0.0003120     9200.00
        2540  -0.0003200     9200.00
        2541  -0.0003280     9000.00
        2542  -0.0003360     9000.00
        2543  -0.0003440     9000.00
        2544  -0.0003520     8600.00
        2545  -0.0003600     8200.00
        2546  -0.0003680     7800.00
        2547  -0.0003760     7600.00
        2548  -0.0003840     7400.00
        2549  -0.0003920     7000.00
        2550  -0.0004000     6600.00
        2551  -0.0004080     6000.00
        2552  -0.0004160     4400.00
        2553  -0.0004240     2400.00
        2554  -0.0004320     -200.00
        2555  -0.0004400    -2800.00
        2556  -0.0004480    -4600.00
        2557  -0.0004560    -6000.00
        2558  -0.0004640    -7000.00
        2559  -0.0004720    -7600.00
        2560  -0.0004800    -8200.00
        2561  -0.0004880    -8600.00
        2562  -0.0004960    -9200.00
        2563  -0.0005040    -9200.00
        2564  -0.0005120    -9600.00
        2565  -0.0005200    -9800.00
        2566  -0.0005280    -9600.00
        2567  -0.0005360    -9400.00
        2568  -0.0005440    -9400.00
        2569  -0.0005520    -9400.00
        2570  -0.0005600    -9400.00
        2571  -0.0005680    -9600.00
        2572  -0.0005760   -10000.00
        2573  -0.0005840   -10200.00
        2574  -0.0005920   -10200.00
        2575  -0.0006000   -10600.00
        2576  -0.0006080   -10600.00
        2577  -0.0006160   -10600.00
        2578  -0.0006240   -10200.00
        2579  -0.0006320   -10200.00
        2580  -0.0006400   -10200.00
        2581  -0.0006480   -10200.00
        2582  -0.0006560   -10000.00
        2583  -0.0006640   -10000.00
        2584  -0.0006720   -10200.00
        2585  -0.0006800   -10200.00
        2586  -0.0006880   -10600.00
        2587  -0.0006960   -10600.00
        2588  -0.0007040   -10600.00
        2589  -0.0007120   -10200.00
        2590  -0.0007200   -10200.00
        2591  -0.0007280    -9800.00
        2592  -0.0007360    -9400.00
        2593  -0.0007440    -9400.00
        2594  -0.0007520    -9400.00
        2595  -0.0007600    -9200.00
        2596  -0.0007680    -9400.00
        2597  -0.0007760    -9400.00
        2598  -0.0007840    -9200.00
        2599  -0.0007920    -9200.00
        2600  -0.0008000    -9000.00
        2601  -0.0008080    -8600.00
        2602  -0.0008160    -8200.00
        2603  -0.0008240    -7800.00
        2604  -0.0008320    -7400.00
        2605  -0.0008400    -6800.00
        2606  -0.0008480    -5800.00
        2607  -0.0008560    -4400.00
        2608  -0.0008640    -2600.00
        2609  -0.0008720     -200.00
        2610  -0.0008800     2000.00
        2611  -0.0008880     4200.00
        2612  -0.0008960     5800.00
        2613  -0.0009040     6800.00
        2614  -0.0009120     7400.00
        2615  -0.0009200     8200.00
        2616  -0.0009280     8600.00
        2617  -0.0009360     9000.00
        2618  -0.0009440     9200.00
        2619  -0.0009520     9200.00
        2620  -0.0009600     9200.00
        2621  -0.0009680     9200.00
        2622  -0.0009760     9000.00
        2623  -0.0009840     8800.00
        2624  -0.0009920     9000.00
        2625  -0.0010000     9200.00
        2626  -0.0010080     9400.00
        2627  -0.0010160     9800.00
        2628  -0.0010240    10000.00
        2629  -0.0010320    10200.00
        2630  -0.0010400    10400.00
        2631  -0.0010480    10400.00
        2632  -0.0010560    10200.00
        2633  -0.0010640     9800.00
        2634  -0.0010720     9800.00
        2635  -0.0010800     9800.00
        2636  -0.0010880     9800.00
        2637  -0.0010960     9800.00
        2638  -0.0011040    10000.00
        2639  -0.0011120    10200.00
        2640  -0.0011200    10400.00
        2641  -0.0011280    10400.00
        2642  -0.0011360    10200.00
        2643  -0.0011440    10000.00
        2644  -0.0011520    10000.00
        2645  -0.0011600     9800.00
        2646  -0.0011680     9400.00
        2647  -0.0011760     9200.00
        2648  -0.0011840     9200.00
        2649  -0.0011920     9000.00
        2650  -0.0012000     9200.00
        2651  -0.0012080     9200.00
        2652  -0.0012160     9200.00
        2653  -0.0012240     9200.00
        2654  -0.0012320     8600.00
        2655  -0.0012400     8400.00
        2656  -0.0012480     8200.00
        2657  -0.0012560     7800.00
        2658  -0.0012640     7400.00
        2659  -0.0012720     7400.00
        2660  -0.0012800     6800.00
        2661  -0.0012880     6600.00
        2662  -0.0012960     5600.00
        2663  -0.0013040     4200.00
        2664  -0.0013120     2000.00
        2665  -0.0013200     -600.00
        2666  -0.0013280    -2800.00
        2667  -0.0013360    -5000.00
        2668  -0.0013440    -6200.00
        2669  -0.0013520    -7400.00
        2670  -0.0013600    -7800.00
        2671  -0.0013680    -8200.00
        2672  -0.0013760    -8800.00
        2673  -0.0013840    -9200.00
        2674  -0.0013920    -9400.00
        2675  -0.0014000    -9800.00
        2676  -0.0014080    -9600.00
        2677  -0.0014160    -9600.00
        2678  -0.0014240    -9400.00
        2679  -0.0014320    -9400.00
        2680  -0.0014400    -9400.00
        2681  -0.0014480    -9400.00
        2682  -0.0014560    -9800.00
        2683  -0.0014640   -10000.00
        2684  -0.0014720   -10200.00
        2685  -0.0014800   -10600.00
        2686  -0.0014880   -10600.00
        2687  -0.0014960   -10800.00
        2688  -0.0015040   -10600.00
        2689  -0.0015120   -10600.00
        2690  -0.0015200   -10200.00
        2691  -0.0015280   -10200.00
        2692  -0.0015360   -10000.00
        2693  -0.0015440   -10000.00
        2694  -0.0015520   -10000.00
        2695  -0.0015600   -10200.00
        2696  -0.0015680   -10400.00
        2697  -0.0015760   -10200.00
        2698  -0.0015840   -10200.00
        2699  -0.0015920   -10200.00
        2700  -0.0016000   -10200.00
        2701  -0.0016080    -9800.00
        2702  -0.0016160    -9600.00
        2703  -0.0016240    -9400.00
        2704  -0.0016320    -9400.00
        2705  -0.0016400    -9400.00
        2706  -0.0016480    -9200.00
        2707  -0.0016560    -9200.00
        2708  -0.0016640    -9200.00
        2709  -0.0016720    -9200.00
        2710  -0.0016800    -9200.00
        2711  -0.0016880    -9000.00
        2712  -0.0016960    -8400.00
        2713  -0.0017040    -8200.00
        2714  -0.0017120    -7600.00
        2715  -0.0017200    -7000.00
        2716  -0.0017280    -6800.00
        2717  -0.0017360    -5800.00
        2718  -0.0017440    -4200.00
        2719  -0.0017520    -2200.00
        2720  -0.0017600      200.00
        2721  -0.0017680     2600.00
        2722  -0.0017760     4200.00
        2723  -0.0017840     5800.00
        2724  -0.0017920     6800.00
        2725  -0.0018000     7600.00
        2726  -0.0018080     8200.00
        2727  -0.0018160     8600.00
        2728  -0.0018240     9000.00
        2729  -0.0018320     9000.00
        2730  -0.0018400     9000.00
        2731  -0.0018480     9000.00
        2732  -0.0018560     9200.00
        2733  -0.0018640     8800.00
        2734  -0.0018720     9000.00
        2735  -0.0018800     9000.00
        2736  -0.0018880     9200.00
        2737  -0.0018960     9400.00
        2738  -0.0019040     9800.00
        2739  -0.0019120    10200.00
        2740  -0.0019200    10200.00
        2741  -0.0019280    10200.00
        2742  -0.0019360    10200.00
        2743  -0.0019440    10000.00
        2744  -0.0019520     9800.00
        2745  -0.0019600     9800.00
        2746  -0.0019680     9800.00
        2747  -0.0019760     9800.00
        2748  -0.0019840     9800.00
        2749  -0.0019920    10000.00
        2750  -0.0020000    10200.00
        2751  -0.0020080    10200.00
        2752  -0.0020160    10600.00
        2753  -0.0020240    10200.00
        2754  -0.0020320    10000.00
        2755  -0.0020400     9800.00
        2756  -0.0020480     9400.00
        2757  -0.0020560     9200.00
        2758  -0.0020640     9200.00
        2759  -0.0020720     9200.00
        2760  -0.0020800     9200.00
        2761  -0.0020880     9200.00
        2762  -0.0020960     9200.00
        2763  -0.0021040     9200.00
        2764  -0.0021120     9000.00
        2765  -0.0021200     9000.00
        2766  -0.0021280     8400.00
        2767  -0.0021360     8200.00
        2768  -0.0021440     7800.00
        2769  -0.0021520     7600.00
        2770  -0.0021600     7200.00
        2771  -0.0021680     6800.00
        2772  -0.0021760     6600.00
        2773  -0.0021840     5400.00
        2774  -0.0021920     3800.00
        2775  -0.0022000     1800.00
        2776  -0.0022080     -800.00
        2777  -0.0022160    -3000.00
        2778  -0.0022240    -5200.00
        2779  -0.0022320    -6200.00
        2780  -0.0022400    -7000.00
        2781  -0.0022480    -7800.00
        2782  -0.0022560    -8400.00
        2783  -0.0022640    -8600.00
        2784  -0.0022720    -9200.00
        2785  -0.0022800    -9400.00
        2786  -0.0022880    -9600.00
        2787  -0.0022960    -9800.00
        2788  -0.0023040    -9400.00
        2789  -0.0023120    -9400.00
        2790  -0.0023200    -9400.00
        2791  -0.0023280    -9400.00
        2792  -0.0023360    -9400.00
        2793  -0.0023440    -9800.00
        2794  -0.0023520   -10000.00
        2795  -0.0023600   -10200.00
        2796  -0.0023680   -10600.00
        2797  -0.0023760   -10600.00
        2798  -0.0023840   -10800.00
        2799  -0.0023920   -10600.00
        2800  -0.0024000   -10200.00
        2801  -0.0024080   -10200.00
        2802  -0.0024160   -10200.00
        2803  -0.0024240   -10200.00
        2804  -0.0024320   -10200.00
        2805  -0.0024400   -10200.00
        2806  -0.0024480   -10200.00
        2807  -0.0024560   -10400.00
        2808  -0.0024640   -10600.00
        2809  -0.0024720   -10400.00
        2810  -0.0024800   -10400.00
        2811  -0.0024880   -10200.00
        2812  -0.0024960    -9800.00
        2813  -0.0025040    -9600.00
        2814  -0.0025120    -9200.00
        2815  -0.0025200    -9200.00
        2816  -0.0025280    -9200.00
        2817  -0.0025360    -9400.00
        2818  -0.0025440    -9400.00
        2819  -0.0025520    -9200.00
        2820  -0.0025600    -9200.00
        2821  -0.0025680    -9000.00
        2822  -0.0025760    -8600.00
        2823  -0.0025840    -8400.00
        2824  -0.0025920    -7800.00
        2825  -0.0026000    -7600.00
        2826  -0.0026080    -7000.00
        2827  -0.0026160    -6600.00
        2828  -0.0026240    -5400.00
        2829  -0.0026320    -3800.00
        2830  -0.0026400    -2000.00
        2831  -0.0026480      600.00
        2832  -0.0026560     2600.00
        2833  -0.0026640     4600.00
        2834  -0.0026720     6000.00
        2835  -0.0026800     7000.00
        2836  -0.0026880     7800.00
        2837  -0.0026960     8400.00
        2838  -0.0027040     8600.00
        2839  -0.0027120     9000.00
        2840  -0.0027200     9200.00
        2841  -0.0027280     9200.00
        2842  -0.0027360     9200.00
        2843  -0.0027440     9000.00
        2844  -0.0027520     9000.00
        2845  -0.0027600     9000.00
        2846  -0.0027680     9200.00
        2847  -0.0027760     9200.00
        2848  -0.0027840     9400.00
        2849  -0.0027920     9800.00
        2850  -0.0028000    10200.00
        2851  -0.0028080    10200.00
        2852  -0.0028160    10200.00
        2853  -0.0028240    10200.00
        2854  -0.0028320    10000.00
        2855  -0.0028400     9800.00
        2856  -0.0028480     9800.00
        2857  -0.0028560     9800.00
        2858  -0.0028640     9800.00
        2859  -0.0028720    10000.00
        2860  -0.0028800    10000.00
        2861  -0.0028880    10200.00
        2862  -0.0028960    10200.00
        2863  -0.0029040    10200.00
        2864  -0.0029120    10000.00
        2865  -0.0029200    10000.00
        2866  -0.0029280     9600.00
        2867  -0.0029360     9400.00
        2868  -0.0029440     9200.00
        2869  -0.0029520     9000.00
        2870  -0.0029600     9000.00
        2871  -0.0029680     9000.00
        2872  -0.0029760     9200.00
        2873  -0.0029840     9000.00
        2874  -0.0029920     9200.00
        2875  -0.0030000     9000.00
        2876  -0.0030080     8600.00
        2877  -0.0030160     8400.00
        2878  -0.0030240     8200.00
        2879  -0.0030320     7800.00
        2880  -0.0030400     7400.00
        2881  -0.0030480     7400.00
        2882  -0.0030560     7000.00
        2883  -0.0030640     6200.00
        2884  -0.0030720     5200.00
        2885  -0.0030800     3400.00
        2886  -0.0030880     1000.00
        2887  -0.0030960    -1200.00
        2888  -0.0031040    -3600.00
        2889  -0.0031120    -5400.00
        2890  -0.0031200    -6600.00
        2891  -0.0031280    -7400.00
        2892  -0.0031360    -7800.00
        2893  -0.0031440    -8400.00
        2894  -0.0031520    -8800.00
        2895  -0.0031600    -9200.00
        2896  -0.0031680    -9400.00
        2897  -0.0031760    -9600.00
        2898  -0.0031840    -9600.00
        2899  -0.0031920    -9400.00
        2900  -0.0032000    -9200.00
        2901  -0.0032080    -9400.00
        2902  -0.0032160    -9200.00
        2903  -0.0032240    -9400.00
        2904  -0.0032320    -9800.00
        2905  -0.0032400   -10200.00
        2906  -0.0032480   -10200.00
        2907  -0.0032560   -10600.00
        2908  -0.0032640   -10600.00
        2909  -0.0032720   -10600.00
        2910  -0.0032800   -10400.00
        2911  -0.0032880   -10200.00
        2912  -0.0032960   -10200.00
        2913  -0.0033040   -10200.00
        2914  -0.0033120   -10000.00
        2915  -0.0033200   -10200.00
        2916  -0.0033280   -10200.00
        2917  -0.0033360   -10200.00
        2918  -0.0033440   -10600.00
        2919  -0.0033520   -10400.00
        2920  -0.0033600   -10600.00
        2921  -0.0033680   -10400.00
        2922  -0.0033760   -10200.00
        2923  -0.0033840    -9800.00
        2924  -0.0033920    -9800.00
        2925  -0.0034000    -9400.00
        2926  -0.0034080    -9400.00
        2927  -0.0034160    -9400.00
        2928  -0.0034240    -9400.00
        2929  -0.0034320    -9400.00
        2930  -0.0034400    -9200.00
        2931  -0.0034480    -9200.00
        2932  -0.0034560    -9000.00
        2933  -0.0034640    -8600.00
        2934  -0.0034720    -8400.00
        2935  -0.0034800    -7800.00
        2936  -0.0034880    -7600.00
        2937  -0.0034960    -7000.00
        2938  -0.0035040    -6600.00
        2939  -0.0035120    -5400.00
        2940  -0.0035200    -3600.00
        2941  -0.0035280    -1400.00
        2942  -0.0035360     1000.00
        2943  -0.0035440     3200.00
        2944  -0.0035520     5000.00
        2945  -0.0035600     6200.00
        2946  -0.0035680     7000.00
        2947  -0.0035760     7600.00
        2948  -0.0035840     8200.00
        2949  -0.0035920     8600.00
        2950  -0.0036000     9000.00
        2951  -0.0036080     9200.00
        2952  -0.0036160     9200.00
        2953  -0.0036240     9200.00
        2954  -0.0036320     9000.00
        2955  -0.0036400     9000.00
        2956  -0.0036480     9000.00
        2957  -0.0036560     9000.00
        2958  -0.0036640     9400.00
        2959  -0.0036720     9800.00
        2960  -0.0036800    10000.00
        2961  -0.0036880    10200.00
        2962  -0.0036960    10400.00
        2963  -0.0037040    10400.00
        2964  -0.0037120    10200.00
        2965  -0.0037200    10200.00
        2966  -0.0037280     9800.00
        2967  -0.0037360     9800.00
        2968  -0.0037440     9600.00
        2969  -0.0037520     9800.00
        2970  -0.0037600    10000.00
        2971  -0.0037680    10000.00
        2972  -0.0037760    10200.00
        2973  -0.0037840    10200.00
        2974  -0.0037920    10200.00
        2975  -0.0038000    10200.00
        2976  -0.0038080    10000.00
        2977  -0.0038160     9800.00
        2978  -0.0038240     9400.00
        2979  -0.0038320     9000.00
        2980  -0.0038400     9200.00
        2981  -0.0038480     9000.00
        2982  -0.0038560     9000.00
        2983  -0.0038640     9200.00
        2984  -0.0038720     9200.00
        2985  -0.0038800     9000.00
        2986  -0.0038880     9000.00
        2987  -0.0038960     8600.00
        2988  -0.0039040     8400.00
        2989  -0.0039120     8000.00
        2990  -0.0039200     7600.00
        2991  -0.0039280     7400.00
        2992  -0.0039360     7000.00
        2993  -0.0039440     6800.00
        2994  -0.0039520     6000.00
        2995  -0.0039600     5000.00
        2996  -0.0039680     2800.00
        2997  -0.0039760      600.00
        2998  -0.0039840    -1800.00
        2999  -0.0039920    -3800.00
        3000  -0.0040000    -5800.00
        3001  -0.0040080    -6800.00
        3002  -0.0040160    -7600.00
        3003  -0.0040240    -8200.00
        3004  -0.0040320    -8400.00
        3005  -0.0040400    -9000.00
        3006  -0.0040480    -9200.00
        3007  -0.0040560    -9400.00
        3008  -0.0040640    -9400.00
        3009  -0.0040720    -9600.00
        3010  -0.0040800    -9400.00
        3011  -0.0040880    -9400.00
        3012  -0.0040960    -9400.00
        3013  -0.0041040    -9400.00
        3014  -0.0041120    -9400.00
        3015  -0.0041200    -9800.00
        3016  -0.0041280   -10000.00
        3017  -0.0041360   -10200.00
        3018  -0.0041440   -10600.00
        3019  -0.0041520   -10600.00
        3020  -0.0041600   -10600.00
        3021  -0.0041680   -10400.00
        3022  -0.0041760   -10200.00
        3023  -0.0041840   -10000.00
        3024  -0.0041920   -10200.00
        3025  -0.0042000   -10000.00
        3026  -0.0042080   -10200.00
        3027  -0.0042160   -10200.00
        3028  -0.0042240   -10400.00
        3029  -0.0042320   -10400.00
        3030  -0.0042400   -10200.00
        3031  -0.0042480   -10200.00
        3032  -0.0042560   -10200.00
        3033  -0.0042640   -10000.00
        3034  -0.0042720    -9800.00
        3035  -0.0042800    -9400.00
        3036  -0.0042880    -9400.00
        3037  -0.0042960    -9200.00
        3038  -0.0043040    -9200.00
        3039  -0.0043120    -9200.00
        3040  -0.0043200    -9200.00
        3041  -0.0043280    -9200.00
        3042  -0.0043360    -9200.00
        3043  -0.0043440    -9000.00
        3044  -0.0043520    -8600.00
        3045  -0.0043600    -8400.00
        3046  -0.0043680    -7800.00
        3047  -0.0043760    -7600.00
        3048  -0.0043840    -7000.00
        3049  -0.0043920    -6200.00
        3050  -0.0044000    -5000.00
        3051  -0.0044080    -3400.00
        3052  -0.0044160    -1000.00
        3053  -0.0044240     1000.00
        3054  -0.0044320     3400.00
        3055  -0.0044400     5200.00
        3056  -0.0044480     6400.00
        3057  -0.0044560     7200.00
        3058  -0.0044640     7800.00
        3059  -0.0044720     8400.00
        3060  -0.0044800     9000.00
        3061  -0.0044880     9200.00
        3062  -0.0044960     9200.00
        3063  -0.0045040     9200.00
        3064  -0.0045120     9200.00
        3065  -0.0045200     9000.00
        3066  -0.0045280     9000.00
        3067  -0.0045360     9000.00
        3068  -0.0045440     9000.00
        3069  -0.0045520     9400.00
        3070  -0.0045600     9600.00
        3071  -0.0045680    10000.00
        3072  -0.0045760    10200.00
        3073  -0.0045840    10400.00
        3074  -0.0045920    10200.00
        3075  -0.0046000    10200.00
        3076  -0.0046080    10000.00
        3077  -0.0046160     9800.00
        3078  -0.0046240     9800.00
        3079  -0.0046320     9600.00
        3080  -0.0046400     9800.00
        3081  -0.0046480    10000.00
        3082  -0.0046560    10200.00
        3083  -0.0046640    10600.00
        3084  -0.0046720    10400.00
        3085  -0.0046800    10600.00
        3086  -0.0046880    10200.00
        3087  -0.0046960    10000.00
        3088  -0.0047040     9800.00
        3089  -0.0047120     9400.00
        3090  -0.0047200     9200.00
        3091  -0.0047280     9200.00
        3092  -0.0047360     9000.00
        3093  -0.0047440     9200.00
        3094  -0.0047520     9200.00
        3095  -0.0047600     9200.00
        3096  -0.0047680     9200.00
        3097  -0.0047760     9000.00
        3098  -0.0047840     9000.00
        3099  -0.0047920     8400.00
        3100  -0.0048000     8000.00
        3101  -0.0048080     7600.00
        3102  -0.0048160     7400.00
        3103  -0.0048240     7000.00
        3104  -0.0048320     6800.00
        3105  -0.0048400     6000.00
        3106  -0.0048480     4600.00
        3107  -0.0048560     2600.00
        3108  -0.0048640      400.00
        3109  -0.0048720    -2200.00
        3110  -0.0048800    -4400.00
        3111  -0.0048880    -6000.00
        3112  -0.0048960    -7000.00
        3113  -0.0049040    -7600.00
        3114  -0.0049120    -8200.00
        3115  -0.0049200    -8600.00
        3116  -0.0049280    -9000.00
        3117  -0.0049360    -9400.00
        3118  -0.0049440    -9600.00
        3119  -0.0049520    -9400.00
        3120  -0.0049600    -9800.00
        3121  -0.0049680    -9400.00
        3122  -0.0049760    -9400.00
        3123  -0.0049840    -9400.00
        3124  -0.0049920    -9800.00
        3125  -0.0050000    -9800.00
        3126  -0.0050080    -9800.00
        3127  -0.0050160   -10200.00
        3128  -0.0050240   -10600.00
        3129  -0.0050320   -10600.00
        3130  -0.0050400   -10600.00
        3131  -0.0050480   -10800.00
        3132  -0.0050560   -10600.00
        3133  -0.0050640   -10200.00
        3134  -0.0050720   -10200.00
        3135  -0.0050800   -10200.00
        3136  -0.0050880   -10200.00
        3137  -0.0050960   -10200.00
        3138  -0.0051040   -10200.00
        3139  -0.0051120   -10600.00
        3140  -0.0051200   -10600.00
        3141  -0.0051280   -10600.00
        3142  -0.0051360   -10200.00
        3143  -0.0051440   -10200.00
        3144  -0.0051520   -10000.00
        3145  -0.0051600    -9800.00
        3146  -0.0051680    -9400.00
        3147  -0.0051760    -9400.00
        3148  -0.0051840    -9200.00
        3149  -0.0051920    -9400.00
        3150  -0.0052000    -9200.00
        3151  -0.0052080    -9200.00
        3152  -0.0052160    -9200.00
        3153  -0.0052240    -9200.00
        3154  -0.0052320    -9000.00
        3155  -0.0052400    -8600.00
        3156  -0.0052480    -8400.00
        3157  -0.0052560    -7800.00
        3158  -0.0052640    -7400.00
        3159  -0.0052720    -7000.00
        3160  -0.0052800    -6000.00
        3161  -0.0052880    -4600.00
        3162  -0.0052960    -2800.00
        3163  -0.0053040     -600.00
        3164  -0.0053120     1400.00
        3165  -0.0053200     3800.00
        3166  -0.0053280     5400.00
        3167  -0.0053360     6600.00
        3168  -0.0053440     7400.00
        3169  -0.0053520     7800.00
        3170  -0.0053600     8400.00
        3171  -0.0053680     9000.00
        3172  -0.0053760     9200.00
        3173  -0.0053840     9200.00
        3174  -0.0053920     9200.00
        3175  -0.0054000     9000.00
        3176  -0.0054080     9000.00
        3177  -0.0054160     9000.00
        3178  -0.0054240     9000.00
        3179  -0.0054320     9000.00
        3180  -0.0054400     9200.00
        3181  -0.0054480     9600.00
        3182  -0.0054560    10000.00
        3183  -0.0054640    10000.00
        3184  -0.0054720    10200.00
        3185  -0.0054800    10200.00
        3186  -0.0054880    10200.00
        3187  -0.0054960    10000.00
        3188  -0.0055040    10000.00
        3189  -0.0055120     9800.00
        3190  -0.0055200     9800.00
        3191  -0.0055280     9800.00
        3192  -0.0055360    10000.00
        3193  -0.0055440    10000.00
        3194  -0.0055520    10200.00
        3195  -0.0055600    10400.00
        3196  -0.0055680    10200.00
        3197  -0.0055760    10000.00
        3198  -0.0055840    10000.00
        3199  -0.0055920     9600.00
        3200  -0.0056000     9200.00
        3201  -0.0056080     9200.00
        3202  -0.0056160     9200.00
        3203  -0.0056240     9000.00
        3204  -0.0056320     9200.00
        3205  -0.0056400     9200.00
        3206  -0.0056480     9000.00
        3207  -0.0056560     9000.00
        3208  -0.0056640     9000.00
        3209  -0.0056720     8600.00
        3210  -0.0056800     8400.00
        3211  -0.0056880     7800.00
        3212  -0.0056960     7600.00
        3213  -0.0057040     7400.00
        3214  -0.0057120     7000.00
        3215  -0.0057200     6800.00
        3216  -0.0057280     5800.00
        3217  -0.0057360     4200.00
        3218  -0.0057440     2200.00
        3219  -0.0057520     -400.00
        3220  -0.0057600    -2800.00
        3221  -0.0057680    -4600.00
        3222  -0.0057760    -6200.00
        3223  -0.0057840    -7000.00
        3224  -0.0057920    -7600.00
        3225  -0.0058000    -8200.00
        3226  -0.0058080    -8600.00
        3227  -0.0058160    -9200.00
        3228  -0.0058240    -9400.00
        3229  -0.0058320    -9200.00
        3230  -0.0058400    -9400.00
        3231  -0.0058480    -9400.00
        3232  -0.0058560    -9400.00
        3233  -0.0058640    -9200.00
        3234  -0.0058720    -9400.00
        3235  -0.0058800    -9400.00
        3236  -0.0058880    -9400.00
        3237  -0.0058960    -9800.00
        3238  -0.0059040   -10200.00
        3239  -0.0059120   -10400.00
        3240  -0.0059200   -10600.00
        3241  -0.0059280   -10600.00
        3242  -0.0059360   -10800.00
        3243  -0.0059440   -10600.00
        3244  -0.0059520   -10200.00
        3245  -0.0059600   -10000.00
        3246  -0.0059680   -10000.00
        3247  -0.0059760   -10200.00
        3248  -0.0059840   -10000.00
        3249  -0.0059920   -10200.00
        3250  -0.0060000   -10600.00
        3251  -0.0060080   -10600.00
        3252  -0.0060160   -10600.00
        3253  -0.0060240   -10600.00
        3254  -0.0060320   -10200.00
        3255  -0.0060400    -9800.00
        3256  -0.0060480    -9600.00
        3257  -0.0060560    -9400.00
        3258  -0.0060640    -9400.00
        3259  -0.0060720    -9200.00
        3260  -0.0060800    -9400.00
        3261  -0.0060880    -9200.00
        3262  -0.0060960    -9200.00
        3263  -0.0061040    -9200.00
        3264  -0.0061120    -9200.00
        3265  -0.0061200    -8800.00
        3266  -0.0061280    -8600.00
        3267  -0.0061360    -8200.00
        3268  -0.0061440    -7800.00
        3269  -0.0061520    -7400.00
        3270  -0.0061600    -6800.00
        3271  -0.0061680    -5800.00
        3272  -0.0061760    -4400.00
        3273  -0.0061840    -2200.00
        3274  -0.0061920        0.00
        3275  -0.0062000     2200.00
        3276  -0.0062080     4200.00
        3277  -0.0062160     5800.00
        3278  -0.0062240     6800.00
        3279  -0.0062320     7600.00
        3280  -0.0062400     8200.00
        3281  -0.0062480     8600.00
        3282  -0.0062560     9000.00
        3283  -0.0062640     9200.00
        3284  -0.0062720     9200.00
        3285  -0.0062800     9200.00
        3286  -0.0062880     9200.00
        3287  -0.0062960     9000.00
        3288  -0.0063040     9000.00
        3289  -0.0063120     9000.00
        3290  -0.0063200     9200.00
        3291  -0.0063280     9400.00
        3292  -0.0063360    10000.00
        3293  -0.0063440    10200.00
        3294  -0.0063520    10600.00
        3295  -0.0063600    10600.00
        3296  -0.0063680    10200.00
        3297  -0.0063760    10200.00
        3298  -0.0063840    10000.00
        3299  -0.0063920     9800.00
        3300  -0.0064000     9800.00
        3301  -0.0064080     9800.00
        3302  -0.0064160    10000.00
        3303  -0.0064240    10000.00
        3304  -0.0064320    10200.00
        3305  -0.0064400    10200.00
        3306  -0.0064480    10400.00
        3307  -0.0064560    10200.00
        3308  -0.0064640    10000.00
        3309  -0.0064720     9800.00
        3310  -0.0064800     9400.00
        3311  -0.0064880     9200.00
        3312  -0.0064960     9200.00
        3313  -0.0065040     9000.00
        3314  -0.0065120     9000.00
        3315  -0.0065200     9200.00
        3316  -0.0065280     9000.00
        3317  -0.0065360     9000.00
        3318  -0.0065440     9000.00
        3319  -0.0065520     8600.00
        3320  -0.0065600     8400.00
        3321  -0.0065680     8200.00
        3322  -0.0065760     7800.00
        3323  -0.0065840     7600.00
        3324  -0.0065920     7400.00
        3325  -0.0066000     6800.00
        3326  -0.0066080     6600.00
        3327  -0.0066160     5400.00
        3328  -0.0066240     3600.00
        3329  -0.0066320     1800.00
        3330  -0.0066400     -800.00
        3331  -0.0066480    -3400.00
        3332  -0.0066560    -5200.00
        3333  -0.0066640    -6600.00
        3334  -0.0066720    -7400.00
        3335  -0.0066800    -7800.00
        3336  -0.0066880    -8200.00
        3337  -0.0066960    -8800.00
        3338  -0.0067040    -9200.00
        3339  -0.0067120    -9400.00
        3340  -0.0067200    -9600.00
        3341  -0.0067280    -9400.00
        3342  -0.0067360    -9600.00
        3343  -0.0067440    -9400.00
        3344  -0.0067520    -9400.00
        3345  -0.0067600    -9200.00
        3346  -0.0067680    -9400.00
        3347  -0.0067760    -9800.00
        3348  -0.0067840   -10000.00
        3349  -0.0067920   -10200.00
        3350  -0.0068000   -10400.00
        3351  -0.0068080   -10600.00
        3352  -0.0068160   -10600.00
        3353  -0.0068240   -10600.00
        3354  -0.0068320   -10200.00
        3355  -0.0068400   -10200.00
        3356  -0.0068480   -10200.00
        3357  -0.0068560   -10000.00
        3358  -0.0068640   -10000.00
        3359  -0.0068720   -10200.00
        3360  -0.0068800   -10200.00
        3361  -0.0068880   -10400.00
        3362  -0.0068960   -10400.00
        3363  -0.0069040   -10600.00
        3364  -0.0069120   -10200.00
        3365  -0.0069200   -10000.00
        3366  -0.0069280   -10000.00
        3367  -0.0069360    -9800.00
        3368  -0.0069440    -9400.00
        3369  -0.0069520    -9200.00
        3370  -0.0069600    -9200.00
        3371  -0.0069680    -9400.00
        3372  -0.0069760    -9400.00
        3373  -0.0069840    -9200.00
        3374  -0.0069920    -9200.00
        3375  -0.0070000    -9000.00
        3376  -0.0070080    -8800.00
        3377  -0.0070160    -8400.00
        3378  -0.0070240    -8200.00
        3379  -0.0070320    -7600.00
        3380  -0.0070400    -7400.00
        3381  -0.0070480    -6600.00
        3382  -0.0070560    -5800.00
        3383  -0.0070640    -4200.00
        3384  -0.0070720    -2000.00
        3385  -0.0070800      400.00
        3386  -0.0070880     2600.00
        3387  -0.0070960     4400.00
        3388  -0.0071040     6000.00
        3389  -0.0071120     7000.00
        3390  -0.0071200     7600.00
        3391  -0.0071280     8200.00
        3392  -0.0071360     8600.00
        3393  -0.0071440     9200.00
        3394  -0.0071520     9200.00
        3395  -0.0071600     9000.00
        3396  -0.0071680     9200.00
        3397  -0.0071760     9000.00
        3398  -0.0071840     9000.00
        3399  -0.0071920     9000.00
        3400  -0.0072000     9000.00
        3401  -0.0072080     9200.00
        3402  -0.0072160     9600.00
        3403  -0.0072240    10000.00
        3404  -0.0072320    10000.00
        3405  -0.0072400    10200.00
        3406  -0.0072480    10200.00
        3407  -0.0072560    10200.00
        3408  -0.0072640    10000.00
        3409  -0.0072720    10000.00
        3410  -0.0072800     9800.00
        3411  -0.0072880     9800.00
        3412  -0.0072960     9800.00
        3413  -0.0073040    10000.00
        3414  -0.0073120    10000.00
        3415  -0.0073200    10400.00
        3416  -0.0073280    10200.00
        3417  -0.0073360    10600.00
        3418  -0.0073440    10400.00
        3419  -0.0073520    10000.00
        3420  -0.0073600     9800.00
        3421  -0.0073680     9400.00
        3422  -0.0073760     9200.00
        3423  -0.0073840     9200.00
        3424  -0.0073920     9200.00
        3425  -0.0074000     9200.00
        3426  -0.0074080     9200.00
        3427  -0.0074160     9200.00
        3428  -0.0074240     9200.00
        3429  -0.0074320     9000.00
        3430  -0.0074400     9000.00
        3431  -0.0074480     8400.00
        3432  -0.0074560     8200.00
        3433  -0.0074640     7800.00
        3434  -0.0074720     7600.00
        3435  -0.0074800     7200.00
        3436  -0.0074880     6800.00
        3437  -0.0074960     6600.00
        3438  -0.0075040     5200.00
        3439  -0.0075120     3400.00
        3440  -0.0075200     1200.00
        3441  -0.0075280    -1200.00
        3442  -0.0075360    -3600.00
        3443  -0.0075440    -5400.00
        3444  -0.0075520    -6800.00
        3445  -0.0075600    -7400.00
        3446  -0.0075680    -7800.00
        3447  -0.0075760    -8400.00
        3448  -0.0075840    -9000.00
        3449  -0.0075920    -9200.00
        3450  -0.0076000    -9400.00
        3451  -0.0076080    -9600.00
        3452  -0.0076160    -9400.00
        3453  -0.0076240    -9400.00
        3454  -0.0076320    -9400.00
        3455  -0.0076400    -9200.00
        3456  -0.0076480    -9400.00
        3457  -0.0076560    -9600.00
        3458  -0.0076640   -10000.00
        3459  -0.0076720   -10200.00
        3460  -0.0076800   -10400.00
        3461  -0.0076880   -10400.00
        3462  -0.0076960   -10600.00
        3463  -0.0077040   -10400.00
        3464  -0.0077120   -10600.00
        3465  -0.0077200   -10200.00
        3466  -0.0077280   -10200.00
        3467  -0.0077360   -10200.00
        3468  -0.0077440   -10000.00
        3469  -0.0077520   -10200.00
        3470  -0.0077600   -10200.00
        3471  -0.0077680   -10400.00
        3472  -0.0077760   -10400.00
        3473  -0.0077840   -10200.00
        3474  -0.0077920   -10400.00
        3475  -0.0078000   -10200.00
        3476  -0.0078080   -10000.00
        3477  -0.0078160    -9800.00
        3478  -0.0078240    -9400.00
        3479  -0.0078320    -9400.00
        3480  -0.0078400    -9200.00
        3481  -0.0078480    -9200.00
        3482  -0.0078560    -9400.00
        3483  -0.0078640    -9200.00
        3484  -0.0078720    -9200.00
        3485  -0.0078800    -9000.00
        3486  -0.0078880    -8800.00
        3487  -0.0078960    -8600.00
        3488  -0.0079040    -8400.00
        3489  -0.0079120    -8200.00
        3490  -0.0079200    -7600.00
        3491  -0.0079280    -7000.00
        3492  -0.0079360    -6600.00
        3493  -0.0079440    -5400.00
        3494  -0.0079520    -3800.00
        3495  -0.0079600    -1400.00
        3496  -0.0079680      600.00
        3497  -0.0079760     3000.00
        3498  -0.0079840     4800.00
        3499  -0.0079920     6200.00
        3500  -0.0080000     7000.00
        3501  -0.0080080     7600.00
        3502  -0.0080160     8200.00
        3503  -0.0080240     8600.00
        3504  -0.0080320     9000.00
        3505  -0.0080400     9200.00
        3506  -0.0080480     9400.00
        3507  -0.0080560     9200.00
        3508  -0.0080640     9200.00
        3509  -0.0080720     9000.00
        3510  -0.0080800     8800.00
        3511  -0.0080880     9000.00
        3512  -0.0080960     9200.00
        3513  -0.0081040     9400.00
        3514  -0.0081120    10000.00
        3515  -0.0081200    10000.00
        3516  -0.0081280    10400.00
        3517  -0.0081360    10200.00
        3518  -0.0081440    10200.00
        3519  -0.0081520    10000.00
        3520  -0.0081600     9800.00
        3521  -0.0081680     9800.00
        3522  -0.0081760     9800.00
        3523  -0.0081840     9800.00
        3524  -0.0081920     9800.00
        3525  -0.0082000    10000.00
        3526  -0.0082080    10200.00
        3527  -0.0082160    10200.00
        3528  -0.0082240    10400.00
        3529  -0.0082320    10200.00
        3530  -0.0082400    10000.00
        3531  -0.0082480     9800.00
        3532  -0.0082560     9400.00
        3533  -0.0082640     9200.00
        3534  -0.0082720     9200.00
        3535  -0.0082800     9000.00
        3536  -0.0082880     9000.00
        3537  -0.0082960     9200.00
        3538  -0.0083040     9200.00
        3539  -0.0083120     9200.00
        3540  -0.0083200     9200.00
        3541  -0.0083280     8600.00
        3542  -0.0083360     8400.00
        3543  -0.0083440     8200.00
        3544  -0.0083520     7600.00
        3545  -0.0083600     7400.00
        3546  -0.0083680     7000.00
        3547  -0.0083760     6800.00
        3548  -0.0083840     6400.00
        3549  -0.0083920     5200.00
        3550  -0.0084000     3000.00
        3551  -0.0084080      800.00
        3552  -0.0084160    -1400.00
        3553  -0.0084240    -3800.00
        3554  -0.0084320    -5600.00
        3555  -0.0084400    -6800.00
        3556  -0.0084480    -7600.00
        3557  -0.0084560    -7800.00
        3558  -0.0084640    -8600.00
        3559  -0.0084720    -9000.00
        3560  -0.0084800    -9200.00
        3561  -0.0084880    -9400.00
        3562  -0.0084960    -9600.00
        3563  -0.0085040    -9400.00
        3564  -0.0085120    -9400.00
        3565  -0.0085200    -9400.00
        3566  -0.0085280    -9400.00
        3567  -0.0085360    -9400.00
        3568  -0.0085440    -9600.00
        3569  -0.0085520    -9800.00
        3570  -0.0085600   -10200.00
        3571  -0.0085680   -10600.00
        3572  -0.0085760   -10600.00
        3573  -0.0085840   -10800.00
        3574  -0.0085920   -10600.00
        3575  -0.0086000   -10600.00
        3576  -0.0086080   -10200.00
        3577  -0.0086160   -10200.00
        3578  -0.0086240   -10200.00
        3579  -0.0086320   -10200.00
        3580  -0.0086400   -10200.00
        3581  -0.0086480   -10200.00
        3582  -0.0086560   -10600.00
        3583  -0.0086640   -10600.00
        3584  -0.0086720   -10600.00
        3585  -0.0086800   -10200.00
        3586  -0.0086880   -10200.00
        3587  -0.0086960   -10000.00
        3588  -0.0087040    -9800.00
        3589  -0.0087120    -9800.00
        3590  -0.0087200    -9400.00
        3591  -0.0087280    -9400.00
        3592  -0.0087360    -9200.00
        3593  -0.0087440    -9200.00
        3594  -0.0087520    -9400.00
        3595  -0.0087600    -9200.00
        3596  -0.0087680    -9200.00
        3597  -0.0087760    -9000.00
        3598  -0.0087840    -8600.00
        3599  -0.0087920    -8400.00
        3600  -0.0088000    -7800.00
        3601  -0.0088080    -7600.00
        3602  -0.0088160    -7000.00
        3603  -0.0088240    -6600.00
        3604  -0.0088320    -5200.00
        3605  -0.0088400    -3400.00
        3606  -0.0088480    -1200.00
        3607  -0.0088560     1200.00
        3608  -0.0088640     3400.00
        3609  -0.0088720     5200.00
        3610  -0.0088800     6200.00
        3611  -0.0088880     7200.00
        3612  -0.0088960     7800.00
        3613  -0.0089040     8400.00
        3614  -0.0089120     8600.00
        3615  -0.0089200     9200.00
        3616  -0.0089280     9200.00
        3617  -0.0089360     9400.00
        3618  -0.0089440     9200.00
        3619  -0.0089520     9200.00
        3620  -0.0089600     9000.00
        3621  -0.0089680     9000.00
        3622  -0.0089760     9200.00
        3623  -0.0089840     9200.00
        3624  -0.0089920     9800.00
        3625  -0.0090000    10000.00
        3626  -0.0090080    10200.00
        3627  -0.0090160    10400.00
        3628  -0.0090240    10400.00
        3629  -0.0090320    10200.00
        3630  -0.0090400    10200.00
        3631  -0.0090480     9800.00
        3632  -0.0090560     9800.00
        3633  -0.0090640     9600.00
        3634  -0.0090720     9800.00
        3635  -0.0090800    10000.00
        3636  -0.0090880    10200.00
        3637  -0.0090960    10200.00
        3638  -0.0091040    10200.00
        3639  -0.0091120    10200.00
        3640  -0.0091200    10000.00
        3641  -0.0091280     9800.00
        3642  -0.0091360     9800.00
        3643  -0.0091440     9400.00
        3644  -0.0091520     9200.00
        3645  -0.0091600     9200.00
        3646  -0.0091680     9000.00
        3647  -0.0091760     9000.00
        3648  -0.0091840     9000.00
        3649  -0.0091920     9200.00
        3650  -0.0092000     9000.00
        3651  -0.0092080     9000.00
        3652  -0.0092160     8600.00
        3653  -0.0092240     8400.00
        3654  -0.0092320     8200.00
        3655  -0.0092400     7600.00
        3656  -0.0092480     7400.00
        3657  -0.0092560     7000.00
        3658  -0.0092640     6800.00
        3659  -0.0092720     6200.00
        3660  -0.0092800     4800.00
        3661  -0.0092880     2800.00
        3662  -0.0092960      400.00
        3663  -0.0093040    -2000.00
        3664  -0.0093120    -4200.00
        3665  -0.0093200    -6000.00
        3666  -0.0093280    -6800.00
        3667  -0.0093360    -7600.00
        3668  -0.0093440    -8200.00
        3669  -0.0093520    -8400.00
        3670  -0.0093600    -9000.00
        3671  -0.0093680    -9200.00
        3672  -0.0093760    -9400.00
        3673  -0.0093840    -9400.00
        3674  -0.0093920    -9400.00
        3675  -0.0094000    -9400.00
        3676  -0.0094080    -9400.00
        3677  -0.0094160    -9400.00
        3678  -0.0094240    -9400.00
        3679  -0.0094320    -9600.00
        3680  -0.0094400   -10000.00
        3681  -0.0094480   -10200.00
        3682  -0.0094560   -10200.00
        3683  -0.0094640   -10600.00
        3684  -0.0094720   -10600.00
        3685  -0.0094800   -10600.00
        3686  -0.0094880   -10400.00
        3687  -0.0094960   -10200.00
        3688  -0.0095040   -10000.00
        3689  -0.0095120   -10000.00
        3690  -0.0095200   -10200.00
        3691  -0.0095280   -10200.00
        3692  -0.0095360   -10200.00
        3693  -0.0095440   -10400.00
        3694  -0.0095520   -10600.00
        3695  -0.0095600   -10800.00
        3696  -0.0095680   -10400.00
        3697  -0.0095760   -10200.00
        3698  -0.0095840    -9800.00
        3699  -0.0095920    -9800.00
        3700  -0.0096000    -9600.00
        3701  -0.0096080    -9400.00
        3702  -0.0096160    -9200.00
        3703  -0.0096240    -9400.00
        3704  -0.0096320    -9400.00
        3705  -0.0096400    -9400.00
        3706  -0.0096480    -9200.00
        3707  -0.0096560    -9200.00
        3708  -0.0096640    -9000.00
        3709  -0.0096720    -8600.00
        3710  -0.0096800    -8400.00
        3711  -0.0096880    -7800.00
        3712  -0.0096960    -7400.00
        3713  -0.0097040    -7000.00
        3714  -0.0097120    -6200.00
        3715  -0.0097200    -5000.00
        3716  -0.0097280    -3000.00
        3717  -0.0097360    -1000.00
        3718  -0.0097440     1400.00
        3719  -0.0097520     3800.00
        3720  -0.0097600     5200.00
        3721  -0.0097680     6600.00
        3722  -0.0097760     7000.00
        3723  -0.0097840     7800.00
        3724  -0.0097920     8400.00
        3725  -0.0098000     9000.00
        3726  -0.0098080     9200.00
        3727  -0.0098160     9200.00
        3728  -0.0098240     9400.00
        3729  -0.0098320     9200.00
        3730  -0.0098400     9000.00
        3731  -0.0098480     9000.00
        3732  -0.0098560     9000.00
        3733  -0.0098640     9000.00
        3734  -0.0098720     9400.00
        3735  -0.0098800     9800.00
        3736  -0.0098880    10000.00
        3737  -0.0098960    10200.00
        3738  -0.0099040    10400.00
        3739  -0.0099120    10200.00
        3740  -0.0099200    10200.00
        3741  -0.0099280    10000.00
        3742  -0.0099360     9800.00
        3743  -0.0099440     9800.00
        3744  -0.0099520     9800.00
        3745  -0.0099600     9800.00
        3746  -0.0099680    10000.00
        3747  -0.0099760    10200.00
        3748  -0.0099840    10200.00
        3749  -0.0099920    10400.00
        3750  -0.0100000    10400.00
        3751  -0.0100080    10200.00
        3752  -0.0100160    10000.00
        3753  -0.0100240     9800.00
        3754  -0.0100320     9400.00
        3755  -0.0100400     9200.00
        3756  -0.0100480     9000.00
        3757  -0.0100560     9000.00
        3758  -0.0100640     9200.00
        3759  -0.0100720     9200.00
        3760  -0.0100800     9200.00
        3761  -0.0100880     9200.00
        3762  -0.0100960     9000.00
        3763  -0.0101040     8600.00
        3764  -0.0101120     8200.00
        3765  -0.0101200     7800.00
        3766  -0.0101280     7600.00
        3767  -0.0101360     7400.00
        3768  -0.0101440     7000.00
        3769  -0.0101520     6600.00
        3770  -0.0101600     5800.00
        3771  -0.0101680     4400.00
        3772  -0.0101760     2600.00
        3773  -0.0101840      200.00
        3774  -0.0101920    -2600.00
        3775  -0.0102000    -4600.00
        3776  -0.0102080    -6200.00
        3777  -0.0102160    -7000.00
        3778  -0.0102240    -7600.00
        3779  -0.0102320    -8200.00
        3780  -0.0102400    -8600.00
        3781  -0.0102480    -9200.00
        3782  -0.0102560    -9400.00
        3783  -0.0102640    -9400.00
        3784  -0.0102720    -9400.00
        3785  -0.0102800    -9600.00
        3786  -0.0102880    -9400.00
        3787  -0.0102960    -9400.00
        3788  -0.0103040    -9400.00
        3789  -0.0103120    -9600.00
        3790  -0.0103200    -9400.00
        3791  -0.0103280   -10000.00
        3792  -0.0103360   -10200.00
        3793  -0.0103440   -10200.00
        3794  -0.0103520   -10400.00
        3795  -0.0103600   -10600.00
        3796  -0.0103680   -10600.00
        3797  -0.0103760   -10200.00
        3798  -0.0103840   -10200.00
        3799  -0.0103920   -10200.00
        3800  -0.0104000   -10000.00
        3801  -0.0104080   -10000.00
        3802  -0.0104160   -10200.00
        3803  -0.0104240   -10200.00
        3804  -0.0104320   -10400.00
        3805  -0.0104400   -10400.00
        3806  -0.0104480   -10200.00
        3807  -0.0104560   -10200.00
        3808  -0.0104640   -10200.00
        3809  -0.0104720   -10000.00
        3810  -0.0104800    -9800.00
        3811  -0.0104880    -9400.00
        3812  -0.0104960    -9400.00
        3813  -0.0105040    -9200.00
        3814  -0.0105120    -9200.00
        3815  -0.0105200    -9200.00
        3816  -0.0105280    -9200.00
        3817  -0.0105360    -9000.00
        3818  -0.0105440    -9000.00
        3819  -0.0105520    -8600.00
        3820  -0.0105600    -8400.00
        3821  -0.0105680    -8200.00
        3822  -0.0105760    -7600.00
        3823  -0.0105840    -7200.00
        3824  -0.0105920    -7000.00
        3825  -0.0106000    -6200.00
        3826  -0.0106080    -4600.00
        3827  -0.0106160    -2800.00
        3828  -0.0106240     -600.00
        3829  -0.0106320     1800.00
        3830  -0.0106400     3800.00
        3831  -0.0106480     5600.00
        3832  -0.0106560     6600.00
        3833  -0.0106640     7400.00
        3834  -0.0106720     7800.00
        3835  -0.0106800     8400.00
        3836  -0.0106880     9000.00
        3837  -0.0106960     9000.00
        3838  -0.0107040     9200.00
        3839  -0.0107120     9000.00
        3840  -0.0107200     9200.00
        3841  -0.0107280     9000.00
        3842  -0.0107360     9000.00
        3843  -0.0107440     9000.00
        3844  -0.0107520     9200.00
        3845  -0.0107600     9200.00
        3846  -0.0107680     9800.00
        3847  -0.0107760    10000.00
        3848  -0.0107840    10000.00
        3849  -0.0107920    10200.00
        3850  -0.0108000    10200.00
        3851  -0.0108080    10200.00
        3852  -0.0108160    10000.00
        3853  -0.0108240     9800.00
        3854  -0.0108320     9800.00
        3855  -0.0108400     9800.00
        3856  -0.0108480     9800.00
        3857  -0.0108560    10000.00
        3858  -0.0108640    10200.00
        3859  -0.0108720    10200.00
        3860  -0.0108800    10600.00
        3861  -0.0108880    10200.00
        3862  -0.0108960    10200.00
        3863  -0.0109040    10000.00
        3864  -0.0109120     9600.00
        3865  -0.0109200     9400.00
        3866  -0.0109280     9200.00
        3867  -0.0109360     9200.00
        3868  -0.0109440     9200.00
        3869  -0.0109520     9200.00
        3870  -0.0109600     9200.00
        3871  -0.0109680     9200.00
        3872  -0.0109760     9000.00
        3873  -0.0109840     9000.00
        3874  -0.0109920     8600.00
        3875  -0.0110000     8400.00
        3876  -0.0110080     8000.00
        3877  -0.0110160     7600.00
        3878  -0.0110240     7400.00
        3879  -0.0110320     7000.00
        3880  -0.0110400     6600.00
        3881  -0.0110480     5800.00
        3882  -0.0110560     4200.00
        3883  -0.0110640     2000.00
        3884  -0.0110720     -400.00
        3885  -0.0110800    -2800.00
        3886  -0.0110880    -4600.00
        3887  -0.0110960    -6200.00
        3888  -0.0111040    -7000.00
        3889  -0.0111120    -7600.00
        3890  -0.0111200    -8200.00
        3891  -0.0111280    -8600.00
        3892  -0.0111360    -9200.00
        3893  -0.0111440    -9200.00
        3894  -0.0111520    -9600.00
        3895  -0.0111600    -9400.00
        3896  -0.0111680    -9600.00
        3897  -0.0111760    -9400.00
        3898  -0.0111840    -9400.00
        3899  -0.0111920    -9400.00
        3900  -0.0112000    -9600.00
        3901  -0.0112080    -9800.00
        3902  -0.0112160   -10000.00
        3903  -0.0112240   -10200.00
        3904  -0.0112320   -10400.00
        3905  -0.0112400   -10400.00
        3906  -0.0112480   -10600.00
        3907  -0.0112560   -10600.00
        3908  -0.0112640   -10400.00
        3909  -0.0112720   -10200.00
        3910  -0.0112800   -10200.00
        3911  -0.0112880   -10200.00
        3912  -0.0112960   -10200.00
        3913  -0.0113040   -10200.00
        3914  -0.0113120   -10400.00
        3915  -0.0113200   -10600.00
        3916  -0.0113280   -10600.00
        3917  -0.0113360   -10400.00
        3918  -0.0113440   -10200.00
        3919  -0.0113520   -10200.00
        3920  -0.0113600   -10000.00
        3921  -0.0113680    -9800.00
        3922  -0.0113760    -9200.00
        3923  -0.0113840    -9400.00
        3924  -0.0113920    -9200.00
        3925  -0.0114000    -9200.00
        3926  -0.0114080    -9200.00
        3927  -0.0114160    -9200.00
        3928  -0.0114240    -9200.00
        3929  -0.0114320    -9000.00
        3930  -0.0114400    -8600.00
        3931  -0.0114480    -8400.00
        3932  -0.0114560    -8200.00
        3933  -0.0114640    -7600.00
        3934  -0.0114720    -7400.00
        3935  -0.0114800    -6800.00
        3936  -0.0114880    -6000.00
        3937  -0.0114960    -4400.00
        3938  -0.0115040    -2200.00
        3939  -0.0115120        0.00
        3940  -0.0115200     2200.00
        3941  -0.0115280     4400.00
        3942  -0.0115360     5800.00
        3943  -0.0115440     6800.00
        3944  -0.0115520     7400.00
        3945  -0.0115600     8000.00
        3946  -0.0115680     8600.00
        3947  -0.0115760     9000.00
        3948  -0.0115840     9200.00
        3949  -0.0115920     9400.00
        3950  -0.0116000     9200.00
        3951  -0.0116080     9200.00
        3952  -0.0116160     9000.00
        3953  -0.0116240     9000.00
        3954  -0.0116320     9000.00
        3955  -0.0116400     9200.00
        3956  -0.0116480     9400.00
        3957  -0.0116560     9800.00
        3958  -0.0116640    10000.00
        3959  -0.0116720    10200.00
        3960  -0.0116800    10200.00
        3961  -0.0116880    10400.00
        3962  -0.0116960    10000.00
        3963  -0.0117040    10000.00
        3964  -0.0117120     9800.00
        3965  -0.0117200     9600.00
        3966  -0.0117280     9800.00
        3967  -0.0117360     9800.00
        3968  -0.0117440    10000.00
        3969  -0.0117520    10200.00
        3970  -0.0117600    10600.00
        3971  -0.0117680    10200.00
        3972  -0.0117760    10200.00
        3973  -0.0117840    10000.00
        3974  -0.0117920     9800.00
        3975  -0.0118000     9400.00
        3976  -0.0118080     9200.00
        3977  -0.0118160     9200.00
        3978  -0.0118240     9000.00
        3979  -0.0118320     9000.00
        3980  -0.0118400     9200.00
        3981  -0.0118480     9200.00
        3982  -0.0118560     9200.00
        3983  -0.0118640     9000.00
        3984  -0.0118720     8800.00
        3985  -0.0118800     8600.00
        3986  -0.0118880     8400.00
        3987  -0.0118960     7800.00
        3988  -0.0119040     7600.00
        3989  -0.0119120     7200.00
        3990  -0.0119200     6800.00
        3991  -0.0119280     6600.00
        3992  -0.0119360     5400.00
        3993  -0.0119440     3800.00
        3994  -0.0119520     1600.00
        3995  -0.0119600     -600.00
        3996  -0.0119680    -3400.00
        3997  -0.0119760    -5200.00
        3998  -0.0119840    -6400.00
        3999  -0.0119920    -7400.00
        4000  -0.0120000    -7800.00
        4001  -0.0120080    -8400.00
        4002  -0.0120160    -8800.00
        4003  -0.0120240    -9200.00
        4004  -0.0120320    -9200.00
        4005  -0.0120400    -9400.00
        4006  -0.0120480    -9400.00
        4007  -0.0120560    -9400.00
        4008  -0.0120640    -9400.00
        4009  -0.0120720    -9400.00
        4010  -0.0120800    -9400.00
        4011  -0.0120880    -9400.00
        4012  -0.0120960    -9600.00
        4013  -0.0121040   -10200.00
        4014  -0.0121120   -10200.00
        4015  -0.0121200   -10600.00
        4016  -0.0121280   -10600.00
        4017  -0.0121360   -10600.00
        4018  -0.0121440   -10600.00
        4019  -0.0121520   -10400.00
        4020  -0.0121600   -10200.00
        4021  -0.0121680   -10000.00
        4022  -0.0121760   -10200.00
        4023  -0.0121840   -10200.00
        4024  -0.0121920   -10200.00
        4025  -0.0122000   -10200.00
        4026  -0.0122080   -10600.00
        4027  -0.0122160   -10400.00
        4028  -0.0122240   -10600.00
        4029  -0.0122320   -10400.00
        4030  -0.0122400   -10200.00
        4031  -0.0122480   -10000.00
        4032  -0.0122560    -9600.00
        4033  -0.0122640    -9600.00
        4034  -0.0122720    -9400.00
        4035  -0.0122800    -9400.00
        4036  -0.0122880    -9400.00
        4037  -0.0122960    -9200.00
        4038  -0.0123040    -9200.00
        4039  -0.0123120    -9200.00
        4040  -0.0123200    -9000.00
        4041  -0.0123280    -8800.00
        4042  -0.0123360    -8400.00
        4043  -0.0123440    -8000.00
        4044  -0.0123520    -7600.00
        4045  -0.0123600    -7200.00
        4046  -0.0123680    -6800.00
        4047  -0.0123760    -6000.00
        4048  -0.0123840    -3800.00
        4049  -0.0123920    -2000.00
        4050  -0.0124000      400.00
        4051  -0.0124080     2600.00
        4052  -0.0124160     4400.00
        4053  -0.0124240     6000.00
        4054  -0.0124320     6800.00
        4055  -0.0124400     7400.00
        4056  -0.0124480     8200.00
        4057  -0.0124560     8600.00
        4058  -0.0124640     9200.00
        4059  -0.0124720     9200.00
        4060  -0.0124800     9400.00
        4061  -0.0124880     9200.00
        4062  -0.0124960     9000.00
        4063  -0.0125040     9000.00
        4064  -0.0125120     9000.00
        4065  -0.0125200     9000.00
        4066  -0.0125280     9400.00
        4067  -0.0125360     9400.00
        4068  -0.0125440     9800.00
        4069  -0.0125520    10000.00
        4070  -0.0125600    10600.00
        4071  -0.0125680    10600.00
        4072  -0.0125760    10400.00
        4073  -0.0125840    10200.00
        4074  -0.0125920    10000.00
        4075  -0.0126000     9800.00
        4076  -0.0126080     9800.00
        4077  -0.0126160     9800.00
        4078  -0.0126240     9800.00
        4079  -0.0126320    10000.00
        4080  -0.0126400    10200.00
        4081  -0.0126480    10200.00
        4082  -0.0126560    10200.00
        4083  -0.0126640    10200.00
        4084  -0.0126720    10000.00
        4085  -0.0126800     9800.00
        4086  -0.0126880     9400.00
        4087  -0.0126960     9200.00
        4088  -0.0127040     9200.00
        4089  -0.0127120     9000.00
        4090  -0.0127200     9000.00
        4091  -0.0127280     9200.00
        4092  -0.0127360     9000.00
        4093  -0.0127440     9200.00
        4094  -0.0127520     9000.00
        4095  -0.0127600     8800.00
        4096  -0.0127680     8400.00
        4097  -0.0127760     8200.00
        4098  -0.0127840     7600.00
        4099  -0.0127920     7400.00
        4100  -0.0128000     7000.00
        4101  -0.0128080     6800.00
        4102  -0.0128160     6200.00
        4103  -0.0128240     5200.00
        4104  -0.0128320     3400.00
        4105  -0.0128400     1200.00
        4106  -0.0128480    -1200.00
        4107  -0.0128560    -3800.00
        4108  -0.0128640    -5400.00
        4109  -0.0128720    -6800.00
        4110  -0.0128800    -7400.00
        4111  -0.0128880    -7800.00
        4112  -0.0128960    -8600.00
        4113  -0.0129040    -9000.00
        4114  -0.0129120    -9200.00
        4115  -0.0129200    -9400.00
        4116  -0.0129280    -9400.00
        4117  -0.0129360    -9600.00
        4118  -0.0129440    -9400.00
        4119  -0.0129520    -9400.00
        4120  -0.0129600    -9400.00
        4121  -0.0129680    -9400.00
        4122  -0.0129760    -9400.00
        4123  -0.0129840    -9800.00
        4124  -0.0129920   -10200.00
        4125  -0.0130000   -10200.00
        4126  -0.0130080   -10400.00
        4127  -0.0130160   -10600.00
        4128  -0.0130240   -10800.00
        4129  -0.0130320   -10200.00
        4130  -0.0130400   -10200.00
        4131  -0.0130480   -10200.00
        4132  -0.0130560   -10000.00
        4133  -0.0130640   -10000.00
        4134  -0.0130720   -10200.00
        4135  -0.0130800   -10200.00
        4136  -0.0130880   -10200.00
        4137  -0.0130960   -10200.00
        4138  -0.0131040   -10600.00
        4139  -0.0131120   -10200.00
        4140  -0.0131200   -10200.00
        4141  -0.0131280   -10000.00
        4142  -0.0131360    -9800.00
        4143  -0.0131440    -9600.00
        4144  -0.0131520    -9400.00
        4145  -0.0131600    -9200.00
        4146  -0.0131680    -9200.00
        4147  -0.0131760    -9200.00
        4148  -0.0131840    -9200.00
        4149  -0.0131920    -9200.00
        4150  -0.0132000    -9200.00
        4151  -0.0132080    -9000.00
        4152  -0.0132160    -8600.00
        4153  -0.0132240    -8400.00
        4154  -0.0132320    -7800.00
        4155  -0.0132400    -7800.00
        4156  -0.0132480    -7000.00
        4157  -0.0132560    -6600.00
        4158  -0.0132640    -5400.00
        4159  -0.0132720    -3800.00
        4160  -0.0132800    -1800.00
        4161  -0.0132880      600.00
        4162  -0.0132960     2800.00
        4163  -0.0133040     4800.00
        4164  -0.0133120     6200.00
        4165  -0.0133200     6800.00
        4166  -0.0133280     7600.00
        4167  -0.0133360     8200.00
        4168  -0.0133440     8600.00
        4169  -0.0133520     9200.00
        4170  -0.0133600     9200.00
        4171  -0.0133680     9200.00
        4172  -0.0133760     9200.00
        4173  -0.0133840     9000.00
        4174  -0.0133920     9000.00
        4175  -0.0134000     9000.00
        4176  -0.0134080     9000.00
        4177  -0.0134160     9200.00
        4178  -0.0134240     9400.00
        4179  -0.0134320     9800.00
        4180  -0.0134400    10000.00
        4181  -0.0134480    10600.00
        4182  -0.0134560    10400.00
        4183  -0.0134640    10200.00
        4184  -0.0134720    10000.00
        4185  -0.0134800    10000.00
        4186  -0.0134880     9800.00
        4187  -0.0134960     9800.00
        4188  -0.0135040     9800.00
        4189  -0.0135120    10000.00
        4190  -0.0135200    10000.00
        4191  -0.0135280    10200.00
        4192  -0.0135360    10200.00
        4193  -0.0135440    10600.00
        4194  -0.0135520    10200.00
        4195  -0.0135600    10000.00
        4196  -0.0135680     9800.00
        4197  -0.0135760     9400.00
        4198  -0.0135840     9200.00
        4199  -0.0135920     9200.00
        4200  -0.0136000     9000.00
        4201  -0.0136080     9000.00
        4202  -0.0136160     9200.00
        4203  -0.0136240     9200.00
        4204  -0.0136320     9200.00
        4205  -0.0136400     9000.00
        4206  -0.0136480     8800.00
        4207  -0.0136560     8400.00
        4208  -0.0136640     8400.00
        4209  -0.0136720     7800.00
        4210  -0.0136800     7400.00
        4211  -0.0136880     7000.00
        4212  -0.0136960     6800.00
        4213  -0.0137040     6200.00
        4214  -0.0137120     5200.00
        4215  -0.0137200     3000.00
        4216  -0.0137280      800.00
        4217  -0.0137360    -1800.00
        4218  -0.0137440    -3800.00
        4219  -0.0137520    -5800.00
        4220  -0.0137600    -7000.00
        4221  -0.0137680    -7600.00
        4222  -0.0137760    -8200.00
        4223  -0.0137840    -8600.00
        4224  -0.0137920    -9000.00
        4225  -0.0138000    -9200.00
        4226  -0.0138080    -9400.00
        4227  -0.0138160    -9400.00
        4228  -0.0138240    -9600.00
        4229  -0.0138320    -9400.00
        4230  -0.0138400    -9400.00
        4231  -0.0138480    -9400.00
        4232  -0.0138560    -9400.00
        4233  -0.0138640    -9800.00
        4234  -0.0138720    -9600.00
        4235  -0.0138800   -10200.00
        4236  -0.0138880   -10600.00
        4237  -0.0138960   -10600.00
        4238  -0.0139040   -10600.00
        4239  -0.0139120   -10600.00
        4240  -0.0139200   -10600.00
        4241  -0.0139280   -10200.00
        4242  -0.0139360   -10200.00
        4243  -0.0139440   -10000.00
        4244  -0.0139520   -10200.00
        4245  -0.0139600   -10200.00
        4246  -0.0139680   -10200.00
        4247  -0.0139760   -10600.00
        4248  -0.0139840   -10400.00
        4249  -0.0139920   -10400.00
        4250  -0.0140000   -10400.00
        4251  -0.0140080   -10200.00
        4252  -0.0140160   -10000.00
        4253  -0.0140240    -9800.00
        4254  -0.0140320    -9400.00
        4255  -0.0140400    -9400.00
        4256  -0.0140480    -9400.00
        4257  -0.0140560    -9200.00
        4258  -0.0140640    -9200.00
        4259  -0.0140720    -9200.00
        4260  -0.0140800    -9200.00
        4261  -0.0140880    -9000.00
        4262  -0.0140960    -9000.00
        4263  -0.0141040    -8600.00
        4264  -0.0141120    -8400.00
        4265  -0.0141200    -7800.00
        4266  -0.0141280    -7400.00
        4267  -0.0141360    -7000.00
        4268  -0.0141440    -6200.00
        4269  -0.0141520    -5200.00
        4270  -0.0141600    -3400.00
        4271  -0.0141680    -1200.00
        4272  -0.0141760     1200.00
        4273  -0.0141840     3400.00
        4274  -0.0141920     5200.00
        4275  -0.0142000     6200.00
        4276  -0.0142080     7000.00
        4277  -0.0142160     7600.00
        4278  -0.0142240     8200.00
        4279  -0.0142320     8800.00
        4280  -0.0142400     9200.00
        4281  -0.0142480     9400.00
        4282  -0.0142560     9200.00
        4283  -0.0142640     9200.00
        4284  -0.0142720     9000.00
        4285  -0.0142800     9000.00
        4286  -0.0142880     9000.00
        4287  -0.0142960     9000.00
        4288  -0.0143040     9200.00
        4289  -0.0143120     9400.00
        4290  -0.0143200    10000.00
        4291  -0.0143280    10200.00
        4292  -0.0143360    10400.00
        4293  -0.0143440    10200.00
        4294  -0.0143520    10200.00
        4295  -0.0143600    10000.00
        4296  -0.0143680    10000.00
        4297  -0.0143760     9800.00
        4298  -0.0143840     9800.00
        4299  -0.0143920     9800.00
        4300  -0.0144000     9800.00
        4301  -0.0144080    10000.00
        4302  -0.0144160    10200.00
        4303  -0.0144240    10400.00
        4304  -0.0144320    10200.00
        4305  -0.0144400    10200.00
        4306  -0.0144480    10000.00
        4307  -0.0144560     9800.00
        4308  -0.0144640     9400.00
        4309  -0.0144720     9200.00
        4310  -0.0144800     9000.00
        4311  -0.0144880     9000.00
        4312  -0.0144960     9000.00
        4313  -0.0145040     9200.00
        4314  -0.0145120     9200.00
        4315  -0.0145200     9200.00
        4316  -0.0145280     9000.00
        4317  -0.0145360     8600.00
        4318  -0.0145440     8400.00
        4319  -0.0145520     8000.00
        4320  -0.0145600     7800.00
        4321  -0.0145680     7400.00
        4322  -0.0145760     7000.00
        4323  -0.0145840     6800.00
        4324  -0.0145920     6000.00
        4325  -0.0146000     5000.00
        4326  -0.0146080     2800.00
        4327  -0.0146160      400.00
        4328  -0.0146240    -2000.00
        4329  -0.0146320    -4200.00
        4330  -0.0146400    -5800.00
        4331  -0.0146480    -7000.00
        4332  -0.0146560    -7600.00
        4333  -0.0146640    -8000.00
        4334  -0.0146720    -8400.00
        4335  -0.0146800    -9000.00
        4336  -0.0146880    -9200.00
        4337  -0.0146960    -9400.00
        4338  -0.0147040    -9400.00
        4339  -0.0147120    -9400.00
        4340  -0.0147200    -9400.00
        4341  -0.0147280    -9400.00
        4342  -0.0147360    -9400.00
        4343  -0.0147440    -9400.00
        4344  -0.0147520    -9800.00
        4345  -0.0147600   -10000.00
        4346  -0.0147680   -10200.00
        4347  -0.0147760   -10200.00
        4348  -0.0147840   -10600.00
        4349  -0.0147920   -10600.00
        4350  -0.0148000   -10600.00
        4351  -0.0148080   -10600.00
        4352  -0.0148160   -10200.00
        4353  -0.0148240   -10200.00
        4354  -0.0148320   -10200.00
        4355  -0.0148400   -10200.00
        4356  -0.0148480   -10200.00
        4357  -0.0148560   -10200.00
        4358  -0.0148640   -10600.00
        4359  -0.0148720   -10600.00
        4360  -0.0148800   -10400.00
        4361  -0.0148880   -10600.00
        4362  -0.0148960   -10200.00
        4363  -0.0149040   -10000.00
        4364  -0.0149120    -9800.00
        4365  -0.0149200    -9600.00
        4366  -0.0149280    -9400.00
        4367  -0.0149360    -9400.00
        4368  -0.0149440    -9400.00
        4369  -0.0149520    -9400.00
        4370  -0.0149600    -9200.00
        4371  -0.0149680    -9200.00
        4372  -0.0149760    -9200.00
        4373  -0.0149840    -9000.00
        4374  -0.0149920    -8600.00
        4375  -0.0150000    -8200.00
        4376  -0.0150080    -8000.00
        4377  -0.0150160    -7600.00
        4378  -0.0150240    -7000.00
        4379  -0.0150320    -6200.00
        4380  -0.0150400    -5200.00
        4381  -0.0150480    -3400.00
        4382  -0.0150560     -800.00
        4383  -0.0150640     1400.00
        4384  -0.0150720     3600.00
        4385  -0.0150800     5200.00
        4386  -0.0150880     6600.00
        4387  -0.0150960     7200.00
        4388  -0.0151040     7800.00
        4389  -0.0151120     8400.00
        4390  -0.0151200     8800.00
        4391  -0.0151280     9200.00
        4392  -0.0151360     9200.00
        4393  -0.0151440     9200.00
        4394  -0.0151520     9200.00
        4395  -0.0151600     9000.00
        4396  -0.0151680     9000.00
        4397  -0.0151760     9000.00
        4398  -0.0151840     9000.00
        4399  -0.0151920     9200.00
        4400  -0.0152000     9800.00
        4401  -0.0152080    10000.00
        4402  -0.0152160    10200.00
        4403  -0.0152240    10200.00
        4404  -0.0152320    10400.00
        4405  -0.0152400    10400.00
        4406  -0.0152480    10000.00
        4407  -0.0152560     9800.00
        4408  -0.0152640     9800.00
        4409  -0.0152720     9800.00
        4410  -0.0152800     9800.00
        4411  -0.0152880    10000.00
        4412  -0.0152960    10000.00
        4413  -0.0153040    10200.00
        4414  -0.0153120    10600.00
        4415  -0.0153200    10000.00
        4416  -0.0153280    10200.00
        4417  -0.0153360     9800.00
        4418  -0.0153440     9800.00
        4419  -0.0153520     9200.00
        4420  -0.0153600     9000.00
        4421  -0.0153680     9000.00
        4422  -0.0153760     9000.00
        4423  -0.0153840     9000.00
        4424  -0.0153920     9200.00
        4425  -0.0154000     9200.00
        4426  -0.0154080     9000.00
        4427  -0.0154160     9000.00
        4428  -0.0154240     8600.00
        4429  -0.0154320     8400.00
        4430  -0.0154400     8200.00
        4431  -0.0154480     7600.00
        4432  -0.0154560     7400.00
        4433  -0.0154640     7000.00
        4434  -0.0154720     6600.00
        4435  -0.0154800     6000.00
        4436  -0.0154880     4400.00
        4437  -0.0154960     2400.00
        4438  -0.0155040     -200.00
        4439  -0.0155120    -2800.00
        4440  -0.0155200    -4400.00
        4441  -0.0155280    -6200.00
        4442  -0.0155360    -7000.00
        4443  -0.0155440    -7600.00
        4444  -0.0155520    -8200.00
        4445  -0.0155600    -8600.00
        4446  -0.0155680    -9200.00
        4447  -0.0155760    -9200.00
        4448  -0.0155840    -9400.00
        4449  -0.0155920    -9400.00
        4450  -0.0156000    -9400.00
        4451  -0.0156080    -9400.00
        4452  -0.0156160    -9200.00
        4453  -0.0156240    -9200.00
        4454  -0.0156320    -9400.00
        4455  -0.0156400    -9600.00
        4456  -0.0156480   -10000.00
        4457  -0.0156560   -10000.00
        4458  -0.0156640   -10200.00
        4459  -0.0156720   -10600.00
        4460  -0.0156800   -10600.00
        4461  -0.0156880   -10400.00
        4462  -0.0156960   -10200.00
        4463  -0.0157040   -10200.00
        4464  -0.0157120   -10000.00
        4465  -0.0157200   -10200.00
        4466  -0.0157280   -10000.00
        4467  -0.0157360   -10200.00
        4468  -0.0157440   -10400.00
        4469  -0.0157520   -10200.00
        4470  -0.0157600   -10400.00
        4471  -0.0157680   -10200.00
        4472  -0.0157760   -10200.00
        4473  -0.0157840   -10000.00
        4474  -0.0157920   -10000.00
        4475  -0.0158000    -9400.00
        4476  -0.0158080    -9400.00
        4477  -0.0158160    -9400.00
        4478  -0.0158240    -9200.00
        4479  -0.0158320    -9400.00
        4480  -0.0158400    -9200.00
        4481  -0.0158480    -9200.00
        4482  -0.0158560    -9200.00
        4483  -0.0158640    -9000.00
        4484  -0.0158720    -8800.00
        4485  -0.0158800    -8400.00
        4486  -0.0158880    -8200.00
        4487  -0.0158960    -7800.00
        4488  -0.0159040    -7400.00
        4489  -0.0159120    -7000.00
        4490  -0.0159200    -6200.00
        4491  -0.0159280    -4800.00
        4492  -0.0159360    -2800.00
        4493  -0.0159440     -600.00
        4494  -0.0159520     1800.00
        4495  -0.0159600     3800.00
        4496  -0.0159680     5400.00
        4497  -0.0159760     6600.00
        4498  -0.0159840     7400.00
        4499  -0.0159920     7800.00
        4500  -0.0160000     8400.00
        4501  -0.0160080     9000.00
        4502  -0.0160160     9200.00
        4503  -0.0160240     9200.00
        4504  -0.0160320     9200.00
        4505  -0.0160400     9200.00
        4506  -0.0160480     9000.00
        4507  -0.0160560     9000.00
        4508  -0.0160640     9000.00
        4509  -0.0160720     9000.00
        4510  -0.0160800     9200.00
        4511  -0.0160880     9800.00
        4512  -0.0160960    10000.00
        4513  -0.0161040    10200.00
        4514  -0.0161120    10600.00
        4515  -0.0161200    10600.00
        4516  -0.0161280    10200.00
        4517  -0.0161360    10000.00
        4518  -0.0161440    10000.00
        4519  -0.0161520     9800.00
        4520  -0.0161600     9800.00
        4521  -0.0161680    10000.00
        4522  -0.0161760    10000.00
        4523  -0.0161840    10000.00
        4524  -0.0161920    10200.00
        4525  -0.0162000    10400.00
        4526  -0.0162080    10200.00
        4527  -0.0162160    10000.00
        4528  -0.0162240    10000.00
        4529  -0.0162320     9800.00
        4530  -0.0162400     9400.00
        4531  -0.0162480     9200.00
        4532  -0.0162560     9200.00
        4533  -0.0162640     9000.00
        4534  -0.0162720     9200.00
        4535  -0.0162800     9200.00
        4536  -0.0162880     9200.00
        4537  -0.0162960     9000.00
        4538  -0.0163040     9000.00
        4539  -0.0163120     8600.00
        4540  -0.0163200     8400.00
        4541  -0.0163280     8200.00
        4542  -0.0163360     7600.00
        4543  -0.0163440     7400.00
        4544  -0.0163520     7000.00
        4545  -0.0163600     6600.00
        4546  -0.0163680     5800.00
        4547  -0.0163760     4200.00
        4548  -0.0163840     2000.00
        4549  -0.0163920     -400.00
        4550  -0.0164000    -3000.00
        4551  -0.0164080    -5000.00
        4552  -0.0164160    -6200.00
        4553  -0.0164240    -7200.00
        4554  -0.0164320    -7800.00
        4555  -0.0164400    -8400.00
        4556  -0.0164480    -8600.00
        4557  -0.0164560    -9200.00
        4558  -0.0164640    -9200.00
        4559  -0.0164720    -9400.00
        4560  -0.0164800    -9600.00
        4561  -0.0164880    -9400.00
        4562  -0.0164960    -9400.00
        4563  -0.0165040    -9400.00
        4564  -0.0165120    -9400.00
        4565  -0.0165200    -9800.00
        4566  -0.0165280    -9800.00
        4567  -0.0165360   -10000.00
        4568  -0.0165440   -10200.00
        4569  -0.0165520   -10400.00
        4570  -0.0165600   -10600.00
        4571  -0.0165680   -10800.00
        4572  -0.0165760   -10600.00
        4573  -0.0165840   -10200.00
        4574  -0.0165920   -10200.00
        4575  -0.0166000   -10200.00
        4576  -0.0166080   -10000.00
        4577  -0.0166160   -10200.00
        4578  -0.0166240   -10200.00
        4579  -0.0166320   -10200.00
        4580  -0.0166400   -10400.00
        4581  -0.0166480   -10400.00
        4582  -0.0166560   -10400.00
        4583  -0.0166640   -10200.00
        4584  -0.0166720   -10000.00
        4585  -0.0166800    -9800.00
        4586  -0.0166880    -9400.00
        4587  -0.0166960    -9400.00
        4588  -0.0167040    -9400.00
        4589  -0.0167120    -9200.00
        4590  -0.0167200    -9200.00
        4591  -0.0167280    -9200.00
        4592  -0.0167360    -9200.00
        4593  -0.0167440    -9200.00
        4594  -0.0167520    -9000.00
        4595  -0.0167600    -8600.00
        4596  -0.0167680    -8400.00
        4597  -0.0167760    -8200.00
        4598  -0.0167840    -7600.00
        4599  -0.0167920    -7400.00
        4600  -0.0168000    -7000.00
        4601  -0.0168080    -6000.00
        4602  -0.0168160    -4400.00
        4603  -0.0168240    -2200.00
        4604  -0.0168320     -200.00
        4605  -0.0168400     2200.00
        4606  -0.0168480     4200.00
        4607  -0.0168560     5800.00
        4608  -0.0168640     6800.00
        4609  -0.0168720     7400.00
        4610  -0.0168800     8200.00
        4611  -0.0168880     8600.00
        4612  -0.0168960     9000.00
        4613  -0.0169040     9400.00
        4614  -0.0169120     9400.00
        4615  -0.0169200     9200.00
        4616  -0.0169280     9200.00
        4617  -0.0169360     9000.00
        4618  -0.0169440     9000.00
        4619  -0.0169520     9000.00
        4620  -0.0169600     9000.00
        4621  -0.0169680     9400.00
        4622  -0.0169760     9800.00
        4623  -0.0169840    10200.00
        4624  -0.0169920    10200.00
        4625  -0.0170000    10200.00
        4626  -0.0170080    10400.00
        4627  -0.0170160    10200.00
        4628  -0.0170240    10000.00
        4629  -0.0170320     9800.00
        4630  -0.0170400     9800.00
        4631  -0.0170480     9800.00
        4632  -0.0170560     9800.00
        4633  -0.0170640    10000.00
        4634  -0.0170720    10000.00
        4635  -0.0170800    10400.00
        4636  -0.0170880    10200.00
        4637  -0.0170960    10600.00
        4638  -0.0171040    10200.00
        4639  -0.0171120     9800.00
        4640  -0.0171200     9800.00
        4641  -0.0171280     9200.00
        4642  -0.0171360     9200.00
        4643  -0.0171440     9200.00
        4644  -0.0171520     9000.00
        4645  -0.0171600     9200.00
        4646  -0.0171680     9200.00
        4647  -0.0171760     9200.00
        4648  -0.0171840     9200.00
        4649  -0.0171920     9000.00
        4650  -0.0172000     8600.00
        4651  -0.0172080     8200.00
        4652  -0.0172160     8200.00
        4653  -0.0172240     7600.00
        4654  -0.0172320     7400.00
        4655  -0.0172400     6800.00
        4656  -0.0172480     6600.00
        4657  -0.0172560     5600.00
        4658  -0.0172640     3800.00
        4659  -0.0172720     1800.00
        4660  -0.0172800     -600.00
        4661  -0.0172880    -3200.00
        4662  -0.0172960    -5200.00
        4663  -0.0173040    -6600.00
        4664  -0.0173120    -7400.00
        4665  -0.0173200    -7800.00
        4666  -0.0173280    -8400.00
        4667  -0.0173360    -8600.00
        4668  -0.0173440    -9200.00
        4669  -0.0173520    -9200.00
        4670  -0.0173600    -9400.00
        4671  -0.0173680    -9400.00
        4672  -0.0173760    -9400.00
        4673  -0.0173840    -9400.00
        4674  -0.0173920    -9400.00
        4675  -0.0174000    -9400.00
        4676  -0.0174080    -9800.00
        4677  -0.0174160    -9800.00
        4678  -0.0174240   -10200.00
        4679  -0.0174320   -10200.00
        4680  -0.0174400   -10600.00
        4681  -0.0174480   -10600.00
        4682  -0.0174560   -10400.00
        4683  -0.0174640   -10400.00
        4684  -0.0174720   -10200.00
        4685  -0.0174800   -10200.00
        4686  -0.0174880   -10200.00
        4687  -0.0174960   -10000.00
        4688  -0.0175040   -10200.00
        4689  -0.0175120   -10200.00
        4690  -0.0175200   -10400.00
        4691  -0.0175280   -10400.00
        4692  -0.0175360   -10600.00
        4693  -0.0175440   -10400.00
        4694  -0.0175520   -10200.00
        4695  -0.0175600   -10000.00
        4696  -0.0175680   -10000.00
        4697  -0.0175760    -9600.00
        4698  -0.0175840    -9400.00
        4699  -0.0175920    -9400.00
        4700  -0.0176000    -9200.00
        4701  -0.0176080    -9200.00
        4702  -0.0176160    -9400.00
        4703  -0.0176240    -9200.00
        4704  -0.0176320    -9000.00
        4705  -0.0176400    -9000.00
        4706  -0.0176480    -8600.00
        4707  -0.0176560    -8400.00
        4708  -0.0176640    -8000.00
        4709  -0.0176720    -7600.00
        4710  -0.0176800    -7200.00
        4711  -0.0176880    -6800.00
        4712  -0.0176960    -5800.00
        4713  -0.0177040    -4200.00
        4714  -0.0177120    -2000.00
        4715  -0.0177200      400.00
        4716  -0.0177280     2600.00
        4717  -0.0177360     4400.00
        4718  -0.0177440     6000.00
        4719  -0.0177520     6800.00
        4720  -0.0177600     7600.00
        4721  -0.0177680     8200.00
        4722  -0.0177760     8600.00
        4723  -0.0177840     9000.00
        4724  -0.0177920     9400.00
        4725  -0.0178000     9200.00
        4726  -0.0178080     9200.00
        4727  -0.0178160     9200.00
        4728  -0.0178240     9000.00
        4729  -0.0178320     9000.00
        4730  -0.0178400     9000.00
        4731  -0.0178480     9200.00
        4732  -0.0178560     9400.00
        4733  -0.0178640     9800.00
        4734  -0.0178720    10200.00
        4735  -0.0178800    10400.00
        4736  -0.0178880    10400.00
        4737  -0.0178960    10400.00
        4738  -0.0179040    10200.00
        4739  -0.0179120    10000.00
        4740  -0.0179200     9800.00
        4741  -0.0179280     9800.00
        4742  -0.0179360     9800.00
        4743  -0.0179440     9800.00
        4744  -0.0179520    10000.00
        4745  -0.0179600    10200.00
        4746  -0.0179680    10200.00
        4747  -0.0179760    10200.00
        4748  -0.0179840    10200.00
        4749  -0.0179920    10000.00
        4750  -0.0180000     9800.00
        4751  -0.0180080     9400.00
        4752  -0.0180160     9200.00
        4753  -0.0180240     9200.00
        4754  -0.0180320     9000.00
        4755  -0.0180400     9000.00
        4756  -0.0180480     9200.00
        4757  -0.0180560     9000.00
        4758  -0.0180640     9000.00
        4759  -0.0180720     9000.00
        4760  -0.0180800     9000.00
        4761  -0.0180880     8400.00
        4762  -0.0180960     8200.00
        4763  -0.0181040     7800.00
        4764  -0.0181120     7400.00
        4765  -0.0181200     7000.00
        4766  -0.0181280     6800.00
        4767  -0.0181360     6600.00
        4768  -0.0181440     5200.00
        4769  -0.0181520     3600.00
        4770  -0.0181600     1200.00
        4771  -0.0181680    -1200.00
        4772  -0.0181760    -3600.00
        4773  -0.0181840    -5400.00
        4774  -0.0181920    -6800.00
        4775  -0.0182000    -7400.00
        4776  -0.0182080    -7800.00
        4777  -0.0182160    -8400.00
        4778  -0.0182240    -9000.00
        4779  -0.0182320    -9200.00
        4780  -0.0182400    -9200.00
        4781  -0.0182480    -9400.00
        4782  -0.0182560    -9400.00
        4783  -0.0182640    -9400.00
        4784  -0.0182720    -9400.00
        4785  -0.0182800    -9400.00
        4786  -0.0182880    -9400.00
        4787  -0.0182960    -9400.00
        4788  -0.0183040    -9800.00
        4789  -0.0183120   -10000.00
        4790  -0.0183200   -10200.00
        4791  -0.0183280   -10600.00
        4792  -0.0183360   -10600.00
        4793  -0.0183440   -10600.00
        4794  -0.0183520   -10600.00
        4795  -0.0183600   -10200.00
        4796  -0.0183680   -10200.00
        4797  -0.0183760   -10000.00
        4798  -0.0183840   -10200.00
        4799  -0.0183920   -10200.00
        4800  -0.0184000   -10200.00
        4801  -0.0184080   -10200.00
        4802  -0.0184160   -10200.00
        4803  -0.0184240   -10400.00
        4804  -0.0184320   -10600.00
        4805  -0.0184400   -10200.00
        4806  -0.0184480   -10000.00
        4807  -0.0184560    -9800.00
        4808  -0.0184640    -9600.00
        4809  -0.0184720    -9400.00
        4810  -0.0184800    -9400.00
        4811  -0.0184880    -9200.00
        4812  -0.0184960    -9200.00
        4813  -0.0185040    -9200.00
        4814  -0.0185120    -9400.00
        4815  -0.0185200    -9000.00
        4816  -0.0185280    -9000.00
        4817  -0.0185360    -8600.00
        4818  -0.0185440    -8400.00
        4819  -0.0185520    -8200.00
        4820  -0.0185600    -7600.00
        4821  -0.0185680    -7000.00
        4822  -0.0185760    -6800.00
        4823  -0.0185840    -5400.00
        4824  -0.0185920    -3800.00
        4825  -0.0186000    -1800.00
        4826  -0.0186080      600.00
        4827  -0.0186160     2800.00
        4828  -0.0186240     4600.00
        4829  -0.0186320     5800.00
        4830  -0.0186400     6800.00
        4831  -0.0186480     7600.00
        4832  -0.0186560     8200.00
        4833  -0.0186640     8600.00
        4834  -0.0186720     9200.00
        4835  -0.0186800     9200.00
        4836  -0.0186880     9400.00
        4837  -0.0186960     9200.00
        4838  -0.0187040     9200.00
        4839  -0.0187120     9000.00
        4840  -0.0187200     9000.00
        4841  -0.0187280     9000.00
        4842  -0.0187360     9200.00
        4843  -0.0187440     9400.00
        4844  -0.0187520    10000.00
        4845  -0.0187600    10200.00
        4846  -0.0187680    10600.00
        4847  -0.0187760    10400.00
        4848  -0.0187840    10400.00
        4849  -0.0187920    10200.00
        4850  -0.0188000    10000.00
        4851  -0.0188080     9800.00
        4852  -0.0188160     9800.00
        4853  -0.0188240     9800.00
        4854  -0.0188320     9800.00
        4855  -0.0188400    10000.00
        4856  -0.0188480    10200.00
        4857  -0.0188560    10400.00
        4858  -0.0188640    10600.00
        4859  -0.0188720    10200.00
        4860  -0.0188800    10000.00
        4861  -0.0188880     9800.00
        4862  -0.0188960     9400.00
        4863  -0.0189040     9400.00
        4864  -0.0189120     9200.00
        4865  -0.0189200     9000.00
        4866  -0.0189280     9000.00
        4867  -0.0189360     9200.00
        4868  -0.0189440     9200.00
        4869  -0.0189520     9200.00
        4870  -0.0189600     9000.00
        4871  -0.0189680     8600.00
        4872  -0.0189760     8400.00
        4873  -0.0189840     8200.00
        4874  -0.0189920     7600.00
        4875  -0.0190000     7600.00
        4876  -0.0190080     7200.00
        4877  -0.0190160     6800.00
        4878  -0.0190240     6200.00
        4879  -0.0190320     5200.00
        4880  -0.0190400     3000.00
        4881  -0.0190480     1000.00
        4882  -0.0190560    -1400.00
        4883  -0.0190640    -3800.00
        4884  -0.0190720    -5800.00
        4885  -0.0190800    -7000.00
        4886  -0.0190880    -7600.00
        4887  -0.0190960    -8200.00
        4888  -0.0191040    -8600.00
        4889  -0.0191120    -9000.00
        4890  -0.0191200    -9400.00
        4891  -0.0191280    -9400.00
        4892  -0.0191360    -9800.00
        4893  -0.0191440    -9400.00
        4894  -0.0191520    -9400.00
        4895  -0.0191600    -9400.00
        4896  -0.0191680    -9400.00
        4897  -0.0191760    -9400.00
        4898  -0.0191840    -9800.00
        4899  -0.0191920    -9800.00
        4900  -0.0192000   -10200.00
        4901  -0.0192080   -10200.00
        4902  -0.0192160   -10600.00
        4903  -0.0192240   -10600.00
        4904  -0.0192320   -10400.00
        4905  -0.0192400   -10600.00
        4906  -0.0192480   -10200.00
        4907  -0.0192560   -10200.00
        4908  -0.0192640   -10200.00
        4909  -0.0192720   -10200.00
        4910  -0.0192800   -10200.00
        4911  -0.0192880   -10200.00
        4912  -0.0192960   -10200.00
        4913  -0.0193040   -10600.00
        4914  -0.0193120   -10600.00
        4915  -0.0193200   -10200.00
        4916  -0.0193280   -10200.00
        4917  -0.0193360   -10000.00
        4918  -0.0193440    -9800.00
        4919  -0.0193520    -9800.00
        4920  -0.0193600    -9400.00
        4921  -0.0193680    -9200.00
        4922  -0.0193760    -9200.00
        4923  -0.0193840    -9200.00
        4924  -0.0193920    -9200.00
        4925  -0.0194000    -9200.00
        4926  -0.0194080    -9200.00
        4927  -0.0194160    -9000.00
        4928  -0.0194240    -8600.00
        4929  -0.0194320    -8200.00
        4930  -0.0194400    -8000.00
        4931  -0.0194480    -7400.00
        4932  -0.0194560    -7200.00
        4933  -0.0194640    -6600.00
        4934  -0.0194720    -5400.00
        4935  -0.0194800    -3800.00
        4936  -0.0194880    -1800.00
        4937  -0.0194960      600.00
        4938  -0.0195040     2800.00
        4939  -0.0195120     4800.00
        4940  -0.0195200     6000.00
        4941  -0.0195280     6800.00
        4942  -0.0195360     7600.00
        4943  -0.0195440     8200.00
        4944  -0.0195520     8600.00
        4945  -0.0195600     9200.00
        4946  -0.0195680     9200.00
        4947  -0.0195760     9200.00
        4948  -0.0195840     9000.00
        4949  -0.0195920     9000.00
        4950  -0.0196000     9000.00
        4951  -0.0196080     9000.00
        4952  -0.0196160     9000.00
        4953  -0.0196240     9200.00
        4954  -0.0196320     9400.00
        4955  -0.0196400     9800.00
        4956  -0.0196480    10000.00
        4957  -0.0196560    10200.00
        4958  -0.0196640    10600.00
        4959  -0.0196720    10200.00
        4960  -0.0196800    10200.00
        4961  -0.0196880    10000.00
        4962  -0.0196960     9800.00
        4963  -0.0197040     9800.00
        4964  -0.0197120     9800.00
        4965  -0.0197200    10000.00
        4966  -0.0197280    10000.00
        4967  -0.0197360    10200.00
        4968  -0.0197440    10400.00
        4969  -0.0197520    10200.00
        4970  -0.0197600    10200.00
        4971  -0.0197680    10000.00
        4972  -0.0197760     9800.00
        4973  -0.0197840     9400.00
        4974  -0.0197920     9200.00
        4975  -0.0198000     9200.00
        4976  -0.0198080     9000.00
        4977  -0.0198160     9200.00
        4978  -0.0198240     9400.00
        4979  -0.0198320     9200.00
        4980  -0.0198400     9200.00
        4981  -0.0198480     9000.00
        4982  -0.0198560     8600.00
        4983  -0.0198640     8400.00
        4984  -0.0198720     8200.00
        4985  -0.0198800     7800.00
        4986  -0.0198880     7400.00
        4987  -0.0198960     7000.00
        4988  -0.0199040     6800.00
        4989  -0.0199120     6200.00
        4990  -0.0199200     5000.00
        4991  -0.0199280     3000.00
        4992  -0.0199360      600.00
        4993  -0.0199440    -1800.00
        4994  -0.0199520    -4000.00
        4995  -0.0199600    -5800.00
        4996  -0.0199680    -6800.00
        4997  -0.0199760    -7600.00
        4998  -0.0199840    -8000.00
        4999  -0.0199920    -8600.00
