           #    Time(ms)     CH1(mV)
           0   0.0200000     6000.00
           1   0.0199920     4200.00
           2   0.0199840     3200.00
           3   0.0199760     2000.00
           4   0.0199680     -200.00
           5   0.0199600    -3000.00
           6   0.0199520    -6200.00
           7   0.0199440    -9800.00
           8   0.0199360   -12400.00
           9   0.0199280   -14000.00
          10   0.0199200   -14000.00
          11   0.0199120   -12400.00
          12   0.0199040   -10200.00
          13   0.0198960    -7800.00
          14   0.0198880    -6000.00
          15   0.0198800    -5600.00
          16   0.0198720    -6600.00
          17   0.0198640    -8600.00
          18   0.0198560   -11000.00
          19   0.0198480   -13800.00
          20   0.0198400   -15800.00
          21   0.0198320   -16400.00
          22   0.0198240   -15600.00
          23   0.0198160   -14000.00
          24   0.0198080   -11800.00
          25   0.0198000   -10000.00
          26   0.0197920    -8600.00
          27   0.0197840    -9000.00
          28   0.0197760   -10000.00
          29   0.0197680   -11800.00
          30   0.0197600   -14000.00
          31   0.0197520   -16200.00
          32   0.0197440   -17200.00
          33   0.0197360   -17200.00
          34   0.0197280   -16000.00
          35   0.0197200   -14400.00
          36   0.0197120   -12400.00
          37   0.0197040   -10800.00
          38   0.0196960   -10000.00
          39   0.0196880   -10200.00
          40   0.0196800   -11600.00
          41   0.0196720   -13200.00
          42   0.0196640   -15000.00
          43   0.0196560   -16400.00
          44   0.0196480   -16600.00
          45   0.0196400   -16200.00
          46   0.0196320   -14800.00
          47   0.0196240   -13200.00
          48   0.0196160   -11000.00
          49   0.0196080   -10000.00
          50   0.0196000    -9800.00
          51   0.0195920   -10200.00
          52   0.0195840   -11000.00
          53   0.0195760   -12800.00
          54   0.0195680   -13800.00
          55   0.0195600   -14600.00
          56   0.0195520   -14200.00
          57   0.0195440   -13400.00
          58   0.0195360   -11800.00
          59   0.0195280   -10200.00
          60   0.0195200    -8600.00
          61   0.0195120    -7600.00
          62   0.0195040    -7800.00
          63   0.0194960    -7800.00
          64   0.0194880    -9200.00
          65   0.0194800   -10000.00
          66   0.0194720   -10800.00
          67   0.0194640   -10800.00
          68   0.0194560   -10400.00
          69   0.0194480    -9200.00
          70   0.0194400    -7600.00
          71   0.0194320    -6000.00
          72   0.0194240    -4600.00
          73   0.0194160    -3800.00
          74   0.0194080    -3400.00
          75   0.0194000    -1800.00
          76   0.0193920     1000.00
          77   0.0193840     4200.00
          78   0.0193760     8200.00
          79   0.0193680    11600.00
          80   0.0193600    14200.00
          81   0.0193520    15000.00
          82   0.0193440    13800.00
          83   0.0193360    11800.00
          84   0.0193280     9000.00
          85   0.0193200     6600.00
          86   0.0193120     4800.00
          87   0.0193040     5200.00
          88   0.0192960     6800.00
          89   0.0192880     9400.00
          90   0.0192800    12400.00
          91   0.0192720    15400.00
          92   0.0192640    17000.00
          93   0.0192560    17000.00
          94   0.0192480    15600.00
          95   0.0192400    13200.00
          96   0.0192320    10600.00
          97   0.0192240     8800.00
          98   0.0192160     8000.00
          99   0.0192080     8400.00
         100   0.0192000    10200.00
         101   0.0191920    12600.00
         102   0.0191840    15000.00
         103   0.0191760    17000.00
         104   0.0191680    17800.00
         105   0.0191600    17200.00
         106   0.0191520    15600.00
         107   0.0191440    13400.00
         108   0.0191360    11000.00
         109   0.0191280     9800.00
         110   0.0191200     9200.00
         111   0.0191120    10000.00
         112   0.0191040    11600.00
         113   0.0190960    14000.00
         114   0.0190880    15600.00
         115   0.0190800    16800.00
         116   0.0190720    17000.00
         117   0.0190640    15800.00
         118   0.0190560    14200.00
         119   0.0190480    12200.00
         120   0.0190400    10200.00
         121   0.0190320     9000.00
         122   0.0190240     9000.00
         123   0.0190160     9800.00
         124   0.0190080    11400.00
         125   0.0190000    12800.00
         126   0.0189920    14200.00
         127   0.0189840    14800.00
         128   0.0189760    14200.00
         129   0.0189680    12800.00
         130   0.0189600    11200.00
         131   0.0189520     9200.00
         132   0.0189440     7800.00
         133   0.0189360     6800.00
         134   0.0189280     7000.00
         135   0.0189200     7600.00
         136   0.0189120     9000.00
         137   0.0189040    10200.00
         138   0.0188960    10800.00
         139   0.0188880    10800.00
         140   0.0188800    10200.00
         141   0.0188720     8600.00
         142   0.0188640     6800.00
         143   0.0188560     5200.00
         144   0.0188480     3600.00
         145   0.0188400     2600.00
         146   0.0188320     1000.00
         147   0.0188240    -1600.00
         148   0.0188160    -4600.00
         149   0.0188080    -7800.00
         150   0.0188000   -11000.00
         151   0.0187920   -13400.00
         152   0.0187840   -14000.00
         153   0.0187760   -13400.00
         154   0.0187680   -11400.00
         155   0.0187600    -9000.00
         156   0.0187520    -6800.00
         157   0.0187440    -5600.00
         158   0.0187360    -5800.00
         159   0.0187280    -7600.00
         160   0.0187200    -9800.00
         161   0.0187120   -12600.00
         162   0.0187040   -15000.00
         163   0.0186960   -16200.00
         164   0.0186880   -16200.00
         165   0.0186800   -15000.00
         166   0.0186720   -13200.00
         167   0.0186640   -11000.00
         168   0.0186560    -9200.00
         169   0.0186480    -8600.00
         170   0.0186400    -9200.00
         171   0.0186320   -10800.00
         172   0.0186240   -13000.00
         173   0.0186160   -15000.00
         174   0.0186080   -17000.00
         175   0.0186000   -17400.00
         176   0.0185920   -16600.00
         177   0.0185840   -15400.00
         178   0.0185760   -13400.00
         179   0.0185680   -11600.00
         180   0.0185600   -10200.00
         181   0.0185520   -10200.00
         182   0.0185440   -10800.00
         183   0.0185360   -12400.00
         184   0.0185280   -14200.00
         185   0.0185200   -15600.00
         186   0.0185120   -16600.00
         187   0.0185040   -16400.00
         188   0.0184960   -15600.00
         189   0.0184880   -14000.00
         190   0.0184800   -12200.00
         191   0.0184720   -10600.00
         192   0.0184640    -9800.00
         193   0.0184560    -9800.00
         194   0.0184480   -10600.00
         195   0.0184400   -11600.00
         196   0.0184320   -13200.00
         197   0.0184240   -14200.00
         198   0.0184160   -14600.00
         199   0.0184080   -14000.00
         200   0.0184000   -12600.00
         201   0.0183920   -11000.00
         202   0.0183840    -9200.00
         203   0.0183760    -8200.00
         204   0.0183680    -7600.00
         205   0.0183600    -7600.00
         206   0.0183520    -8400.00
         207   0.0183440    -9400.00
         208   0.0183360   -10400.00
         209   0.0183280   -10800.00
         210   0.0183200   -10800.00
         211   0.0183120    -9800.00
         212   0.0183040    -8600.00
         213   0.0182960    -6800.00
         214   0.0182880    -5400.00
         215   0.0182800    -4200.00
         216   0.0182720    -3600.00
         217   0.0182640    -2800.00
         218   0.0182560     -800.00
         219   0.0182480     2600.00
         220   0.0182400     6000.00
         221   0.0182320    10000.00
         222   0.0182240    13000.00
         223   0.0182160    14800.00
         224   0.0182080    14600.00
         225   0.0182000    13000.00
         226   0.0181920    10200.00
         227   0.0181840     7600.00
         228   0.0181760     5200.00
         229   0.0181680     4800.00
         230   0.0181600     5800.00
         231   0.0181520     8000.00
         232   0.0181440    11000.00
         233   0.0181360    14000.00
         234   0.0181280    16400.00
         235   0.0181200    17000.00
         236   0.0181120    16200.00
         237   0.0181040    14400.00
         238   0.0180960    12000.00
         239   0.0180880     9600.00
         240   0.0180800     8200.00
         241   0.0180720     7800.00
         242   0.0180640     9200.00
         243   0.0180560    11400.00
         244   0.0180480    14000.00
         245   0.0180400    16200.00
         246   0.0180320    17600.00
         247   0.0180240    17600.00
         248   0.0180160    16400.00
         249   0.0180080    14600.00
         250   0.0180000    12200.00
         251   0.0179920    10200.00
         252   0.0179840     9400.00
         253   0.0179760     9600.00
         254   0.0179680    10600.00
         255   0.0179600    12600.00
         256   0.0179520    14800.00
         257   0.0179440    16400.00
         258   0.0179360    17000.00
         259   0.0179280    16600.00
         260   0.0179200    15400.00
         261   0.0179120    13200.00
         262   0.0179040    11000.00
         263   0.0178960     9800.00
         264   0.0178880     9000.00
         265   0.0178800     9400.00
         266   0.0178720    10600.00
         267   0.0178640    12200.00
         268   0.0178560    13800.00
         269   0.0178480    14600.00
         270   0.0178400    14800.00
         271   0.0178320    13800.00
         272   0.0178240    12200.00
         273   0.0178160    10200.00
         274   0.0178080     8400.00
         275   0.0178000     7400.00
         276   0.0177920     6800.00
         277   0.0177840     7400.00
         278   0.0177760     8400.00
         279   0.0177680     9800.00
         280   0.0177600    10600.00
         281   0.0177520    11000.00
         282   0.0177440    10600.00
         283   0.0177360     9800.00
         284   0.0177280     7800.00
         285   0.0177200     5800.00
         286   0.0177120     4400.00
         287   0.0177040     3200.00
         288   0.0176960     1800.00
         289   0.0176880     -200.00
         290   0.0176800    -3000.00
         291   0.0176720    -6200.00
         292   0.0176640    -9800.00
         293   0.0176560   -12400.00
         294   0.0176480   -14000.00
         295   0.0176400   -14000.00
         296   0.0176320   -12400.00
         297   0.0176240   -10200.00
         298   0.0176160    -7800.00
         299   0.0176080    -6000.00
         300   0.0176000    -5400.00
         301   0.0175920    -6600.00
         302   0.0175840    -8600.00
         303   0.0175760   -11200.00
         304   0.0175680   -14000.00
         305   0.0175600   -15600.00
         306   0.0175520   -16400.00
         307   0.0175440   -15800.00
         308   0.0175360   -14000.00
         309   0.0175280   -12000.00
         310   0.0175200   -10000.00
         311   0.0175120    -9000.00
         312   0.0175040    -9000.00
         313   0.0174960   -10000.00
         314   0.0174880   -11800.00
         315   0.0174800   -14000.00
         316   0.0174720   -16200.00
         317   0.0174640   -17200.00
         318   0.0174560   -17200.00
         319   0.0174480   -16200.00
         320   0.0174400   -14400.00
         321   0.0174320   -12400.00
         322   0.0174240   -10800.00
         323   0.0174160   -10000.00
         324   0.0174080   -10200.00
         325   0.0174000   -11600.00
         326   0.0173920   -13200.00
         327   0.0173840   -15000.00
         328   0.0173760   -16200.00
         329   0.0173680   -16600.00
         330   0.0173600   -16200.00
         331   0.0173520   -14800.00
         332   0.0173440   -13000.00
         333   0.0173360   -11200.00
         334   0.0173280   -10000.00
         335   0.0173200    -9600.00
         336   0.0173120   -10000.00
         337   0.0173040   -11000.00
         338   0.0172960   -12400.00
         339   0.0172880   -14000.00
         340   0.0172800   -14400.00
         341   0.0172720   -14200.00
         342   0.0172640   -13400.00
         343   0.0172560   -11800.00
         344   0.0172480   -10200.00
         345   0.0172400    -8600.00
         346   0.0172320    -7600.00
         347   0.0172240    -7600.00
         348   0.0172160    -8200.00
         349   0.0172080    -9000.00
         350   0.0172000   -10000.00
         351   0.0171920   -10800.00
         352   0.0171840   -10800.00
         353   0.0171760   -10400.00
         354   0.0171680    -9000.00
         355   0.0171600    -7600.00
         356   0.0171520    -6000.00
         357   0.0171440    -4600.00
         358   0.0171360    -3800.00
         359   0.0171280    -3400.00
         360   0.0171200    -2000.00
         361   0.0171120      600.00
         362   0.0171040     4200.00
         363   0.0170960     7800.00
         364   0.0170880    11400.00
         365   0.0170800    14200.00
         366   0.0170720    14800.00
         367   0.0170640    14000.00
         368   0.0170560    11600.00
         369   0.0170480     9000.00
         370   0.0170400     6600.00
         371   0.0170320     4800.00
         372   0.0170240     5200.00
         373   0.0170160     6600.00
         374   0.0170080     9400.00
         375   0.0170000    12400.00
         376   0.0169920    15000.00
         377   0.0169840    16600.00
         378   0.0169760    17000.00
         379   0.0169680    15400.00
         380   0.0169600    13200.00
         381   0.0169520    10800.00
         382   0.0169440     8600.00
         383   0.0169360     7800.00
         384   0.0169280     8400.00
         385   0.0169200    10200.00
         386   0.0169120    12600.00
         387   0.0169040    15000.00
         388   0.0168960    17000.00
         389   0.0168880    17800.00
         390   0.0168800    17200.00
         391   0.0168720    15600.00
         392   0.0168640    13400.00
         393   0.0168560    11400.00
         394   0.0168480     9800.00
         395   0.0168400     9200.00
         396   0.0168320    10000.00
         397   0.0168240    11600.00
         398   0.0168160    13800.00
         399   0.0168080    15600.00
         400   0.0168000    17000.00
         401   0.0167920    17000.00
         402   0.0167840    15800.00
         403   0.0167760    14200.00
         404   0.0167680    12200.00
         405   0.0167600    10200.00
         406   0.0167520     9200.00
         407   0.0167440     9000.00
         408   0.0167360     9800.00
         409   0.0167280    11400.00
         410   0.0167200    13000.00
         411   0.0167120    14200.00
         412   0.0167040    14600.00
         413   0.0166960    14200.00
         414   0.0166880    13000.00
         415   0.0166800    11000.00
         416   0.0166720     9200.00
         417   0.0166640     7800.00
         418   0.0166560     7000.00
         419   0.0166480     7000.00
         420   0.0166400     7800.00
         421   0.0166320     9000.00
         422   0.0166240    10000.00
         423   0.0166160    11000.00
         424   0.0166080    11000.00
         425   0.0166000    10000.00
         426   0.0165920     8600.00
         427   0.0165840     6800.00
         428   0.0165760     5000.00
         429   0.0165680     3600.00
         430   0.0165600     2600.00
         431   0.0165520     1000.00
         432   0.0165440    -1400.00
         433   0.0165360    -4600.00
         434   0.0165280    -8200.00
         435   0.0165200   -11400.00
         436   0.0165120   -13400.00
         437   0.0165040   -14200.00
         438   0.0164960   -13400.00
         439   0.0164880   -11400.00
         440   0.0164800    -9200.00
         441   0.0164720    -7000.00
         442   0.0164640    -5400.00
         443   0.0164560    -6000.00
         444   0.0164480    -7400.00
         445   0.0164400   -10000.00
         446   0.0164320   -12400.00
         447   0.0164240   -15000.00
         448   0.0164160   -16400.00
         449   0.0164080   -16200.00
         450   0.0164000   -15000.00
         451   0.0163920   -13200.00
         452   0.0163840   -11000.00
         453   0.0163760    -9200.00
         454   0.0163680    -8600.00
         455   0.0163600    -9200.00
         456   0.0163520   -10800.00
         457   0.0163440   -13000.00
         458   0.0163360   -15000.00
         459   0.0163280   -16800.00
         460   0.0163200   -17200.00
         461   0.0163120   -16600.00
         462   0.0163040   -15400.00
         463   0.0162960   -13400.00
         464   0.0162880   -11400.00
         465   0.0162800   -10200.00
         466   0.0162720   -10000.00
         467   0.0162640   -10800.00
         468   0.0162560   -12400.00
         469   0.0162480   -14000.00
         470   0.0162400   -15600.00
         471   0.0162320   -16600.00
         472   0.0162240   -16400.00
         473   0.0162160   -15400.00
         474   0.0162080   -14000.00
         475   0.0162000   -12200.00
         476   0.0161920   -10600.00
         477   0.0161840    -9800.00
         478   0.0161760    -9800.00
         479   0.0161680   -10600.00
         480   0.0161600   -11600.00
         481   0.0161520   -13000.00
         482   0.0161440   -14200.00
         483   0.0161360   -14200.00
         484   0.0161280   -14000.00
         485   0.0161200   -12600.00
         486   0.0161120   -11000.00
         487   0.0161040    -9200.00
         488   0.0160960    -7800.00
         489   0.0160880    -7600.00
         490   0.0160800    -7600.00
         491   0.0160720    -8400.00
         492   0.0160640    -9600.00
         493   0.0160560   -10400.00
         494   0.0160480   -11000.00
         495   0.0160400   -10800.00
         496   0.0160320   -10000.00
         497   0.0160240    -8400.00
         498   0.0160160    -7000.00
         499   0.0160080    -5200.00
         500   0.0160000    -4400.00
         501   0.0159920    -3600.00
         502   0.0159840    -2800.00
         503   0.0159760    -1000.00
         504   0.0159680     2600.00
         505   0.0159600     6000.00
         506   0.0159520     9800.00
         507   0.0159440    13000.00
         508   0.0159360    14800.00
         509   0.0159280    14600.00
         510   0.0159200    13000.00
         511   0.0159120    10200.00
         512   0.0159040     7600.00
         513   0.0158960     5400.00
         514   0.0158880     4600.00
         515   0.0158800     5800.00
         516   0.0158720     8200.00
         517   0.0158640    11000.00
         518   0.0158560    14000.00
         519   0.0158480    16400.00
         520   0.0158400    17000.00
         521   0.0158320    16400.00
         522   0.0158240    14400.00
         523   0.0158160    12000.00
         524   0.0158080     9800.00
         525   0.0158000     8200.00
         526   0.0157920     8200.00
         527   0.0157840     9200.00
         528   0.0157760    11400.00
         529   0.0157680    13800.00
         530   0.0157600    16400.00
         531   0.0157520    17800.00
         532   0.0157440    17800.00
         533   0.0157360    16400.00
         534   0.0157280    14800.00
         535   0.0157200    12400.00
         536   0.0157120    10200.00
         537   0.0157040     9400.00
         538   0.0156960     9800.00
         539   0.0156880    10800.00
         540   0.0156800    13000.00
         541   0.0156720    14800.00
         542   0.0156640    16400.00
         543   0.0156560    17000.00
         544   0.0156480    16600.00
         545   0.0156400    15200.00
         546   0.0156320    13200.00
         547   0.0156240    11000.00
         548   0.0156160     9400.00
         549   0.0156080     9000.00
         550   0.0156000     9400.00
         551   0.0155920    10600.00
         552   0.0155840    12200.00
         553   0.0155760    13800.00
         554   0.0155680    14600.00
         555   0.0155600    14600.00
         556   0.0155520    13800.00
         557   0.0155440    12200.00
         558   0.0155360    10000.00
         559   0.0155280     8400.00
         560   0.0155200     7000.00
         561   0.0155120     6800.00
         562   0.0155040     7400.00
         563   0.0154960     8400.00
         564   0.0154880     9600.00
         565   0.0154800    10600.00
         566   0.0154720    10800.00
         567   0.0154640    10600.00
         568   0.0154560     9400.00
         569   0.0154480     7600.00
         570   0.0154400     5800.00
         571   0.0154320     4200.00
         572   0.0154240     3000.00
         573   0.0154160     2000.00
         574   0.0154080     -400.00
         575   0.0154000    -3000.00
         576   0.0153920    -6200.00
         577   0.0153840    -9400.00
         578   0.0153760   -12600.00
         579   0.0153680   -14000.00
         580   0.0153600   -14000.00
         581   0.0153520   -12400.00
         582   0.0153440   -10200.00
         583   0.0153360    -8000.00
         584   0.0153280    -6000.00
         585   0.0153200    -5400.00
         586   0.0153120    -6200.00
         587   0.0153040    -8600.00
         588   0.0152960   -11000.00
         589   0.0152880   -14000.00
         590   0.0152800   -15600.00
         591   0.0152720   -16400.00
         592   0.0152640   -15800.00
         593   0.0152560   -14200.00
         594   0.0152480   -12000.00
         595   0.0152400   -10000.00
         596   0.0152320    -8600.00
         597   0.0152240    -8600.00
         598   0.0152160    -9800.00
         599   0.0152080   -11800.00
         600   0.0152000   -14000.00
         601   0.0151920   -16200.00
         602   0.0151840   -17200.00
         603   0.0151760   -17200.00
         604   0.0151680   -16200.00
         605   0.0151600   -14400.00
         606   0.0151520   -12400.00
         607   0.0151440   -10600.00
         608   0.0151360   -10000.00
         609   0.0151280   -10200.00
         610   0.0151200   -11600.00
         611   0.0151120   -13200.00
         612   0.0151040   -15000.00
         613   0.0150960   -16200.00
         614   0.0150880   -16600.00
         615   0.0150800   -16200.00
         616   0.0150720   -14800.00
         617   0.0150640   -13000.00
         618   0.0150560   -11000.00
         619   0.0150480   -10000.00
         620   0.0150400    -9800.00
         621   0.0150320   -10000.00
         622   0.0150240   -11000.00
         623   0.0150160   -12600.00
         624   0.0150080   -13800.00
         625   0.0150000   -14600.00
         626   0.0149920   -14200.00
         627   0.0149840   -13400.00
         628   0.0149760   -11800.00
         629   0.0149680   -10200.00
         630   0.0149600    -8600.00
         631   0.0149520    -7600.00
         632   0.0149440    -7600.00
         633   0.0149360    -8200.00
         634   0.0149280    -9200.00
         635   0.0149200   -10200.00
         636   0.0149120   -10800.00
         637   0.0149040   -11000.00
         638   0.0148960   -10200.00
         639   0.0148880    -9200.00
         640   0.0148800    -7600.00
         641   0.0148720    -6000.00
         642   0.0148640    -4600.00
         643   0.0148560    -3800.00
         644   0.0148480    -3400.00
         645   0.0148400    -2000.00
         646   0.0148320      600.00
         647   0.0148240     4200.00
         648   0.0148160     7800.00
         649   0.0148080    11600.00
         650   0.0148000    14200.00
         651   0.0147920    15000.00
         652   0.0147840    14000.00
         653   0.0147760    11800.00
         654   0.0147680     9000.00
         655   0.0147600     6400.00
         656   0.0147520     5000.00
         657   0.0147440     5200.00
         658   0.0147360     6800.00
         659   0.0147280     9400.00
         660   0.0147200    12400.00
         661   0.0147120    15200.00
         662   0.0147040    16800.00
         663   0.0146960    17000.00
         664   0.0146880    15400.00
         665   0.0146800    13200.00
         666   0.0146720    10800.00
         667   0.0146640     8600.00
         668   0.0146560     7800.00
         669   0.0146480     8400.00
         670   0.0146400    10200.00
         671   0.0146320    12600.00
         672   0.0146240    15400.00
         673   0.0146160    17200.00
         674   0.0146080    17800.00
         675   0.0146000    17200.00
         676   0.0145920    15600.00
         677   0.0145840    13400.00
         678   0.0145760    11400.00
         679   0.0145680     9800.00
         680   0.0145600     9400.00
         681   0.0145520    10000.00
         682   0.0145440    11800.00
         683   0.0145360    13800.00
         684   0.0145280    15600.00
         685   0.0145200    17000.00
         686   0.0145120    17000.00
         687   0.0145040    15800.00
         688   0.0144960    14200.00
         689   0.0144880    12200.00
         690   0.0144800    10200.00
         691   0.0144720     9000.00
         692   0.0144640     9000.00
         693   0.0144560     9800.00
         694   0.0144480    11400.00
         695   0.0144400    13000.00
         696   0.0144320    14200.00
         697   0.0144240    14600.00
         698   0.0144160    14000.00
         699   0.0144080    13000.00
         700   0.0144000    11000.00
         701   0.0143920     9000.00
         702   0.0143840     7600.00
         703   0.0143760     6800.00
         704   0.0143680     7000.00
         705   0.0143600     7600.00
         706   0.0143520     9000.00
         707   0.0143440    10000.00
         708   0.0143360    10800.00
         709   0.0143280    10800.00
         710   0.0143200    10000.00
         711   0.0143120     8600.00
         712   0.0143040     6800.00
         713   0.0142960     5000.00
         714   0.0142880     3600.00
         715   0.0142800     2600.00
         716   0.0142720     1000.00
         717   0.0142640    -1600.00
         718   0.0142560    -4600.00
         719   0.0142480    -7800.00
         720   0.0142400   -11000.00
         721   0.0142320   -13400.00
         722   0.0142240   -14200.00
         723   0.0142160   -13200.00
         724   0.0142080   -11400.00
         725   0.0142000    -9200.00
         726   0.0141920    -6800.00
         727   0.0141840    -5600.00
         728   0.0141760    -5800.00
         729   0.0141680    -7400.00
         730   0.0141600    -9800.00
         731   0.0141520   -12600.00
         732   0.0141440   -15000.00
         733   0.0141360   -16200.00
         734   0.0141280   -16400.00
         735   0.0141200   -14800.00
         736   0.0141120   -13000.00
         737   0.0141040   -10800.00
         738   0.0140960    -9200.00
         739   0.0140880    -8600.00
         740   0.0140800    -9400.00
         741   0.0140720   -10800.00
         742   0.0140640   -13000.00
         743   0.0140560   -15000.00
         744   0.0140480   -16600.00
         745   0.0140400   -17200.00
         746   0.0140320   -16600.00
         747   0.0140240   -15400.00
         748   0.0140160   -13400.00
         749   0.0140080   -11400.00
         750   0.0140000   -10200.00
         751   0.0139920   -10200.00
         752   0.0139840   -10800.00
         753   0.0139760   -12400.00
         754   0.0139680   -14200.00
         755   0.0139600   -15800.00
         756   0.0139520   -16600.00
         757   0.0139440   -16400.00
         758   0.0139360   -15600.00
         759   0.0139280   -14000.00
         760   0.0139200   -12200.00
         761   0.0139120   -10600.00
         762   0.0139040    -9800.00
         763   0.0138960    -9800.00
         764   0.0138880   -10600.00
         765   0.0138800   -11800.00
         766   0.0138720   -13200.00
         767   0.0138640   -14200.00
         768   0.0138560   -14600.00
         769   0.0138480   -14000.00
         770   0.0138400   -12600.00
         771   0.0138320   -11000.00
         772   0.0138240    -9400.00
         773   0.0138160    -8000.00
         774   0.0138080    -7600.00
         775   0.0138000    -7800.00
         776   0.0137920    -8600.00
         777   0.0137840    -9400.00
         778   0.0137760   -10600.00
         779   0.0137680   -11000.00
         780   0.0137600   -10800.00
         781   0.0137520    -9800.00
         782   0.0137440    -8400.00
         783   0.0137360    -6800.00
         784   0.0137280    -5200.00
         785   0.0137200    -4400.00
         786   0.0137120    -3600.00
         787   0.0137040    -2800.00
         788   0.0136960     -800.00
         789   0.0136880     2200.00
         790   0.0136800     6000.00
         791   0.0136720     9800.00
         792   0.0136640    13000.00
         793   0.0136560    14800.00
         794   0.0136480    14800.00
         795   0.0136400    13000.00
         796   0.0136320    10600.00
         797   0.0136240     7800.00
         798   0.0136160     5400.00
         799   0.0136080     5000.00
         800   0.0136000     5800.00
         801   0.0135920     7800.00
         802   0.0135840    11000.00
         803   0.0135760    14000.00
         804   0.0135680    16200.00
         805   0.0135600    17000.00
         806   0.0135520    16400.00
         807   0.0135440    14600.00
         808   0.0135360    12200.00
         809   0.0135280     9800.00
         810   0.0135200     8200.00
         811   0.0135120     8200.00
         812   0.0135040     9200.00
         813   0.0134960    11400.00
         814   0.0134880    13800.00
         815   0.0134800    16200.00
         816   0.0134720    17800.00
         817   0.0134640    17800.00
         818   0.0134560    16400.00
         819   0.0134480    14600.00
         820   0.0134400    12200.00
         821   0.0134320    10600.00
         822   0.0134240     9200.00
         823   0.0134160     9600.00
         824   0.0134080    10800.00
         825   0.0134000    12600.00
         826   0.0133920    14800.00
         827   0.0133840    16400.00
         828   0.0133760    17000.00
         829   0.0133680    16400.00
         830   0.0133600    15400.00
         831   0.0133520    13200.00
         832   0.0133440    11000.00
         833   0.0133360     9600.00
         834   0.0133280     9000.00
         835   0.0133200     9200.00
         836   0.0133120    10600.00
         837   0.0133040    12200.00
         838   0.0132960    13800.00
         839   0.0132880    14600.00
         840   0.0132800    14600.00
         841   0.0132720    13800.00
         842   0.0132640    12200.00
         843   0.0132560    10000.00
         844   0.0132480     8400.00
         845   0.0132400     7400.00
         846   0.0132320     6800.00
         847   0.0132240     7200.00
         848   0.0132160     8400.00
         849   0.0132080     9800.00
         850   0.0132000    10600.00
         851   0.0131920    10800.00
         852   0.0131840    10600.00
         853   0.0131760     9200.00
         854   0.0131680     7800.00
         855   0.0131600     6000.00
         856   0.0131520     4400.00
         857   0.0131440     3200.00
         858   0.0131360     2000.00
         859   0.0131280     -200.00
         860   0.0131200    -3000.00
         861   0.0131120    -6200.00
         862   0.0131040    -9400.00
         863   0.0130960   -12400.00
         864   0.0130880   -14000.00
         865   0.0130800   -13800.00
         866   0.0130720   -12400.00
         867   0.0130640   -10200.00
         868   0.0130560    -8200.00
         869   0.0130480    -6000.00
         870   0.0130400    -5400.00
         871   0.0130320    -6200.00
         872   0.0130240    -8600.00
         873   0.0130160   -11000.00
         874   0.0130080   -13800.00
         875   0.0130000   -15600.00
         876   0.0129920   -16400.00
         877   0.0129840   -15600.00
         878   0.0129760   -14000.00
         879   0.0129680   -11800.00
         880   0.0129600   -10000.00
         881   0.0129520    -8800.00
         882   0.0129440    -9000.00
         883   0.0129360    -9800.00
         884   0.0129280   -11800.00
         885   0.0129200   -14200.00
         886   0.0129120   -16000.00
         887   0.0129040   -17200.00
         888   0.0128960   -17200.00
         889   0.0128880   -16200.00
         890   0.0128800   -14600.00
         891   0.0128720   -12400.00
         892   0.0128640   -10800.00
         893   0.0128560   -10200.00
         894   0.0128480   -10400.00
         895   0.0128400   -11600.00
         896   0.0128320   -13200.00
         897   0.0128240   -15000.00
         898   0.0128160   -16400.00
         899   0.0128080   -16600.00
         900   0.0128000   -16200.00
         901   0.0127920   -14800.00
         902   0.0127840   -13000.00
         903   0.0127760   -11000.00
         904   0.0127680   -10200.00
         905   0.0127600    -9600.00
         906   0.0127520   -10000.00
         907   0.0127440   -11200.00
         908   0.0127360   -12600.00
         909   0.0127280   -13800.00
         910   0.0127200   -14600.00
         911   0.0127120   -14200.00
         912   0.0127040   -13400.00
         913   0.0126960   -11800.00
         914   0.0126880   -10200.00
         915   0.0126800    -8600.00
         916   0.0126720    -7600.00
         917   0.0126640    -7600.00
         918   0.0126560    -8200.00
         919   0.0126480    -9000.00
         920   0.0126400   -10000.00
         921   0.0126320   -10800.00
         922   0.0126240   -10800.00
         923   0.0126160   -10200.00
         924   0.0126080    -9200.00
         925   0.0126000    -7600.00
         926   0.0125920    -6000.00
         927   0.0125840    -4600.00
         928   0.0125760    -3800.00
         929   0.0125680    -3400.00
         930   0.0125600    -2000.00
         931   0.0125520      600.00
         932   0.0125440     4200.00
         933   0.0125360     7800.00
         934   0.0125280    11600.00
         935   0.0125200    14000.00
         936   0.0125120    15200.00
         937   0.0125040    14200.00
         938   0.0124960    11800.00
         939   0.0124880     9000.00
         940   0.0124800     6600.00
         941   0.0124720     5000.00
         942   0.0124640     5000.00
         943   0.0124560     6600.00
         944   0.0124480     9400.00
         945   0.0124400    12400.00
         946   0.0124320    15400.00
         947   0.0124240    16800.00
         948   0.0124160    17000.00
         949   0.0124080    15600.00
         950   0.0124000    13200.00
         951   0.0123920    10800.00
         952   0.0123840     8800.00
         953   0.0123760     7800.00
         954   0.0123680     8400.00
         955   0.0123600    10200.00
         956   0.0123520    12400.00
         957   0.0123440    15000.00
         958   0.0123360    17000.00
         959   0.0123280    17800.00
         960   0.0123200    17200.00
         961   0.0123120    15800.00
         962   0.0123040    13400.00
         963   0.0122960    11400.00
         964   0.0122880     9800.00
         965   0.0122800     9400.00
         966   0.0122720    10000.00
         967   0.0122640    11600.00
         968   0.0122560    13800.00
         969   0.0122480    15600.00
         970   0.0122400    16800.00
         971   0.0122320    17000.00
         972   0.0122240    16000.00
         973   0.0122160    14200.00
         974   0.0122080    12200.00
         975   0.0122000    10200.00
         976   0.0121920     9200.00
         977   0.0121840     9000.00
         978   0.0121760     9800.00
         979   0.0121680    11200.00
         980   0.0121600    13000.00
         981   0.0121520    14200.00
         982   0.0121440    14800.00
         983   0.0121360    14200.00
         984   0.0121280    13200.00
         985   0.0121200    11200.00
         986   0.0121120     9200.00
         987   0.0121040     7800.00
         988   0.0120960     7000.00
         989   0.0120880     7000.00
         990   0.0120800     7800.00
         991   0.0120720     9000.00
         992   0.0120640    10000.00
         993   0.0120560    11000.00
         994   0.0120480    11000.00
         995   0.0120400    10200.00
         996   0.0120320     8600.00
         997   0.0120240     7000.00
         998   0.0120160     5200.00
         999   0.0120080     3600.00
        1000   0.0120000     2600.00
        1001   0.0119920     1000.00
        1002   0.0119840    -1400.00
        1003   0.0119760    -4600.00
        1004   0.0119680    -7800.00
        1005   0.0119600   -11000.00
        1006   0.0119520   -13400.00
        1007   0.0119440   -14200.00
        1008   0.0119360   -13400.00
        1009   0.0119280   -11600.00
        1010   0.0119200    -9200.00
        1011   0.0119120    -7000.00
        1012   0.0119040    -5800.00
        1013   0.0118960    -5800.00
        1014   0.0118880    -7400.00
        1015   0.0118800    -9800.00
        1016   0.0118720   -12400.00
        1017   0.0118640   -14800.00
        1018   0.0118560   -16200.00
        1019   0.0118480   -16400.00
        1020   0.0118400   -15000.00
        1021   0.0118320   -13200.00
        1022   0.0118240   -11000.00
        1023   0.0118160    -9400.00
        1024   0.0118080    -8600.00
        1025   0.0118000    -9400.00
        1026   0.0117920   -10800.00
        1027   0.0117840   -13000.00
        1028   0.0117760   -15000.00
        1029   0.0117680   -16600.00
        1030   0.0117600   -17200.00
        1031   0.0117520   -16800.00
        1032   0.0117440   -15400.00
        1033   0.0117360   -13400.00
        1034   0.0117280   -11600.00
        1035   0.0117200   -10200.00
        1036   0.0117120   -10000.00
        1037   0.0117040   -10800.00
        1038   0.0116960   -12200.00
        1039   0.0116880   -14000.00
        1040   0.0116800   -15600.00
        1041   0.0116720   -16600.00
        1042   0.0116640   -16400.00
        1043   0.0116560   -15600.00
        1044   0.0116480   -14000.00
        1045   0.0116400   -12200.00
        1046   0.0116320   -10600.00
        1047   0.0116240    -9800.00
        1048   0.0116160    -9800.00
        1049   0.0116080   -10600.00
        1050   0.0116000   -11800.00
        1051   0.0115920   -13200.00
        1052   0.0115840   -14000.00
        1053   0.0115760   -14600.00
        1054   0.0115680   -14000.00
        1055   0.0115600   -13000.00
        1056   0.0115520   -11000.00
        1057   0.0115440    -9400.00
        1058   0.0115360    -8200.00
        1059   0.0115280    -7600.00
        1060   0.0115200    -7600.00
        1061   0.0115120    -8600.00
        1062   0.0115040    -9400.00
        1063   0.0114960   -10200.00
        1064   0.0114880   -10800.00
        1065   0.0114800   -10800.00
        1066   0.0114720   -10000.00
        1067   0.0114640    -8600.00
        1068   0.0114560    -7000.00
        1069   0.0114480    -5400.00
        1070   0.0114400    -4200.00
        1071   0.0114320    -3800.00
        1072   0.0114240    -2800.00
        1073   0.0114160     -600.00
        1074   0.0114080     2200.00
        1075   0.0114000     5800.00
        1076   0.0113920     9400.00
        1077   0.0113840    12800.00
        1078   0.0113760    14800.00
        1079   0.0113680    14600.00
        1080   0.0113600    13000.00
        1081   0.0113520    10600.00
        1082   0.0113440     7600.00
        1083   0.0113360     5400.00
        1084   0.0113280     4600.00
        1085   0.0113200     5400.00
        1086   0.0113120     7800.00
        1087   0.0113040    10800.00
        1088   0.0112960    13800.00
        1089   0.0112880    16200.00
        1090   0.0112800    17000.00
        1091   0.0112720    16400.00
        1092   0.0112640    14600.00
        1093   0.0112560    12200.00
        1094   0.0112480     9800.00
        1095   0.0112400     8200.00
        1096   0.0112320     8000.00
        1097   0.0112240     9000.00
        1098   0.0112160    11000.00
        1099   0.0112080    13800.00
        1100   0.0112000    16200.00
        1101   0.0111920    17600.00
        1102   0.0111840    17800.00
        1103   0.0111760    16600.00
        1104   0.0111680    14600.00
        1105   0.0111600    12400.00
        1106   0.0111520    10400.00
        1107   0.0111440     9400.00
        1108   0.0111360     9400.00
        1109   0.0111280    10600.00
        1110   0.0111200    12600.00
        1111   0.0111120    14600.00
        1112   0.0111040    16400.00
        1113   0.0110960    17000.00
        1114   0.0110880    16400.00
        1115   0.0110800    15400.00
        1116   0.0110720    13200.00
        1117   0.0110640    11200.00
        1118   0.0110560     9800.00
        1119   0.0110480     9000.00
        1120   0.0110400     9200.00
        1121   0.0110320    10400.00
        1122   0.0110240    12200.00
        1123   0.0110160    13400.00
        1124   0.0110080    14600.00
        1125   0.0110000    14800.00
        1126   0.0109920    13800.00
        1127   0.0109840    12200.00
        1128   0.0109760    10200.00
        1129   0.0109680     8400.00
        1130   0.0109600     7400.00
        1131   0.0109520     6800.00
        1132   0.0109440     7400.00
        1133   0.0109360     8400.00
        1134   0.0109280     9600.00
        1135   0.0109200    10600.00
        1136   0.0109120    10800.00
        1137   0.0109040    10600.00
        1138   0.0108960     9800.00
        1139   0.0108880     8200.00
        1140   0.0108800     6000.00
        1141   0.0108720     4400.00
        1142   0.0108640     3400.00
        1143   0.0108560     2000.00
        1144   0.0108480     -200.00
        1145   0.0108400    -2800.00
        1146   0.0108320    -6000.00
        1147   0.0108240    -9400.00
        1148   0.0108160   -12400.00
        1149   0.0108080   -14000.00
        1150   0.0108000   -14000.00
        1151   0.0107920   -12600.00
        1152   0.0107840   -10600.00
        1153   0.0107760    -8200.00
        1154   0.0107680    -6200.00
        1155   0.0107600    -5600.00
        1156   0.0107520    -6400.00
        1157   0.0107440    -8400.00
        1158   0.0107360   -11000.00
        1159   0.0107280   -13800.00
        1160   0.0107200   -15600.00
        1161   0.0107120   -16400.00
        1162   0.0107040   -15600.00
        1163   0.0106960   -14200.00
        1164   0.0106880   -12200.00
        1165   0.0106800   -10200.00
        1166   0.0106720    -9000.00
        1167   0.0106640    -8600.00
        1168   0.0106560    -9800.00
        1169   0.0106480   -11800.00
        1170   0.0106400   -13800.00
        1171   0.0106320   -15800.00
        1172   0.0106240   -17200.00
        1173   0.0106160   -17200.00
        1174   0.0106080   -16200.00
        1175   0.0106000   -14600.00
        1176   0.0105920   -12400.00
        1177   0.0105840   -10800.00
        1178   0.0105760   -10000.00
        1179   0.0105680   -10200.00
        1180   0.0105600   -11400.00
        1181   0.0105520   -13200.00
        1182   0.0105440   -14800.00
        1183   0.0105360   -16200.00
        1184   0.0105280   -16600.00
        1185   0.0105200   -16200.00
        1186   0.0105120   -15000.00
        1187   0.0105040   -13200.00
        1188   0.0104960   -11400.00
        1189   0.0104880   -10000.00
        1190   0.0104800    -9600.00
        1191   0.0104720   -10000.00
        1192   0.0104640   -11000.00
        1193   0.0104560   -12400.00
        1194   0.0104480   -13600.00
        1195   0.0104400   -14200.00
        1196   0.0104320   -14400.00
        1197   0.0104240   -13400.00
        1198   0.0104160   -11800.00
        1199   0.0104080   -10200.00
        1200   0.0104000    -8600.00
        1201   0.0103920    -7600.00
        1202   0.0103840    -7400.00
        1203   0.0103760    -7800.00
        1204   0.0103680    -9000.00
        1205   0.0103600   -10000.00
        1206   0.0103520   -10800.00
        1207   0.0103440   -11000.00
        1208   0.0103360   -10600.00
        1209   0.0103280    -9200.00
        1210   0.0103200    -7800.00
        1211   0.0103120    -6000.00
        1212   0.0103040    -5000.00
        1213   0.0102960    -4000.00
        1214   0.0102880    -3600.00
        1215   0.0102800    -2200.00
        1216   0.0102720      400.00
        1217   0.0102640     3800.00
        1218   0.0102560     7600.00
        1219   0.0102480    11200.00
        1220   0.0102400    14000.00
        1221   0.0102320    15000.00
        1222   0.0102240    14000.00
        1223   0.0102160    11800.00
        1224   0.0102080     9200.00
        1225   0.0102000     6800.00
        1226   0.0101920     5000.00
        1227   0.0101840     5000.00
        1228   0.0101760     6600.00
        1229   0.0101680     9200.00
        1230   0.0101600    12200.00
        1231   0.0101520    15000.00
        1232   0.0101440    16600.00
        1233   0.0101360    17000.00
        1234   0.0101280    15600.00
        1235   0.0101200    13200.00
        1236   0.0101120    10800.00
        1237   0.0101040     9000.00
        1238   0.0100960     7800.00
        1239   0.0100880     8400.00
        1240   0.0100800    10000.00
        1241   0.0100720    12400.00
        1242   0.0100640    15000.00
        1243   0.0100560    17000.00
        1244   0.0100480    17800.00
        1245   0.0100400    17200.00
        1246   0.0100320    15600.00
        1247   0.0100240    13600.00
        1248   0.0100160    11400.00
        1249   0.0100080    10000.00
        1250   0.0100000     9400.00
        1251   0.0099920    10000.00
        1252   0.0099840    11600.00
        1253   0.0099760    13800.00
        1254   0.0099680    15600.00
        1255   0.0099600    17000.00
        1256   0.0099520    17000.00
        1257   0.0099440    16200.00
        1258   0.0099360    14200.00
        1259   0.0099280    12200.00
        1260   0.0099200    10400.00
        1261   0.0099120     9200.00
        1262   0.0099040     9000.00
        1263   0.0098960     9800.00
        1264   0.0098880    11200.00
        1265   0.0098800    13000.00
        1266   0.0098720    14200.00
        1267   0.0098640    14600.00
        1268   0.0098560    14200.00
        1269   0.0098480    13200.00
        1270   0.0098400    11400.00
        1271   0.0098320     9200.00
        1272   0.0098240     7800.00
        1273   0.0098160     6800.00
        1274   0.0098080     7000.00
        1275   0.0098000     7600.00
        1276   0.0097920     9000.00
        1277   0.0097840    10000.00
        1278   0.0097760    10800.00
        1279   0.0097680    10800.00
        1280   0.0097600    10200.00
        1281   0.0097520     8600.00
        1282   0.0097440     7000.00
        1283   0.0097360     5200.00
        1284   0.0097280     3800.00
        1285   0.0097200     2600.00
        1286   0.0097120     1200.00
        1287   0.0097040    -1400.00
        1288   0.0096960    -4400.00
        1289   0.0096880    -7600.00
        1290   0.0096800   -11000.00
        1291   0.0096720   -13400.00
        1292   0.0096640   -14000.00
        1293   0.0096560   -13400.00
        1294   0.0096480   -11400.00
        1295   0.0096400    -9400.00
        1296   0.0096320    -7000.00
        1297   0.0096240    -5800.00
        1298   0.0096160    -6000.00
        1299   0.0096080    -7400.00
        1300   0.0096000    -9600.00
        1301   0.0095920   -12400.00
        1302   0.0095840   -14600.00
        1303   0.0095760   -16200.00
        1304   0.0095680   -16200.00
        1305   0.0095600   -15000.00
        1306   0.0095520   -13200.00
        1307   0.0095440   -11000.00
        1308   0.0095360    -9200.00
        1309   0.0095280    -8600.00
        1310   0.0095200    -9200.00
        1311   0.0095120   -10600.00
        1312   0.0095040   -12600.00
        1313   0.0094960   -14800.00
        1314   0.0094880   -16600.00
        1315   0.0094800   -17200.00
        1316   0.0094720   -16600.00
        1317   0.0094640   -15400.00
        1318   0.0094560   -13400.00
        1319   0.0094480   -11600.00
        1320   0.0094400   -10200.00
        1321   0.0094320   -10000.00
        1322   0.0094240   -10800.00
        1323   0.0094160   -12200.00
        1324   0.0094080   -14000.00
        1325   0.0094000   -15600.00
        1326   0.0093920   -16400.00
        1327   0.0093840   -16400.00
        1328   0.0093760   -15600.00
        1329   0.0093680   -14000.00
        1330   0.0093600   -12200.00
        1331   0.0093520   -10600.00
        1332   0.0093440    -9800.00
        1333   0.0093360    -9400.00
        1334   0.0093280   -10200.00
        1335   0.0093200   -11800.00
        1336   0.0093120   -13000.00
        1337   0.0093040   -14000.00
        1338   0.0092960   -14600.00
        1339   0.0092880   -14000.00
        1340   0.0092800   -13000.00
        1341   0.0092720   -11000.00
        1342   0.0092640    -9400.00
        1343   0.0092560    -8200.00
        1344   0.0092480    -7600.00
        1345   0.0092400    -7600.00
        1346   0.0092320    -8400.00
        1347   0.0092240    -9600.00
        1348   0.0092160   -10400.00
        1349   0.0092080   -10800.00
        1350   0.0092000   -10800.00
        1351   0.0091920   -10000.00
        1352   0.0091840    -8600.00
        1353   0.0091760    -7000.00
        1354   0.0091680    -5400.00
        1355   0.0091600    -4400.00
        1356   0.0091520    -3800.00
        1357   0.0091440    -3000.00
        1358   0.0091360    -1000.00
        1359   0.0091280     2000.00
        1360   0.0091200     5800.00
        1361   0.0091120     9600.00
        1362   0.0091040    12600.00
        1363   0.0090960    14800.00
        1364   0.0090880    14600.00
        1365   0.0090800    13200.00
        1366   0.0090720    10600.00
        1367   0.0090640     7800.00
        1368   0.0090560     5400.00
        1369   0.0090480     5000.00
        1370   0.0090400     5800.00
        1371   0.0090320     8200.00
        1372   0.0090240    10800.00
        1373   0.0090160    13800.00
        1374   0.0090080    16200.00
        1375   0.0090000    17000.00
        1376   0.0089920    16400.00
        1377   0.0089840    14600.00
        1378   0.0089760    12200.00
        1379   0.0089680     9800.00
        1380   0.0089600     8200.00
        1381   0.0089520     8200.00
        1382   0.0089440     9200.00
        1383   0.0089360    11400.00
        1384   0.0089280    13800.00
        1385   0.0089200    16200.00
        1386   0.0089120    17400.00
        1387   0.0089040    17800.00
        1388   0.0088960    16600.00
        1389   0.0088880    14800.00
        1390   0.0088800    12400.00
        1391   0.0088720    10600.00
        1392   0.0088640     9400.00
        1393   0.0088560     9600.00
        1394   0.0088480    10800.00
        1395   0.0088400    12600.00
        1396   0.0088320    14600.00
        1397   0.0088240    16400.00
        1398   0.0088160    17000.00
        1399   0.0088080    16400.00
        1400   0.0088000    15200.00
        1401   0.0087920    13200.00
        1402   0.0087840    11000.00
        1403   0.0087760     9800.00
        1404   0.0087680     9000.00
        1405   0.0087600     9400.00
        1406   0.0087520    10600.00
        1407   0.0087440    12000.00
        1408   0.0087360    13400.00
        1409   0.0087280    14600.00
        1410   0.0087200    14600.00
        1411   0.0087120    13800.00
        1412   0.0087040    12200.00
        1413   0.0086960    10200.00
        1414   0.0086880     8400.00
        1415   0.0086800     7400.00
        1416   0.0086720     6800.00
        1417   0.0086640     7400.00
        1418   0.0086560     8400.00
        1419   0.0086480     9400.00
        1420   0.0086400    10600.00
        1421   0.0086320    10800.00
        1422   0.0086240    10600.00
        1423   0.0086160     9400.00
        1424   0.0086080     7800.00
        1425   0.0086000     6000.00
        1426   0.0085920     4200.00
        1427   0.0085840     3000.00
        1428   0.0085760     2000.00
        1429   0.0085680     -200.00
        1430   0.0085600    -2800.00
        1431   0.0085520    -6200.00
        1432   0.0085440    -9200.00
        1433   0.0085360   -12400.00
        1434   0.0085280   -14000.00
        1435   0.0085200   -14000.00
        1436   0.0085120   -12600.00
        1437   0.0085040   -10200.00
        1438   0.0084960    -8200.00
        1439   0.0084880    -6000.00
        1440   0.0084800    -5800.00
        1441   0.0084720    -6600.00
        1442   0.0084640    -8400.00
        1443   0.0084560   -10800.00
        1444   0.0084480   -13600.00
        1445   0.0084400   -15600.00
        1446   0.0084320   -16400.00
        1447   0.0084240   -15600.00
        1448   0.0084160   -14200.00
        1449   0.0084080   -12000.00
        1450   0.0084000   -10200.00
        1451   0.0083920    -8600.00
        1452   0.0083840    -9000.00
        1453   0.0083760    -9800.00
        1454   0.0083680   -11600.00
        1455   0.0083600   -14000.00
        1456   0.0083520   -16000.00
        1457   0.0083440   -17200.00
        1458   0.0083360   -17200.00
        1459   0.0083280   -16200.00
        1460   0.0083200   -14600.00
        1461   0.0083120   -12400.00
        1462   0.0083040   -11000.00
        1463   0.0082960   -10000.00
        1464   0.0082880   -10200.00
        1465   0.0082800   -11400.00
        1466   0.0082720   -13000.00
        1467   0.0082640   -15000.00
        1468   0.0082560   -16200.00
        1469   0.0082480   -16600.00
        1470   0.0082400   -16400.00
        1471   0.0082320   -15000.00
        1472   0.0082240   -13200.00
        1473   0.0082160   -11400.00
        1474   0.0082080   -10200.00
        1475   0.0082000    -9800.00
        1476   0.0081920   -10000.00
        1477   0.0081840   -11000.00
        1478   0.0081760   -12400.00
        1479   0.0081680   -13800.00
        1480   0.0081600   -14400.00
        1481   0.0081520   -14400.00
        1482   0.0081440   -13400.00
        1483   0.0081360   -12000.00
        1484   0.0081280   -10200.00
        1485   0.0081200    -8800.00
        1486   0.0081120    -7600.00
        1487   0.0081040    -7600.00
        1488   0.0080960    -7800.00
        1489   0.0080880    -9000.00
        1490   0.0080800   -10000.00
        1491   0.0080720   -10600.00
        1492   0.0080640   -11000.00
        1493   0.0080560   -10600.00
        1494   0.0080480    -9400.00
        1495   0.0080400    -7600.00
        1496   0.0080320    -6000.00
        1497   0.0080240    -4600.00
        1498   0.0080160    -4000.00
        1499   0.0080080    -3400.00
        1500   0.0080000    -2000.00
        1501   0.0079920      400.00
        1502   0.0079840     4000.00
        1503   0.0079760     7600.00
        1504   0.0079680    11400.00
        1505   0.0079600    14000.00
        1506   0.0079520    14800.00
        1507   0.0079440    14000.00
        1508   0.0079360    11800.00
        1509   0.0079280     9200.00
        1510   0.0079200     6600.00
        1511   0.0079120     5200.00
        1512   0.0079040     5200.00
        1513   0.0078960     6600.00
        1514   0.0078880     9200.00
        1515   0.0078800    12200.00
        1516   0.0078720    15400.00
        1517   0.0078640    16600.00
        1518   0.0078560    17000.00
        1519   0.0078480    15600.00
        1520   0.0078400    13400.00
        1521   0.0078320    10800.00
        1522   0.0078240     9000.00
        1523   0.0078160     7800.00
        1524   0.0078080     8400.00
        1525   0.0078000    10000.00
        1526   0.0077920    12400.00
        1527   0.0077840    15000.00
        1528   0.0077760    17000.00
        1529   0.0077680    18000.00
        1530   0.0077600    17400.00
        1531   0.0077520    15800.00
        1532   0.0077440    13800.00
        1533   0.0077360    11400.00
        1534   0.0077280    10000.00
        1535   0.0077200     9400.00
        1536   0.0077120     9800.00
        1537   0.0077040    11600.00
        1538   0.0076960    13600.00
        1539   0.0076880    15400.00
        1540   0.0076800    16600.00
        1541   0.0076720    16800.00
        1542   0.0076640    16200.00
        1543   0.0076560    14200.00
        1544   0.0076480    12200.00
        1545   0.0076400    10200.00
        1546   0.0076320     9000.00
        1547   0.0076240     9000.00
        1548   0.0076160     9800.00
        1549   0.0076080    11000.00
        1550   0.0076000    12800.00
        1551   0.0075920    14000.00
        1552   0.0075840    14600.00
        1553   0.0075760    14200.00
        1554   0.0075680    13000.00
        1555   0.0075600    11400.00
        1556   0.0075520     9200.00
        1557   0.0075440     7600.00
        1558   0.0075360     6800.00
        1559   0.0075280     7000.00
        1560   0.0075200     7600.00
        1561   0.0075120     9000.00
        1562   0.0075040    10000.00
        1563   0.0074960    10800.00
        1564   0.0074880    10800.00
        1565   0.0074800    10000.00
        1566   0.0074720     9000.00
        1567   0.0074640     6800.00
        1568   0.0074560     5200.00
        1569   0.0074480     3600.00
        1570   0.0074400     2600.00
        1571   0.0074320     1000.00
        1572   0.0074240    -1400.00
        1573   0.0074160    -4400.00
        1574   0.0074080    -7800.00
        1575   0.0074000   -10800.00
        1576   0.0073920   -13400.00
        1577   0.0073840   -14000.00
        1578   0.0073760   -13200.00
        1579   0.0073680   -11600.00
        1580   0.0073600    -9200.00
        1581   0.0073520    -7000.00
        1582   0.0073440    -5600.00
        1583   0.0073360    -6000.00
        1584   0.0073280    -7400.00
        1585   0.0073200    -9400.00
        1586   0.0073120   -12200.00
        1587   0.0073040   -14800.00
        1588   0.0072960   -16200.00
        1589   0.0072880   -16200.00
        1590   0.0072800   -15000.00
        1591   0.0072720   -13200.00
        1592   0.0072640   -11000.00
        1593   0.0072560    -9200.00
        1594   0.0072480    -8600.00
        1595   0.0072400    -9200.00
        1596   0.0072320   -10600.00
        1597   0.0072240   -12600.00
        1598   0.0072160   -15000.00
        1599   0.0072080   -16600.00
        1600   0.0072000   -17200.00
        1601   0.0071920   -16600.00
        1602   0.0071840   -15600.00
        1603   0.0071760   -13400.00
        1604   0.0071680   -11800.00
        1605   0.0071600   -10200.00
        1606   0.0071520   -10200.00
        1607   0.0071440   -10800.00
        1608   0.0071360   -12400.00
        1609   0.0071280   -14000.00
        1610   0.0071200   -15600.00
        1611   0.0071120   -16600.00
        1612   0.0071040   -16400.00
        1613   0.0070960   -15600.00
        1614   0.0070880   -14000.00
        1615   0.0070800   -12400.00
        1616   0.0070720   -10800.00
        1617   0.0070640    -9800.00
        1618   0.0070560    -9800.00
        1619   0.0070480   -10600.00
        1620   0.0070400   -11800.00
        1621   0.0070320   -13200.00
        1622   0.0070240   -14000.00
        1623   0.0070160   -14600.00
        1624   0.0070080   -14000.00
        1625   0.0070000   -12600.00
        1626   0.0069920   -11000.00
        1627   0.0069840    -9400.00
        1628   0.0069760    -8400.00
        1629   0.0069680    -7600.00
        1630   0.0069600    -7600.00
        1631   0.0069520    -8400.00
        1632   0.0069440    -9400.00
        1633   0.0069360   -10200.00
        1634   0.0069280   -10800.00
        1635   0.0069200   -10800.00
        1636   0.0069120   -10000.00
        1637   0.0069040    -8400.00
        1638   0.0068960    -6800.00
        1639   0.0068880    -5400.00
        1640   0.0068800    -4200.00
        1641   0.0068720    -3600.00
        1642   0.0068640    -2800.00
        1643   0.0068560     -800.00
        1644   0.0068480     2200.00
        1645   0.0068400     5800.00
        1646   0.0068320     9800.00
        1647   0.0068240    12800.00
        1648   0.0068160    14800.00
        1649   0.0068080    14600.00
        1650   0.0068000    13200.00
        1651   0.0067920    10600.00
        1652   0.0067840     7800.00
        1653   0.0067760     5400.00
        1654   0.0067680     5000.00
        1655   0.0067600     5800.00
        1656   0.0067520     7800.00
        1657   0.0067440    10800.00
        1658   0.0067360    13800.00
        1659   0.0067280    16200.00
        1660   0.0067200    17000.00
        1661   0.0067120    16400.00
        1662   0.0067040    14600.00
        1663   0.0066960    12200.00
        1664   0.0066880     9800.00
        1665   0.0066800     8200.00
        1666   0.0066720     8200.00
        1667   0.0066640     9200.00
        1668   0.0066560    11200.00
        1669   0.0066480    13800.00
        1670   0.0066400    16200.00
        1671   0.0066320    17200.00
        1672   0.0066240    17800.00
        1673   0.0066160    16600.00
        1674   0.0066080    14600.00
        1675   0.0066000    12600.00
        1676   0.0065920    10400.00
        1677   0.0065840     9400.00
        1678   0.0065760     9600.00
        1679   0.0065680    10800.00
        1680   0.0065600    12600.00
        1681   0.0065520    14600.00
        1682   0.0065440    16400.00
        1683   0.0065360    17000.00
        1684   0.0065280    16400.00
        1685   0.0065200    15200.00
        1686   0.0065120    13200.00
        1687   0.0065040    11000.00
        1688   0.0064960     9600.00
        1689   0.0064880     9000.00
        1690   0.0064800     9200.00
        1691   0.0064720    10400.00
        1692   0.0064640    12200.00
        1693   0.0064560    13600.00
        1694   0.0064480    14600.00
        1695   0.0064400    14600.00
        1696   0.0064320    13800.00
        1697   0.0064240    12200.00
        1698   0.0064160    10200.00
        1699   0.0064080     8400.00
        1700   0.0064000     7400.00
        1701   0.0063920     6800.00
        1702   0.0063840     7400.00
        1703   0.0063760     8400.00
        1704   0.0063680     9600.00
        1705   0.0063600    10600.00
        1706   0.0063520    11000.00
        1707   0.0063440    10600.00
        1708   0.0063360     9400.00
        1709   0.0063280     7800.00
        1710   0.0063200     6000.00
        1711   0.0063120     4200.00
        1712   0.0063040     3200.00
        1713   0.0062960     2000.00
        1714   0.0062880      200.00
        1715   0.0062800    -2800.00
        1716   0.0062720    -6000.00
        1717   0.0062640    -9200.00
        1718   0.0062560   -12200.00
        1719   0.0062480   -14000.00
        1720   0.0062400   -13800.00
        1721   0.0062320   -12600.00
        1722   0.0062240   -10400.00
        1723   0.0062160    -8200.00
        1724   0.0062080    -6000.00
        1725   0.0062000    -5600.00
        1726   0.0061920    -6400.00
        1727   0.0061840    -8400.00
        1728   0.0061760   -10800.00
        1729   0.0061680   -13600.00
        1730   0.0061600   -15600.00
        1731   0.0061520   -16400.00
        1732   0.0061440   -15600.00
        1733   0.0061360   -14200.00
        1734   0.0061280   -12200.00
        1735   0.0061200   -10200.00
        1736   0.0061120    -8600.00
        1737   0.0061040    -9000.00
        1738   0.0060960    -9800.00
        1739   0.0060880   -11600.00
        1740   0.0060800   -14000.00
        1741   0.0060720   -16000.00
        1742   0.0060640   -17200.00
        1743   0.0060560   -17200.00
        1744   0.0060480   -16400.00
        1745   0.0060400   -14400.00
        1746   0.0060320   -12600.00
        1747   0.0060240   -10800.00
        1748   0.0060160   -10000.00
        1749   0.0060080   -10200.00
        1750   0.0060000   -11400.00
        1751   0.0059920   -13200.00
        1752   0.0059840   -15000.00
        1753   0.0059760   -16200.00
        1754   0.0059680   -16600.00
        1755   0.0059600   -16400.00
        1756   0.0059520   -15000.00
        1757   0.0059440   -13200.00
        1758   0.0059360   -11200.00
        1759   0.0059280   -10200.00
        1760   0.0059200    -9400.00
        1761   0.0059120   -10000.00
        1762   0.0059040   -11000.00
        1763   0.0058960   -12400.00
        1764   0.0058880   -13800.00
        1765   0.0058800   -14400.00
        1766   0.0058720   -14200.00
        1767   0.0058640   -13400.00
        1768   0.0058560   -11800.00
        1769   0.0058480   -10400.00
        1770   0.0058400    -8600.00
        1771   0.0058320    -7600.00
        1772   0.0058240    -7400.00
        1773   0.0058160    -7800.00
        1774   0.0058080    -9000.00
        1775   0.0058000    -9800.00
        1776   0.0057920   -10600.00
        1777   0.0057840   -10800.00
        1778   0.0057760   -10400.00
        1779   0.0057680    -9200.00
        1780   0.0057600    -7600.00
        1781   0.0057520    -6200.00
        1782   0.0057440    -4800.00
        1783   0.0057360    -3800.00
        1784   0.0057280    -3400.00
        1785   0.0057200    -2000.00
        1786   0.0057120      400.00
        1787   0.0057040     3800.00
        1788   0.0056960     7600.00
        1789   0.0056880    11400.00
        1790   0.0056800    14000.00
        1791   0.0056720    14800.00
        1792   0.0056640    14000.00
        1793   0.0056560    11800.00
        1794   0.0056480     9200.00
        1795   0.0056400     6600.00
        1796   0.0056320     5000.00
        1797   0.0056240     5000.00
        1798   0.0056160     6600.00
        1799   0.0056080     9200.00
        1800   0.0056000    12200.00
        1801   0.0055920    15000.00
        1802   0.0055840    16600.00
        1803   0.0055760    16600.00
        1804   0.0055680    15600.00
        1805   0.0055600    13200.00
        1806   0.0055520    10800.00
        1807   0.0055440     9000.00
        1808   0.0055360     8200.00
        1809   0.0055280     8400.00
        1810   0.0055200    10000.00
        1811   0.0055120    12400.00
        1812   0.0055040    15000.00
        1813   0.0054960    17000.00
        1814   0.0054880    17800.00
        1815   0.0054800    17000.00
        1816   0.0054720    15600.00
        1817   0.0054640    13400.00
        1818   0.0054560    11400.00
        1819   0.0054480     9800.00
        1820   0.0054400     9200.00
        1821   0.0054320    10000.00
        1822   0.0054240    11600.00
        1823   0.0054160    13800.00
        1824   0.0054080    15400.00
        1825   0.0054000    16600.00
        1826   0.0053920    17000.00
        1827   0.0053840    16000.00
        1828   0.0053760    14200.00
        1829   0.0053680    12200.00
        1830   0.0053600    10600.00
        1831   0.0053520     9200.00
        1832   0.0053440     9000.00
        1833   0.0053360     9800.00
        1834   0.0053280    11000.00
        1835   0.0053200    13000.00
        1836   0.0053120    14000.00
        1837   0.0053040    14800.00
        1838   0.0052960    14200.00
        1839   0.0052880    13200.00
        1840   0.0052800    11200.00
        1841   0.0052720     9200.00
        1842   0.0052640     7800.00
        1843   0.0052560     6800.00
        1844   0.0052480     7000.00
        1845   0.0052400     7800.00
        1846   0.0052320     9000.00
        1847   0.0052240    10200.00
        1848   0.0052160    10800.00
        1849   0.0052080    10800.00
        1850   0.0052000    10000.00
        1851   0.0051920     8600.00
        1852   0.0051840     6800.00
        1853   0.0051760     5200.00
        1854   0.0051680     3800.00
        1855   0.0051600     2600.00
        1856   0.0051520     1200.00
        1857   0.0051440    -1200.00
        1858   0.0051360    -4400.00
        1859   0.0051280    -7600.00
        1860   0.0051200   -11000.00
        1861   0.0051120   -13400.00
        1862   0.0051040   -14200.00
        1863   0.0050960   -13400.00
        1864   0.0050880   -11800.00
        1865   0.0050800    -9400.00
        1866   0.0050720    -7000.00
        1867   0.0050640    -5800.00
        1868   0.0050560    -5800.00
        1869   0.0050480    -7200.00
        1870   0.0050400    -9800.00
        1871   0.0050320   -12400.00
        1872   0.0050240   -14800.00
        1873   0.0050160   -16200.00
        1874   0.0050080   -16400.00
        1875   0.0050000   -15000.00
        1876   0.0049920   -13400.00
        1877   0.0049840   -11000.00
        1878   0.0049760    -9400.00
        1879   0.0049680    -8600.00
        1880   0.0049600    -9200.00
        1881   0.0049520   -10800.00
        1882   0.0049440   -12800.00
        1883   0.0049360   -15000.00
        1884   0.0049280   -16600.00
        1885   0.0049200   -17200.00
        1886   0.0049120   -16800.00
        1887   0.0049040   -15400.00
        1888   0.0048960   -13600.00
        1889   0.0048880   -11600.00
        1890   0.0048800   -10400.00
        1891   0.0048720   -10000.00
        1892   0.0048640   -10800.00
        1893   0.0048560   -12200.00
        1894   0.0048480   -14000.00
        1895   0.0048400   -15600.00
        1896   0.0048320   -16600.00
        1897   0.0048240   -16400.00
        1898   0.0048160   -15600.00
        1899   0.0048080   -14000.00
        1900   0.0048000   -12200.00
        1901   0.0047920   -10600.00
        1902   0.0047840    -9800.00
        1903   0.0047760    -9600.00
        1904   0.0047680   -10400.00
        1905   0.0047600   -11800.00
        1906   0.0047520   -13000.00
        1907   0.0047440   -14000.00
        1908   0.0047360   -14600.00
        1909   0.0047280   -14000.00
        1910   0.0047200   -12600.00
        1911   0.0047120   -11200.00
        1912   0.0047040    -9400.00
        1913   0.0046960    -8200.00
        1914   0.0046880    -7600.00
        1915   0.0046800    -7600.00
        1916   0.0046720    -8400.00
        1917   0.0046640    -9200.00
        1918   0.0046560   -10200.00
        1919   0.0046480   -10800.00
        1920   0.0046400   -10800.00
        1921   0.0046320   -10000.00
        1922   0.0046240    -8600.00
        1923   0.0046160    -7000.00
        1924   0.0046080    -5400.00
        1925   0.0046000    -4400.00
        1926   0.0045920    -3600.00
        1927   0.0045840    -2800.00
        1928   0.0045760    -1000.00
        1929   0.0045680     2000.00
        1930   0.0045600     5800.00
        1931   0.0045520     9400.00
        1932   0.0045440    12800.00
        1933   0.0045360    14800.00
        1934   0.0045280    14600.00
        1935   0.0045200    13000.00
        1936   0.0045120    10600.00
        1937   0.0045040     7800.00
        1938   0.0044960     5400.00
        1939   0.0044880     5000.00
        1940   0.0044800     5600.00
        1941   0.0044720     7800.00
        1942   0.0044640    10800.00
        1943   0.0044560    13800.00
        1944   0.0044480    16000.00
        1945   0.0044400    17000.00
        1946   0.0044320    16200.00
        1947   0.0044240    14600.00
        1948   0.0044160    12200.00
        1949   0.0044080     9600.00
        1950   0.0044000     8200.00
        1951   0.0043920     8000.00
        1952   0.0043840     9000.00
        1953   0.0043760    11400.00
        1954   0.0043680    13800.00
        1955   0.0043600    16000.00
        1956   0.0043520    17400.00
        1957   0.0043440    17800.00
        1958   0.0043360    16600.00
        1959   0.0043280    14800.00
        1960   0.0043200    12400.00
        1961   0.0043120    10600.00
        1962   0.0043040     9400.00
        1963   0.0042960     9400.00
        1964   0.0042880    10600.00
        1965   0.0042800    12600.00
        1966   0.0042720    14600.00
        1967   0.0042640    16400.00
        1968   0.0042560    17000.00
        1969   0.0042480    16600.00
        1970   0.0042400    15000.00
        1971   0.0042320    13200.00
        1972   0.0042240    11400.00
        1973   0.0042160     9800.00
        1974   0.0042080     9000.00
        1975   0.0042000     9400.00
        1976   0.0041920    10600.00
        1977   0.0041840    11800.00
        1978   0.0041760    13800.00
        1979   0.0041680    14600.00
        1980   0.0041600    14800.00
        1981   0.0041520    13800.00
        1982   0.0041440    12200.00
        1983   0.0041360    10200.00
        1984   0.0041280     8600.00
        1985   0.0041200     7400.00
        1986   0.0041120     6800.00
        1987   0.0041040     7400.00
        1988   0.0040960     8400.00
        1989   0.0040880     9400.00
        1990   0.0040800    10600.00
        1991   0.0040720    11000.00
        1992   0.0040640    10600.00
        1993   0.0040560     9400.00
        1994   0.0040480     7800.00
        1995   0.0040400     6000.00
        1996   0.0040320     4400.00
        1997   0.0040240     3400.00
        1998   0.0040160     2800.00
        1999   0.0040080     1800.00
        2000   0.0040000     -400.00
        2001   0.0039920    -3800.00
        2002   0.0039840    -7600.00
        2003   0.0039760   -11000.00
        2004   0.0039680   -14200.00
        2005   0.0039600   -15000.00
        2006   0.0039520   -14600.00
        2007   0.0039440   -12400.00
        2008   0.0039360   -10000.00
        2009   0.0039280    -7200.00
        2010   0.0039200    -5400.00
        2011   0.0039120    -5200.00
        2012   0.0039040    -6600.00
        2013   0.0038960    -9200.00
        2014   0.0038880   -12400.00
        2015   0.0038800   -15200.00
        2016   0.0038720   -17200.00
        2017   0.0038640   -17200.00
        2018   0.0038560   -16000.00
        2019   0.0038480   -14000.00
        2020   0.0038400   -11400.00
        2021   0.0038320    -9400.00
        2022   0.0038240    -8200.00
        2023   0.0038160    -8600.00
        2024   0.0038080   -10200.00
        2025   0.0038000   -12600.00
        2026   0.0037920   -15200.00
        2027   0.0037840   -17200.00
        2028   0.0037760   -18000.00
        2029   0.0037680   -17600.00
        2030   0.0037600   -16200.00
        2031   0.0037520   -14000.00
        2032   0.0037440   -11600.00
        2033   0.0037360   -10200.00
        2034   0.0037280    -9600.00
        2035   0.0037200   -10200.00
        2036   0.0037120   -11800.00
        2037   0.0037040   -13800.00
        2038   0.0036960   -15800.00
        2039   0.0036880   -17000.00
        2040   0.0036800   -17200.00
        2041   0.0036720   -16200.00
        2042   0.0036640   -14800.00
        2043   0.0036560   -12400.00
        2044   0.0036480   -10600.00
        2045   0.0036400    -9400.00
        2046   0.0036320    -9200.00
        2047   0.0036240   -10200.00
        2048   0.0036160   -11400.00
        2049   0.0036080   -13200.00
        2050   0.0036000   -14600.00
        2051   0.0035920   -14800.00
        2052   0.0035840   -14600.00
        2053   0.0035760   -13200.00
        2054   0.0035680   -11600.00
        2055   0.0035600    -9400.00
        2056   0.0035520    -8000.00
        2057   0.0035440    -7000.00
        2058   0.0035360    -7400.00
        2059   0.0035280    -8200.00
        2060   0.0035200    -9400.00
        2061   0.0035120   -10200.00
        2062   0.0035040   -11000.00
        2063   0.0034960   -11000.00
        2064   0.0034880   -10200.00
        2065   0.0034800    -9000.00
        2066   0.0034720    -7000.00
        2067   0.0034640    -5400.00
        2068   0.0034560    -3800.00
        2069   0.0034480    -3000.00
        2070   0.0034400    -1800.00
        2071   0.0034320      600.00
        2072   0.0034240     3600.00
        2073   0.0034160     6800.00
        2074   0.0034080    10600.00
        2075   0.0034000    13200.00
        2076   0.0033920    14200.00
        2077   0.0033840    13800.00
        2078   0.0033760    11800.00
        2079   0.0033680     9400.00
        2080   0.0033600     7000.00
        2081   0.0033520     5400.00
        2082   0.0033440     5200.00
        2083   0.0033360     6600.00
        2084   0.0033280     9000.00
        2085   0.0033200    11600.00
        2086   0.0033120    14600.00
        2087   0.0033040    16200.00
        2088   0.0032960    16400.00
        2089   0.0032880    15400.00
        2090   0.0032800    13600.00
        2091   0.0032720    11400.00
        2092   0.0032640     9200.00
        2093   0.0032560     8400.00
        2094   0.0032480     8800.00
        2095   0.0032400    10000.00
        2096   0.0032320    12200.00
        2097   0.0032240    14600.00
        2098   0.0032160    16400.00
        2099   0.0032080    17200.00
        2100   0.0032000    17200.00
        2101   0.0031920    15800.00
        2102   0.0031840    13800.00
        2103   0.0031760    11800.00
        2104   0.0031680    10600.00
        2105   0.0031600     9800.00
        2106   0.0031520    10200.00
        2107   0.0031440    11600.00
        2108   0.0031360    13400.00
        2109   0.0031280    15400.00
        2110   0.0031200    16400.00
        2111   0.0031120    17000.00
        2112   0.0031040    16200.00
        2113   0.0030960    14600.00
        2114   0.0030880    12600.00
        2115   0.0030800    10800.00
        2116   0.0030720     9800.00
        2117   0.0030640     9400.00
        2118   0.0030560    10000.00
        2119   0.0030480    11200.00
        2120   0.0030400    12600.00
        2121   0.0030320    13800.00
        2122   0.0030240    14600.00
        2123   0.0030160    14200.00
        2124   0.0030080    13200.00
        2125   0.0030000    11600.00
        2126   0.0029920     9800.00
        2127   0.0029840     8200.00
        2128   0.0029760     7600.00
        2129   0.0029680     7400.00
        2130   0.0029600     7800.00
        2131   0.0029520     9000.00
        2132   0.0029440    10000.00
        2133   0.0029360    10600.00
        2134   0.0029280    10800.00
        2135   0.0029200    10000.00
        2136   0.0029120     9000.00
        2137   0.0029040     7400.00
        2138   0.0028960     5800.00
        2139   0.0028880     4400.00
        2140   0.0028800     3400.00
        2141   0.0028720     2800.00
        2142   0.0028640     1200.00
        2143   0.0028560    -1800.00
        2144   0.0028480    -5400.00
        2145   0.0028400    -9000.00
        2146   0.0028320   -12400.00
        2147   0.0028240   -14600.00
        2148   0.0028160   -14800.00
        2149   0.0028080   -13400.00
        2150   0.0028000   -11000.00
        2151   0.0027920    -8400.00
        2152   0.0027840    -6000.00
        2153   0.0027760    -4600.00
        2154   0.0027680    -5400.00
        2155   0.0027600    -7600.00
        2156   0.0027520   -10400.00
        2157   0.0027440   -13400.00
        2158   0.0027360   -15800.00
        2159   0.0027280   -17000.00
        2160   0.0027200   -16600.00
        2161   0.0027120   -15000.00
        2162   0.0027040   -12600.00
        2163   0.0026960   -10200.00
        2164   0.0026880    -8600.00
        2165   0.0026800    -8200.00
        2166   0.0026720    -9200.00
        2167   0.0026640   -11000.00
        2168   0.0026560   -13400.00
        2169   0.0026480   -15800.00
        2170   0.0026400   -17400.00
        2171   0.0026320   -17800.00
        2172   0.0026240   -17000.00
        2173   0.0026160   -15000.00
        2174   0.0026080   -12800.00
        2175   0.0026000   -10800.00
        2176   0.0025920    -9800.00
        2177   0.0025840    -9800.00
        2178   0.0025760   -10800.00
        2179   0.0025680   -12600.00
        2180   0.0025600   -14800.00
        2181   0.0025520   -16400.00
        2182   0.0025440   -17000.00
        2183   0.0025360   -16600.00
        2184   0.0025280   -15400.00
        2185   0.0025200   -13400.00
        2186   0.0025120   -11600.00
        2187   0.0025040    -9800.00
        2188   0.0024960    -9200.00
        2189   0.0024880    -9600.00
        2190   0.0024800   -10600.00
        2191   0.0024720   -12400.00
        2192   0.0024640   -13800.00
        2193   0.0024560   -14800.00
        2194   0.0024480   -15000.00
        2195   0.0024400   -14000.00
        2196   0.0024320   -12600.00
        2197   0.0024240   -10600.00
        2198   0.0024160    -9000.00
        2199   0.0024080    -7400.00
        2200   0.0024000    -7000.00
        2201   0.0023920    -7600.00
        2202   0.0023840    -8600.00
        2203   0.0023760    -9800.00
        2204   0.0023680   -11000.00
        2205   0.0023600   -11200.00
        2206   0.0023520   -10800.00
        2207   0.0023440    -9800.00
        2208   0.0023360    -8400.00
        2209   0.0023280    -6200.00
        2210   0.0023200    -5000.00
        2211   0.0023120    -3600.00
        2212   0.0023040    -2600.00
        2213   0.0022960    -1000.00
        2214   0.0022880     1800.00
        2215   0.0022800     4800.00
        2216   0.0022720     8200.00
        2217   0.0022640    11400.00
        2218   0.0022560    13800.00
        2219   0.0022480    14000.00
        2220   0.0022400    13000.00
        2221   0.0022320    11000.00
        2222   0.0022240     8600.00
        2223   0.0022160     6200.00
        2224   0.0022080     5200.00
        2225   0.0022000     5600.00
        2226   0.0021920     7400.00
        2227   0.0021840    10000.00
        2228   0.0021760    12600.00
        2229   0.0021680    15200.00
        2230   0.0021600    16200.00
        2231   0.0021520    15800.00
        2232   0.0021440    14800.00
        2233   0.0021360    12600.00
        2234   0.0021280    10600.00
        2235   0.0021200     8600.00
        2236   0.0021120     8400.00
        2237   0.0021040     9000.00
        2238   0.0020960    10600.00
        2239   0.0020880    12800.00
        2240   0.0020800    15000.00
        2241   0.0020720    16600.00
        2242   0.0020640    17200.00
        2243   0.0020560    16400.00
        2244   0.0020480    15000.00
        2245   0.0020400    13000.00
        2246   0.0020320    11000.00
        2247   0.0020240    10000.00
        2248   0.0020160     9800.00
        2249   0.0020080    10600.00
        2250   0.0020000    12200.00
        2251   0.0019920    14000.00
        2252   0.0019840    15400.00
        2253   0.0019760    16400.00
        2254   0.0019680    16200.00
        2255   0.0019600    15400.00
        2256   0.0019520    13800.00
        2257   0.0019440    11800.00
        2258   0.0019360    10000.00
        2259   0.0019280     9200.00
        2260   0.0019200     9200.00
        2261   0.0019120    10000.00
        2262   0.0019040    11600.00
        2263   0.0018960    13000.00
        2264   0.0018880    13800.00
        2265   0.0018800    14200.00
        2266   0.0018720    13800.00
        2267   0.0018640    12400.00
        2268   0.0018560    10800.00
        2269   0.0018480     9000.00
        2270   0.0018400     7600.00
        2271   0.0018320     7400.00
        2272   0.0018240     7400.00
        2273   0.0018160     8200.00
        2274   0.0018080     9200.00
        2275   0.0018000    10200.00
        2276   0.0017920    10600.00
        2277   0.0017840    10600.00
        2278   0.0017760     9800.00
        2279   0.0017680     8200.00
        2280   0.0017600     6800.00
        2281   0.0017520     5200.00
        2282   0.0017440     4200.00
        2283   0.0017360     3400.00
        2284   0.0017280     2200.00
        2285   0.0017200     -200.00
        2286   0.0017120    -3200.00
        2287   0.0017040    -6800.00
        2288   0.0016960   -10200.00
        2289   0.0016880   -13200.00
        2290   0.0016800   -14600.00
        2291   0.0016720   -14200.00
        2292   0.0016640   -12400.00
        2293   0.0016560   -10000.00
        2294   0.0016480    -7400.00
        2295   0.0016400    -5400.00
        2296   0.0016320    -5200.00
        2297   0.0016240    -6200.00
        2298   0.0016160    -8600.00
        2299   0.0016080   -11600.00
        2300   0.0016000   -14600.00
        2301   0.0015920   -16400.00
        2302   0.0015840   -16600.00
        2303   0.0015760   -15800.00
        2304   0.0015680   -13800.00
        2305   0.0015600   -11400.00
        2306   0.0015520    -9400.00
        2307   0.0015440    -8400.00
        2308   0.0015360    -8600.00
        2309   0.0015280    -9800.00
        2310   0.0015200   -11800.00
        2311   0.0015120   -14600.00
        2312   0.0015040   -16600.00
        2313   0.0014960   -17400.00
        2314   0.0014880   -17200.00
        2315   0.0014800   -15800.00
        2316   0.0014720   -14000.00
        2317   0.0014640   -11800.00
        2318   0.0014560   -10200.00
        2319   0.0014480    -9600.00
        2320   0.0014400   -10200.00
        2321   0.0014320   -11600.00
        2322   0.0014240   -13400.00
        2323   0.0014160   -15400.00
        2324   0.0014080   -16600.00
        2325   0.0014000   -16800.00
        2326   0.0013920   -16200.00
        2327   0.0013840   -14800.00
        2328   0.0013760   -12600.00
        2329   0.0013680   -10800.00
        2330   0.0013600    -9400.00
        2331   0.0013520    -9200.00
        2332   0.0013440    -9800.00
        2333   0.0013360   -11000.00
        2334   0.0013280   -12800.00
        2335   0.0013200   -14000.00
        2336   0.0013120   -14600.00
        2337   0.0013040   -14400.00
        2338   0.0012960   -13200.00
        2339   0.0012880   -11600.00
        2340   0.0012800    -9800.00
        2341   0.0012720    -8000.00
        2342   0.0012640    -7400.00
        2343   0.0012560    -7400.00
        2344   0.0012480    -7800.00
        2345   0.0012400    -9000.00
        2346   0.0012320   -10000.00
        2347   0.0012240   -11000.00
        2348   0.0012160   -10800.00
        2349   0.0012080   -10200.00
        2350   0.0012000    -9000.00
        2351   0.0011920    -7200.00
        2352   0.0011840    -5400.00
        2353   0.0011760    -4200.00
        2354   0.0011680    -3000.00
        2355   0.0011600    -1800.00
        2356   0.0011520      600.00
        2357   0.0011440     3600.00
        2358   0.0011360     6800.00
        2359   0.0011280    10000.00
        2360   0.0011200    12800.00
        2361   0.0011120    14000.00
        2362   0.0011040    13800.00
        2363   0.0010960    12000.00
        2364   0.0010880     9800.00
        2365   0.0010800     7400.00
        2366   0.0010720     5800.00
        2367   0.0010640     5400.00
        2368   0.0010560     6800.00
        2369   0.0010480     9000.00
        2370   0.0010400    11400.00
        2371   0.0010320    14000.00
        2372   0.0010240    15800.00
        2373   0.0010160    16200.00
        2374   0.0010080    15400.00
        2375   0.0010000    13600.00
        2376   0.0009920    11600.00
        2377   0.0009840     9400.00
        2378   0.0009760     8600.00
        2379   0.0009680     8800.00
        2380   0.0009600    10000.00
        2381   0.0009520    11800.00
        2382   0.0009440    14000.00
        2383   0.0009360    16200.00
        2384   0.0009280    17000.00
        2385   0.0009200    16600.00
        2386   0.0009120    15600.00
        2387   0.0009040    14000.00
        2388   0.0008960    11800.00
        2389   0.0008880    10600.00
        2390   0.0008800     9800.00
        2391   0.0008720    10000.00
        2392   0.0008640    11400.00
        2393   0.0008560    13000.00
        2394   0.0008480    14800.00
        2395   0.0008400    16200.00
        2396   0.0008320    16400.00
        2397   0.0008240    15800.00
        2398   0.0008160    14600.00
        2399   0.0008080    12400.00
        2400   0.0008000    10800.00
        2401   0.0007920     9800.00
        2402   0.0007840     9200.00
        2403   0.0007760     9800.00
        2404   0.0007680    10800.00
        2405   0.0007600    12200.00
        2406   0.0007520    13400.00
        2407   0.0007440    14000.00
        2408   0.0007360    14000.00
        2409   0.0007280    13000.00
        2410   0.0007200    11600.00
        2411   0.0007120    10000.00
        2412   0.0007040     8400.00
        2413   0.0006960     7400.00
        2414   0.0006880     7400.00
        2415   0.0006800     7600.00
        2416   0.0006720     8600.00
        2417   0.0006640     9800.00
        2418   0.0006560    10600.00
        2419   0.0006480    10600.00
        2420   0.0006400    10200.00
        2421   0.0006320     9000.00
        2422   0.0006240     7600.00
        2423   0.0006160     5800.00
        2424   0.0006080     4400.00
        2425   0.0006000     3600.00
        2426   0.0005920     2800.00
        2427   0.0005840     1000.00
        2428   0.0005760    -2000.00
        2429   0.0005680    -5400.00
        2430   0.0005600    -9000.00
        2431   0.0005520   -12400.00
        2432   0.0005440   -14600.00
        2433   0.0005360   -14800.00
        2434   0.0005280   -13400.00
        2435   0.0005200   -11000.00
        2436   0.0005120    -8600.00
        2437   0.0005040    -6200.00
        2438   0.0004960    -5200.00
        2439   0.0004880    -6000.00
        2440   0.0004800    -7800.00
        2441   0.0004720   -10600.00
        2442   0.0004640   -13400.00
        2443   0.0004560   -15800.00
        2444   0.0004480   -17000.00
        2445   0.0004400   -16600.00
        2446   0.0004320   -14800.00
        2447   0.0004240   -12600.00
        2448   0.0004160   -10200.00
        2449   0.0004080    -8600.00
        2450   0.0004000    -8400.00
        2451   0.0003920    -9400.00
        2452   0.0003840   -11400.00
        2453   0.0003760   -13800.00
        2454   0.0003680   -16200.00
        2455   0.0003600   -17400.00
        2456   0.0003520   -17600.00
        2457   0.0003440   -17000.00
        2458   0.0003360   -15000.00
        2459   0.0003280   -12600.00
        2460   0.0003200   -11000.00
        2461   0.0003120    -9800.00
        2462   0.0003040   -10000.00
        2463   0.0002960   -10800.00
        2464   0.0002880   -12600.00
        2465   0.0002800   -14800.00
        2466   0.0002720   -16400.00
        2467   0.0002640   -17000.00
        2468   0.0002560   -16600.00
        2469   0.0002480   -15600.00
        2470   0.0002400   -13400.00
        2471   0.0002320   -11600.00
        2472   0.0002240   -10200.00
        2473   0.0002160    -9400.00
        2474   0.0002080    -9800.00
        2475   0.0002000   -10600.00
        2476   0.0001920   -12200.00
        2477   0.0001840   -13400.00
        2478   0.0001760   -14600.00
        2479   0.0001680   -14600.00
        2480   0.0001600   -13800.00
        2481   0.0001520   -12400.00
        2482   0.0001440   -10200.00
        2483   0.0001360    -8600.00
        2484   0.0001280    -7600.00
        2485   0.0001200    -7000.00
        2486   0.0001120    -7600.00
        2487   0.0001040    -8600.00
        2488   0.0000960    -9800.00
        2489   0.0000880   -10800.00
        2490   0.0000800   -11000.00
        2491   0.0000720   -10600.00
        2492   0.0000640    -9400.00
        2493   0.0000560    -8200.00
        2494   0.0000480    -6000.00
        2495   0.0000400    -4600.00
        2496   0.0000320    -3600.00
        2497   0.0000240    -2400.00
        2498   0.0000160     -600.00
        2499   0.0000080     2200.00
        2500   0.0000000     5200.00
        2501  -0.0000080     8800.00
        2502  -0.0000160    11800.00
        2503  -0.0000240    14000.00
        2504  -0.0000320    14200.00
        2505  -0.0000400    13000.00
        2506  -0.0000480    10600.00
        2507  -0.0000560     8400.00
        2508  -0.0000640     6200.00
        2509  -0.0000720     5200.00
        2510  -0.0000800     5800.00
        2511  -0.0000880     7800.00
        2512  -0.0000960    10200.00
        2513  -0.0001040    13000.00
        2514  -0.0001120    15200.00
        2515  -0.0001200    16400.00
        2516  -0.0001280    16200.00
        2517  -0.0001360    14600.00
        2518  -0.0001440    12400.00
        2519  -0.0001520    10400.00
        2520  -0.0001600     8600.00
        2521  -0.0001680     8400.00
        2522  -0.0001760     9200.00
        2523  -0.0001840    10800.00
        2524  -0.0001920    13200.00
        2525  -0.0002000    15600.00
        2526  -0.0002080    17000.00
        2527  -0.0002160    17200.00
        2528  -0.0002240    16400.00
        2529  -0.0002320    14800.00
        2530  -0.0002400    13000.00
        2531  -0.0002480    10800.00
        2532  -0.0002560    10000.00
        2533  -0.0002640     9800.00
        2534  -0.0002720    10600.00
        2535  -0.0002800    12200.00
        2536  -0.0002880    14000.00
        2537  -0.0002960    15600.00
        2538  -0.0003040    16400.00
        2539  -0.0003120    16200.00
        2540  -0.0003200    15400.00
        2541  -0.0003280    13400.00
        2542  -0.0003360    11600.00
        2543  -0.0003440    10200.00
        2544  -0.0003520     9400.00
        2545  -0.0003600     9400.00
        2546  -0.0003680    10600.00
        2547  -0.0003760    11600.00
        2548  -0.0003840    13200.00
        2549  -0.0003920    14200.00
        2550  -0.0004000    14400.00
        2551  -0.0004080    13800.00
        2552  -0.0004160    12400.00
        2553  -0.0004240    10600.00
        2554  -0.0004320     9000.00
        2555  -0.0004400     7800.00
        2556  -0.0004480     7400.00
        2557  -0.0004560     7400.00
        2558  -0.0004640     8400.00
        2559  -0.0004720     9400.00
        2560  -0.0004800    10400.00
        2561  -0.0004880    10800.00
        2562  -0.0004960    10600.00
        2563  -0.0005040     9600.00
        2564  -0.0005120     8400.00
        2565  -0.0005200     6600.00
        2566  -0.0005280     5000.00
        2567  -0.0005360     3800.00
        2568  -0.0005440     3400.00
        2569  -0.0005520     2000.00
        2570  -0.0005600     -200.00
        2571  -0.0005680    -3600.00
        2572  -0.0005760    -7000.00
        2573  -0.0005840   -10800.00
        2574  -0.0005920   -13400.00
        2575  -0.0006000   -15000.00
        2576  -0.0006080   -14200.00
        2577  -0.0006160   -12400.00
        2578  -0.0006240    -9800.00
        2579  -0.0006320    -7000.00
        2580  -0.0006400    -5400.00
        2581  -0.0006480    -5200.00
        2582  -0.0006560    -6600.00
        2583  -0.0006640    -9200.00
        2584  -0.0006720   -12000.00
        2585  -0.0006800   -15000.00
        2586  -0.0006880   -16600.00
        2587  -0.0006960   -17000.00
        2588  -0.0007040   -15800.00
        2589  -0.0007120   -13800.00
        2590  -0.0007200   -11400.00
        2591  -0.0007280    -9400.00
        2592  -0.0007360    -8400.00
        2593  -0.0007440    -8600.00
        2594  -0.0007520   -10200.00
        2595  -0.0007600   -12400.00
        2596  -0.0007680   -15000.00
        2597  -0.0007760   -17200.00
        2598  -0.0007840   -18000.00
        2599  -0.0007920   -17400.00
        2600  -0.0008000   -16000.00
        2601  -0.0008080   -14000.00
        2602  -0.0008160   -11800.00
        2603  -0.0008240   -10200.00
        2604  -0.0008320    -9600.00
        2605  -0.0008400   -10200.00
        2606  -0.0008480   -11800.00
        2607  -0.0008560   -13800.00
        2608  -0.0008640   -15600.00
        2609  -0.0008720   -17000.00
        2610  -0.0008800   -17200.00
        2611  -0.0008880   -16200.00
        2612  -0.0008960   -14600.00
        2613  -0.0009040   -12400.00
        2614  -0.0009120   -10800.00
        2615  -0.0009200    -9400.00
        2616  -0.0009280    -9200.00
        2617  -0.0009360   -10000.00
        2618  -0.0009440   -11400.00
        2619  -0.0009520   -13000.00
        2620  -0.0009600   -14000.00
        2621  -0.0009680   -15000.00
        2622  -0.0009760   -14400.00
        2623  -0.0009840   -13200.00
        2624  -0.0009920   -11400.00
        2625  -0.0010000    -9400.00
        2626  -0.0010080    -8200.00
        2627  -0.0010160    -7000.00
        2628  -0.0010240    -7400.00
        2629  -0.0010320    -8000.00
        2630  -0.0010400    -9200.00
        2631  -0.0010480   -10600.00
        2632  -0.0010560   -11000.00
        2633  -0.0010640   -11000.00
        2634  -0.0010720   -10200.00
        2635  -0.0010800    -9000.00
        2636  -0.0010880    -7000.00
        2637  -0.0010960    -5400.00
        2638  -0.0011040    -3800.00
        2639  -0.0011120    -3000.00
        2640  -0.0011200    -1800.00
        2641  -0.0011280      400.00
        2642  -0.0011360     3400.00
        2643  -0.0011440     6800.00
        2644  -0.0011520    10000.00
        2645  -0.0011600    13000.00
        2646  -0.0011680    14200.00
        2647  -0.0011760    13800.00
        2648  -0.0011840    12200.00
        2649  -0.0011920     9600.00
        2650  -0.0012000     7400.00
        2651  -0.0012080     5400.00
        2652  -0.0012160     5200.00
        2653  -0.0012240     6600.00
        2654  -0.0012320     8600.00
        2655  -0.0012400    11400.00
        2656  -0.0012480    14000.00
        2657  -0.0012560    16000.00
        2658  -0.0012640    16400.00
        2659  -0.0012720    15400.00
        2660  -0.0012800    13800.00
        2661  -0.0012880    11600.00
        2662  -0.0012960     9400.00
        2663  -0.0013040     8400.00
        2664  -0.0013120     8600.00
        2665  -0.0013200     9800.00
        2666  -0.0013280    12000.00
        2667  -0.0013360    14200.00
        2668  -0.0013440    16200.00
        2669  -0.0013520    17200.00
        2670  -0.0013600    17000.00
        2671  -0.0013680    15800.00
        2672  -0.0013760    14000.00
        2673  -0.0013840    12200.00
        2674  -0.0013920    10600.00
        2675  -0.0014000     9800.00
        2676  -0.0014080    10000.00
        2677  -0.0014160    11600.00
        2678  -0.0014240    13200.00
        2679  -0.0014320    14800.00
        2680  -0.0014400    16200.00
        2681  -0.0014480    16400.00
        2682  -0.0014560    16000.00
        2683  -0.0014640    14600.00
        2684  -0.0014720    12800.00
        2685  -0.0014800    11000.00
        2686  -0.0014880     9800.00
        2687  -0.0014960     9200.00
        2688  -0.0015040     9800.00
        2689  -0.0015120    10800.00
        2690  -0.0015200    12400.00
        2691  -0.0015280    13600.00
        2692  -0.0015360    14400.00
        2693  -0.0015440    14200.00
        2694  -0.0015520    13200.00
        2695  -0.0015600    11600.00
        2696  -0.0015680    10000.00
        2697  -0.0015760     8400.00
        2698  -0.0015840     7400.00
        2699  -0.0015920     7400.00
        2700  -0.0016000     7800.00
        2701  -0.0016080     8800.00
        2702  -0.0016160     9800.00
        2703  -0.0016240    10600.00
        2704  -0.0016320    10800.00
        2705  -0.0016400    10200.00
        2706  -0.0016480     9000.00
        2707  -0.0016560     7400.00
        2708  -0.0016640     5800.00
        2709  -0.0016720     4200.00
        2710  -0.0016800     3600.00
        2711  -0.0016880     2800.00
        2712  -0.0016960     1000.00
        2713  -0.0017040    -1800.00
        2714  -0.0017120    -5200.00
        2715  -0.0017200    -8600.00
        2716  -0.0017280   -12200.00
        2717  -0.0017360   -14600.00
        2718  -0.0017440   -15000.00
        2719  -0.0017520   -13400.00
        2720  -0.0017600   -11400.00
        2721  -0.0017680    -8400.00
        2722  -0.0017760    -6200.00
        2723  -0.0017840    -5200.00
        2724  -0.0017920    -5400.00
        2725  -0.0018000    -7600.00
        2726  -0.0018080   -10400.00
        2727  -0.0018160   -13400.00
        2728  -0.0018240   -15800.00
        2729  -0.0018320   -17000.00
        2730  -0.0018400   -16600.00
        2731  -0.0018480   -15000.00
        2732  -0.0018560   -12600.00
        2733  -0.0018640   -10200.00
        2734  -0.0018720    -8600.00
        2735  -0.0018800    -8200.00
        2736  -0.0018880    -9200.00
        2737  -0.0018960   -11000.00
        2738  -0.0019040   -13400.00
        2739  -0.0019120   -15800.00
        2740  -0.0019200   -17200.00
        2741  -0.0019280   -17600.00
        2742  -0.0019360   -17000.00
        2743  -0.0019440   -15000.00
        2744  -0.0019520   -13000.00
        2745  -0.0019600   -10800.00
        2746  -0.0019680    -9800.00
        2747  -0.0019760    -9800.00
        2748  -0.0019840   -10800.00
        2749  -0.0019920   -12600.00
        2750  -0.0020000   -14600.00
        2751  -0.0020080   -16200.00
        2752  -0.0020160   -17200.00
        2753  -0.0020240   -16600.00
        2754  -0.0020320   -15400.00
        2755  -0.0020400   -13400.00
        2756  -0.0020480   -11600.00
        2757  -0.0020560   -10000.00
        2758  -0.0020640    -9200.00
        2759  -0.0020720    -9400.00
        2760  -0.0020800   -10600.00
        2761  -0.0020880   -11800.00
        2762  -0.0020960   -13400.00
        2763  -0.0021040   -14600.00
        2764  -0.0021120   -14600.00
        2765  -0.0021200   -13800.00
        2766  -0.0021280   -12600.00
        2767  -0.0021360   -10600.00
        2768  -0.0021440    -9000.00
        2769  -0.0021520    -7600.00
        2770  -0.0021600    -7200.00
        2771  -0.0021680    -7600.00
        2772  -0.0021760    -8600.00
        2773  -0.0021840    -9800.00
        2774  -0.0021920   -10800.00
        2775  -0.0022000   -11000.00
        2776  -0.0022080   -10800.00
        2777  -0.0022160    -9800.00
        2778  -0.0022240    -8200.00
        2779  -0.0022320    -6200.00
        2780  -0.0022400    -4600.00
        2781  -0.0022480    -3600.00
        2782  -0.0022560    -2600.00
        2783  -0.0022640     -800.00
        2784  -0.0022720     2000.00
        2785  -0.0022800     5000.00
        2786  -0.0022880     8400.00
        2787  -0.0022960    11600.00
        2788  -0.0023040    13600.00
        2789  -0.0023120    14000.00
        2790  -0.0023200    13000.00
        2791  -0.0023280    10800.00
        2792  -0.0023360     8400.00
        2793  -0.0023440     6200.00
        2794  -0.0023520     5200.00
        2795  -0.0023600     5800.00
        2796  -0.0023680     7400.00
        2797  -0.0023760    10000.00
        2798  -0.0023840    12600.00
        2799  -0.0023920    15000.00
        2800  -0.0024000    16200.00
        2801  -0.0024080    16000.00
        2802  -0.0024160    14800.00
        2803  -0.0024240    12600.00
        2804  -0.0024320    10600.00
        2805  -0.0024400     9000.00
        2806  -0.0024480     8400.00
        2807  -0.0024560     9000.00
        2808  -0.0024640    10800.00
        2809  -0.0024720    13000.00
        2810  -0.0024800    15000.00
        2811  -0.0024880    16600.00
        2812  -0.0024960    17200.00
        2813  -0.0025040    16400.00
        2814  -0.0025120    15000.00
        2815  -0.0025200    13000.00
        2816  -0.0025280    11000.00
        2817  -0.0025360    10000.00
        2818  -0.0025440     9800.00
        2819  -0.0025520    10600.00
        2820  -0.0025600    12200.00
        2821  -0.0025680    14000.00
        2822  -0.0025760    15600.00
        2823  -0.0025840    16400.00
        2824  -0.0025920    16400.00
        2825  -0.0026000    15400.00
        2826  -0.0026080    13400.00
        2827  -0.0026160    11800.00
        2828  -0.0026240    10200.00
        2829  -0.0026320     9400.00
        2830  -0.0026400     9400.00
        2831  -0.0026480    10200.00
        2832  -0.0026560    11600.00
        2833  -0.0026640    13000.00
        2834  -0.0026720    14000.00
        2835  -0.0026800    14400.00
        2836  -0.0026880    13800.00
        2837  -0.0026960    12400.00
        2838  -0.0027040    10600.00
        2839  -0.0027120     9200.00
        2840  -0.0027200     7800.00
        2841  -0.0027280     7000.00
        2842  -0.0027360     7400.00
        2843  -0.0027440     8200.00
        2844  -0.0027520     9200.00
        2845  -0.0027600    10000.00
        2846  -0.0027680    10600.00
        2847  -0.0027760    10600.00
        2848  -0.0027840     9800.00
        2849  -0.0027920     8200.00
        2850  -0.0028000     6600.00
        2851  -0.0028080     5200.00
        2852  -0.0028160     3800.00
        2853  -0.0028240     3000.00
        2854  -0.0028320     2000.00
        2855  -0.0028400     -200.00
        2856  -0.0028480    -3600.00
        2857  -0.0028560    -7000.00
        2858  -0.0028640   -10600.00
        2859  -0.0028720   -13400.00
        2860  -0.0028800   -15000.00
        2861  -0.0028880   -14200.00
        2862  -0.0028960   -12400.00
        2863  -0.0029040   -10000.00
        2864  -0.0029120    -7400.00
        2865  -0.0029200    -5400.00
        2866  -0.0029280    -5200.00
        2867  -0.0029360    -6400.00
        2868  -0.0029440    -9000.00
        2869  -0.0029520   -11800.00
        2870  -0.0029600   -14800.00
        2871  -0.0029680   -16600.00
        2872  -0.0029760   -16600.00
        2873  -0.0029840   -15800.00
        2874  -0.0029920   -14000.00
        2875  -0.0030000   -11400.00
        2876  -0.0030080    -9400.00
        2877  -0.0030160    -8400.00
        2878  -0.0030240    -8600.00
        2879  -0.0030320   -10000.00
        2880  -0.0030400   -12200.00
        2881  -0.0030480   -14600.00
        2882  -0.0030560   -16600.00
        2883  -0.0030640   -17800.00
        2884  -0.0030720   -17200.00
        2885  -0.0030800   -16000.00
        2886  -0.0030880   -14000.00
        2887  -0.0030960   -11600.00
        2888  -0.0031040   -10200.00
        2889  -0.0031120    -9400.00
        2890  -0.0031200   -10200.00
        2891  -0.0031280   -11600.00
        2892  -0.0031360   -13400.00
        2893  -0.0031440   -15400.00
        2894  -0.0031520   -16800.00
        2895  -0.0031600   -17000.00
        2896  -0.0031680   -16200.00
        2897  -0.0031760   -14600.00
        2898  -0.0031840   -12400.00
        2899  -0.0031920   -10600.00
        2900  -0.0032000    -9400.00
        2901  -0.0032080    -9200.00
        2902  -0.0032160   -10000.00
        2903  -0.0032240   -11400.00
        2904  -0.0032320   -12600.00
        2905  -0.0032400   -14000.00
        2906  -0.0032480   -14600.00
        2907  -0.0032560   -14400.00
        2908  -0.0032640   -13400.00
        2909  -0.0032720   -11400.00
        2910  -0.0032800    -9600.00
        2911  -0.0032880    -8200.00
        2912  -0.0032960    -7200.00
        2913  -0.0033040    -7400.00
        2914  -0.0033120    -7800.00
        2915  -0.0033200    -9200.00
        2916  -0.0033280   -10400.00
        2917  -0.0033360   -11000.00
        2918  -0.0033440   -11000.00
        2919  -0.0033520   -10200.00
        2920  -0.0033600    -9000.00
        2921  -0.0033680    -7000.00
        2922  -0.0033760    -5400.00
        2923  -0.0033840    -4200.00
        2924  -0.0033920    -3000.00
        2925  -0.0034000    -1800.00
        2926  -0.0034080      600.00
        2927  -0.0034160     3600.00
        2928  -0.0034240     7000.00
        2929  -0.0034320    10200.00
        2930  -0.0034400    13000.00
        2931  -0.0034480    14000.00
        2932  -0.0034560    13800.00
        2933  -0.0034640    12200.00
        2934  -0.0034720     9600.00
        2935  -0.0034800     7400.00
        2936  -0.0034880     5800.00
        2937  -0.0034960     5400.00
        2938  -0.0035040     6600.00
        2939  -0.0035120     9000.00
        2940  -0.0035200    11600.00
        2941  -0.0035280    14200.00
        2942  -0.0035360    16000.00
        2943  -0.0035440    16400.00
        2944  -0.0035520    15400.00
        2945  -0.0035600    13600.00
        2946  -0.0035680    11600.00
        2947  -0.0035760     9400.00
        2948  -0.0035840     8400.00
        2949  -0.0035920     8800.00
        2950  -0.0036000    10000.00
        2951  -0.0036080    12200.00
        2952  -0.0036160    14400.00
        2953  -0.0036240    16200.00
        2954  -0.0036320    17000.00
        2955  -0.0036400    17000.00
        2956  -0.0036480    15600.00
        2957  -0.0036560    14000.00
        2958  -0.0036640    12000.00
        2959  -0.0036720    10600.00
        2960  -0.0036800     9800.00
        2961  -0.0036880    10000.00
        2962  -0.0036960    11600.00
        2963  -0.0037040    13200.00
        2964  -0.0037120    15000.00
        2965  -0.0037200    16400.00
        2966  -0.0037280    16400.00
        2967  -0.0037360    15800.00
        2968  -0.0037440    14600.00
        2969  -0.0037520    12400.00
        2970  -0.0037600    10800.00
        2971  -0.0037680     9600.00
        2972  -0.0037760     9200.00
        2973  -0.0037840     9800.00
        2974  -0.0037920    10800.00
        2975  -0.0038000    12200.00
        2976  -0.0038080    13400.00
        2977  -0.0038160    14200.00
        2978  -0.0038240    14000.00
        2979  -0.0038320    13000.00
        2980  -0.0038400    11600.00
        2981  -0.0038480     9800.00
        2982  -0.0038560     8400.00
        2983  -0.0038640     7400.00
        2984  -0.0038720     7400.00
        2985  -0.0038800     7600.00
        2986  -0.0038880     8600.00
        2987  -0.0038960     9800.00
        2988  -0.0039040    10400.00
        2989  -0.0039120    10600.00
        2990  -0.0039200    10000.00
        2991  -0.0039280     9000.00
        2992  -0.0039360     7400.00
        2993  -0.0039440     5800.00
        2994  -0.0039520     4400.00
        2995  -0.0039600     3600.00
        2996  -0.0039680     2800.00
        2997  -0.0039760     1000.00
        2998  -0.0039840    -2000.00
        2999  -0.0039920    -5200.00
        3000  -0.0040000    -9000.00
        3001  -0.0040080   -12400.00
        3002  -0.0040160   -14600.00
        3003  -0.0040240   -15000.00
        3004  -0.0040320   -13400.00
        3005  -0.0040400   -11000.00
        3006  -0.0040480    -8400.00
        3007  -0.0040560    -6200.00
        3008  -0.0040640    -5000.00
        3009  -0.0040720    -5600.00
        3010  -0.0040800    -7600.00
        3011  -0.0040880   -10600.00
        3012  -0.0040960   -13400.00
        3013  -0.0041040   -15800.00
        3014  -0.0041120   -17000.00
        3015  -0.0041200   -16400.00
        3016  -0.0041280   -14800.00
        3017  -0.0041360   -12600.00
        3018  -0.0041440   -10200.00
        3019  -0.0041520    -8600.00
        3020  -0.0041600    -8200.00
        3021  -0.0041680    -9200.00
        3022  -0.0041760   -11000.00
        3023  -0.0041840   -13800.00
        3024  -0.0041920   -15800.00
        3025  -0.0042000   -17400.00
        3026  -0.0042080   -17400.00
        3027  -0.0042160   -16800.00
        3028  -0.0042240   -15000.00
        3029  -0.0042320   -12800.00
        3030  -0.0042400   -10800.00
        3031  -0.0042480    -9800.00
        3032  -0.0042560    -9800.00
        3033  -0.0042640   -10800.00
        3034  -0.0042720   -12600.00
        3035  -0.0042800   -14600.00
        3036  -0.0042880   -16400.00
        3037  -0.0042960   -17200.00
        3038  -0.0043040   -16600.00
        3039  -0.0043120   -15600.00
        3040  -0.0043200   -13400.00
        3041  -0.0043280   -11400.00
        3042  -0.0043360   -10000.00
        3043  -0.0043440    -9200.00
        3044  -0.0043520    -9600.00
        3045  -0.0043600   -10600.00
        3046  -0.0043680   -12200.00
        3047  -0.0043760   -13800.00
        3048  -0.0043840   -14600.00
        3049  -0.0043920   -14800.00
        3050  -0.0044000   -14000.00
        3051  -0.0044080   -12400.00
        3052  -0.0044160   -10600.00
        3053  -0.0044240    -8600.00
        3054  -0.0044320    -7600.00
        3055  -0.0044400    -7200.00
        3056  -0.0044480    -7600.00
        3057  -0.0044560    -8600.00
        3058  -0.0044640   -10000.00
        3059  -0.0044720   -10600.00
        3060  -0.0044800   -11000.00
        3061  -0.0044880   -10800.00
        3062  -0.0044960    -9800.00
        3063  -0.0045040    -8200.00
        3064  -0.0045120    -6200.00
        3065  -0.0045200    -4400.00
        3066  -0.0045280    -3600.00
        3067  -0.0045360    -2200.00
        3068  -0.0045440     -600.00
        3069  -0.0045520     2000.00
        3070  -0.0045600     5200.00
        3071  -0.0045680     8600.00
        3072  -0.0045760    11600.00
        3073  -0.0045840    13800.00
        3074  -0.0045920    14000.00
        3075  -0.0046000    13000.00
        3076  -0.0046080    10800.00
        3077  -0.0046160     8400.00
        3078  -0.0046240     6000.00
        3079  -0.0046320     5400.00
        3080  -0.0046400     5800.00
        3081  -0.0046480     7600.00
        3082  -0.0046560    10000.00
        3083  -0.0046640    13000.00
        3084  -0.0046720    15400.00
        3085  -0.0046800    16400.00
        3086  -0.0046880    16000.00
        3087  -0.0046960    14800.00
        3088  -0.0047040    12400.00
        3089  -0.0047120    10600.00
        3090  -0.0047200     9000.00
        3091  -0.0047280     8400.00
        3092  -0.0047360     9000.00
        3093  -0.0047440    10800.00
        3094  -0.0047520    13200.00
        3095  -0.0047600    15400.00
        3096  -0.0047680    16800.00
        3097  -0.0047760    17200.00
        3098  -0.0047840    16400.00
        3099  -0.0047920    15000.00
        3100  -0.0048000    13000.00
        3101  -0.0048080    11000.00
        3102  -0.0048160     9800.00
        3103  -0.0048240     9800.00
        3104  -0.0048320    10600.00
        3105  -0.0048400    12200.00
        3106  -0.0048480    14000.00
        3107  -0.0048560    15600.00
        3108  -0.0048640    16400.00
        3109  -0.0048720    16400.00
        3110  -0.0048800    15200.00
        3111  -0.0048880    13400.00
        3112  -0.0048960    11800.00
        3113  -0.0049040    10000.00
        3114  -0.0049120     9400.00
        3115  -0.0049200     9400.00
        3116  -0.0049280    10400.00
        3117  -0.0049360    11600.00
        3118  -0.0049440    13200.00
        3119  -0.0049520    14000.00
        3120  -0.0049600    14200.00
        3121  -0.0049680    13600.00
        3122  -0.0049760    12400.00
        3123  -0.0049840    10600.00
        3124  -0.0049920     9000.00
        3125  -0.0050000     7600.00
        3126  -0.0050080     7400.00
        3127  -0.0050160     7400.00
        3128  -0.0050240     8200.00
        3129  -0.0050320     9200.00
        3130  -0.0050400    10200.00
        3131  -0.0050480    10800.00
        3132  -0.0050560    10600.00
        3133  -0.0050640     9800.00
        3134  -0.0050720     8400.00
        3135  -0.0050800     6600.00
        3136  -0.0050880     5200.00
        3137  -0.0050960     3800.00
        3138  -0.0051040     3200.00
        3139  -0.0051120     2000.00
        3140  -0.0051200     -200.00
        3141  -0.0051280    -3400.00
        3142  -0.0051360    -7000.00
        3143  -0.0051440   -10600.00
        3144  -0.0051520   -13400.00
        3145  -0.0051600   -14800.00
        3146  -0.0051680   -14200.00
        3147  -0.0051760   -12400.00
        3148  -0.0051840    -9800.00
        3149  -0.0051920    -7200.00
        3150  -0.0052000    -5200.00
        3151  -0.0052080    -5200.00
        3152  -0.0052160    -6200.00
        3153  -0.0052240    -9000.00
        3154  -0.0052320   -11800.00
        3155  -0.0052400   -15000.00
        3156  -0.0052480   -16600.00
        3157  -0.0052560   -17000.00
        3158  -0.0052640   -15800.00
        3159  -0.0052720   -14000.00
        3160  -0.0052800   -11400.00
        3161  -0.0052880    -9200.00
        3162  -0.0052960    -8400.00
        3163  -0.0053040    -8600.00
        3164  -0.0053120   -10200.00
        3165  -0.0053200   -12400.00
        3166  -0.0053280   -14800.00
        3167  -0.0053360   -17000.00
        3168  -0.0053440   -17800.00
        3169  -0.0053520   -17400.00
        3170  -0.0053600   -15800.00
        3171  -0.0053680   -14000.00
        3172  -0.0053760   -11800.00
        3173  -0.0053840   -10200.00
        3174  -0.0053920    -9600.00
        3175  -0.0054000   -10200.00
        3176  -0.0054080   -11800.00
        3177  -0.0054160   -13400.00
        3178  -0.0054240   -15600.00
        3179  -0.0054320   -16800.00
        3180  -0.0054400   -17000.00
        3181  -0.0054480   -16200.00
        3182  -0.0054560   -14600.00
        3183  -0.0054640   -12600.00
        3184  -0.0054720   -10600.00
        3185  -0.0054800    -9400.00
        3186  -0.0054880    -9200.00
        3187  -0.0054960   -10000.00
        3188  -0.0055040   -11400.00
        3189  -0.0055120   -13000.00
        3190  -0.0055200   -14200.00
        3191  -0.0055280   -14800.00
        3192  -0.0055360   -14200.00
        3193  -0.0055440   -13200.00
        3194  -0.0055520   -11400.00
        3195  -0.0055600    -9400.00
        3196  -0.0055680    -8200.00
        3197  -0.0055760    -7000.00
        3198  -0.0055840    -7400.00
        3199  -0.0055920    -8200.00
        3200  -0.0056000    -9200.00
        3201  -0.0056080   -10200.00
        3202  -0.0056160   -11000.00
        3203  -0.0056240   -11000.00
        3204  -0.0056320   -10200.00
        3205  -0.0056400    -9000.00
        3206  -0.0056480    -7000.00
        3207  -0.0056560    -5400.00
        3208  -0.0056640    -3800.00
        3209  -0.0056720    -3000.00
        3210  -0.0056800    -1800.00
        3211  -0.0056880      600.00
        3212  -0.0056960     3400.00
        3213  -0.0057040     6800.00
        3214  -0.0057120    10000.00
        3215  -0.0057200    13000.00
        3216  -0.0057280    14200.00
        3217  -0.0057360    13800.00
        3218  -0.0057440    12000.00
        3219  -0.0057520     9800.00
        3220  -0.0057600     7400.00
        3221  -0.0057680     5400.00
        3222  -0.0057760     5400.00
        3223  -0.0057840     6600.00
        3224  -0.0057920     8600.00
        3225  -0.0058000    11400.00
        3226  -0.0058080    14000.00
        3227  -0.0058160    15800.00
        3228  -0.0058240    16200.00
        3229  -0.0058320    15400.00
        3230  -0.0058400    13800.00
        3231  -0.0058480    11600.00
        3232  -0.0058560     9400.00
        3233  -0.0058640     8400.00
        3234  -0.0058720     8600.00
        3235  -0.0058800     9800.00
        3236  -0.0058880    11800.00
        3237  -0.0058960    14000.00
        3238  -0.0059040    16200.00
        3239  -0.0059120    17000.00
        3240  -0.0059200    17000.00
        3241  -0.0059280    15800.00
        3242  -0.0059360    14000.00
        3243  -0.0059440    11800.00
        3244  -0.0059520    10400.00
        3245  -0.0059600     9800.00
        3246  -0.0059680    10000.00
        3247  -0.0059760    11400.00
        3248  -0.0059840    13000.00
        3249  -0.0059920    14800.00
        3250  -0.0060000    16200.00
        3251  -0.0060080    16400.00
        3252  -0.0060160    16000.00
        3253  -0.0060240    14600.00
        3254  -0.0060320    12600.00
        3255  -0.0060400    10800.00
        3256  -0.0060480     9600.00
        3257  -0.0060560     9200.00
        3258  -0.0060640     9800.00
        3259  -0.0060720    10800.00
        3260  -0.0060800    12400.00
        3261  -0.0060880    13600.00
        3262  -0.0060960    14200.00
        3263  -0.0061040    14200.00
        3264  -0.0061120    13200.00
        3265  -0.0061200    11600.00
        3266  -0.0061280     9800.00
        3267  -0.0061360     8400.00
        3268  -0.0061440     7600.00
        3269  -0.0061520     7000.00
        3270  -0.0061600     7800.00
        3271  -0.0061680     8800.00
        3272  -0.0061760     9800.00
        3273  -0.0061840    10400.00
        3274  -0.0061920    10800.00
        3275  -0.0062000    10200.00
        3276  -0.0062080     9200.00
        3277  -0.0062160     7400.00
        3278  -0.0062240     6000.00
        3279  -0.0062320     4400.00
        3280  -0.0062400     3600.00
        3281  -0.0062480     2800.00
        3282  -0.0062560     1000.00
        3283  -0.0062640    -1800.00
        3284  -0.0062720    -5200.00
        3285  -0.0062800    -8800.00
        3286  -0.0062880   -12400.00
        3287  -0.0062960   -14600.00
        3288  -0.0063040   -14600.00
        3289  -0.0063120   -13400.00
        3290  -0.0063200   -11000.00
        3291  -0.0063280    -8600.00
        3292  -0.0063360    -6000.00
        3293  -0.0063440    -5000.00
        3294  -0.0063520    -5800.00
        3295  -0.0063600    -7600.00
        3296  -0.0063680   -10600.00
        3297  -0.0063760   -13400.00
        3298  -0.0063840   -15600.00
        3299  -0.0063920   -17000.00
        3300  -0.0064000   -16600.00
        3301  -0.0064080   -15000.00
        3302  -0.0064160   -12600.00
        3303  -0.0064240   -10200.00
        3304  -0.0064320    -8600.00
        3305  -0.0064400    -8200.00
        3306  -0.0064480    -9200.00
        3307  -0.0064560   -11000.00
        3308  -0.0064640   -13400.00
        3309  -0.0064720   -15800.00
        3310  -0.0064800   -17400.00
        3311  -0.0064880   -17800.00
        3312  -0.0064960   -16600.00
        3313  -0.0065040   -15000.00
        3314  -0.0065120   -13000.00
        3315  -0.0065200   -10800.00
        3316  -0.0065280    -9800.00
        3317  -0.0065360    -9800.00
        3318  -0.0065440   -10800.00
        3319  -0.0065520   -12600.00
        3320  -0.0065600   -14800.00
        3321  -0.0065680   -16200.00
        3322  -0.0065760   -17000.00
        3323  -0.0065840   -16600.00
        3324  -0.0065920   -15400.00
        3325  -0.0066000   -13400.00
        3326  -0.0066080   -11600.00
        3327  -0.0066160   -10000.00
        3328  -0.0066240    -9200.00
        3329  -0.0066320    -9400.00
        3330  -0.0066400   -10600.00
        3331  -0.0066480   -12200.00
        3332  -0.0066560   -13400.00
        3333  -0.0066640   -14600.00
        3334  -0.0066720   -14800.00
        3335  -0.0066800   -13800.00
        3336  -0.0066880   -12400.00
        3337  -0.0066960   -10600.00
        3338  -0.0067040    -8600.00
        3339  -0.0067120    -7600.00
        3340  -0.0067200    -7000.00
        3341  -0.0067280    -7600.00
        3342  -0.0067360    -8600.00
        3343  -0.0067440    -9800.00
        3344  -0.0067520   -10600.00
        3345  -0.0067600   -11000.00
        3346  -0.0067680   -10800.00
        3347  -0.0067760    -9800.00
        3348  -0.0067840    -7800.00
        3349  -0.0067920    -6200.00
        3350  -0.0068000    -4800.00
        3351  -0.0068080    -3600.00
        3352  -0.0068160    -2400.00
        3353  -0.0068240     -600.00
        3354  -0.0068320     2000.00
        3355  -0.0068400     5200.00
        3356  -0.0068480     8600.00
        3357  -0.0068560    11800.00
        3358  -0.0068640    13800.00
        3359  -0.0068720    14000.00
        3360  -0.0068800    13000.00
        3361  -0.0068880    10800.00
        3362  -0.0068960     8400.00
        3363  -0.0069040     6200.00
        3364  -0.0069120     5200.00
        3365  -0.0069200     5800.00
        3366  -0.0069280     7600.00
        3367  -0.0069360    10000.00
        3368  -0.0069440    13000.00
        3369  -0.0069520    15000.00
        3370  -0.0069600    16200.00
        3371  -0.0069680    15800.00
        3372  -0.0069760    14600.00
        3373  -0.0069840    12400.00
        3374  -0.0069920    10600.00
        3375  -0.0070000     8800.00
        3376  -0.0070080     8400.00
        3377  -0.0070160     9200.00
        3378  -0.0070240    10800.00
        3379  -0.0070320    13200.00
        3380  -0.0070400    15400.00
        3381  -0.0070480    17000.00
        3382  -0.0070560    17200.00
        3383  -0.0070640    16600.00
        3384  -0.0070720    14800.00
        3385  -0.0070800    12600.00
        3386  -0.0070880    11000.00
        3387  -0.0070960    10000.00
        3388  -0.0071040     9800.00
        3389  -0.0071120    10600.00
        3390  -0.0071200    12200.00
        3391  -0.0071280    14200.00
        3392  -0.0071360    15800.00
        3393  -0.0071440    16400.00
        3394  -0.0071520    16200.00
        3395  -0.0071600    15200.00
        3396  -0.0071680    13400.00
        3397  -0.0071760    11800.00
        3398  -0.0071840    10000.00
        3399  -0.0071920     9400.00
        3400  -0.0072000     9400.00
        3401  -0.0072080    10200.00
        3402  -0.0072160    11600.00
        3403  -0.0072240    13200.00
        3404  -0.0072320    14000.00
        3405  -0.0072400    14200.00
        3406  -0.0072480    13800.00
        3407  -0.0072560    12400.00
        3408  -0.0072640    10600.00
        3409  -0.0072720     9000.00
        3410  -0.0072800     7800.00
        3411  -0.0072880     7400.00
        3412  -0.0072960     7400.00
        3413  -0.0073040     8200.00
        3414  -0.0073120     9200.00
        3415  -0.0073200    10200.00
        3416  -0.0073280    10800.00
        3417  -0.0073360    10600.00
        3418  -0.0073440     9600.00
        3419  -0.0073520     8200.00
        3420  -0.0073600     6600.00
        3421  -0.0073680     5000.00
        3422  -0.0073760     3800.00
        3423  -0.0073840     3200.00
        3424  -0.0073920     2000.00
        3425  -0.0074000     -400.00
        3426  -0.0074080    -3800.00
        3427  -0.0074160    -7000.00
        3428  -0.0074240   -10800.00
        3429  -0.0074320   -13400.00
        3430  -0.0074400   -15000.00
        3431  -0.0074480   -14200.00
        3432  -0.0074560   -12400.00
        3433  -0.0074640    -9800.00
        3434  -0.0074720    -7200.00
        3435  -0.0074800    -5200.00
        3436  -0.0074880    -5200.00
        3437  -0.0074960    -6400.00
        3438  -0.0075040    -9200.00
        3439  -0.0075120   -12200.00
        3440  -0.0075200   -14800.00
        3441  -0.0075280   -16600.00
        3442  -0.0075360   -17000.00
        3443  -0.0075440   -15600.00
        3444  -0.0075520   -13800.00
        3445  -0.0075600   -11400.00
        3446  -0.0075680    -9400.00
        3447  -0.0075760    -8200.00
        3448  -0.0075840    -8600.00
        3449  -0.0075920   -10000.00
        3450  -0.0076000   -12400.00
        3451  -0.0076080   -14800.00
        3452  -0.0076160   -17000.00
        3453  -0.0076240   -17800.00
        3454  -0.0076320   -17200.00
        3455  -0.0076400   -15800.00
        3456  -0.0076480   -13800.00
        3457  -0.0076560   -11600.00
        3458  -0.0076640   -10200.00
        3459  -0.0076720    -9400.00
        3460  -0.0076800   -10200.00
        3461  -0.0076880   -11600.00
        3462  -0.0076960   -13800.00
        3463  -0.0077040   -15600.00
        3464  -0.0077120   -16600.00
        3465  -0.0077200   -17000.00
        3466  -0.0077280   -16200.00
        3467  -0.0077360   -14200.00
        3468  -0.0077440   -12400.00
        3469  -0.0077520   -10600.00
        3470  -0.0077600    -9400.00
        3471  -0.0077680    -9200.00
        3472  -0.0077760   -10000.00
        3473  -0.0077840   -11400.00
        3474  -0.0077920   -13000.00
        3475  -0.0078000   -14000.00
        3476  -0.0078080   -14800.00
        3477  -0.0078160   -14200.00
        3478  -0.0078240   -13200.00
        3479  -0.0078320   -11400.00
        3480  -0.0078400    -9400.00
        3481  -0.0078480    -8000.00
        3482  -0.0078560    -7000.00
        3483  -0.0078640    -7400.00
        3484  -0.0078720    -7800.00
        3485  -0.0078800    -9200.00
        3486  -0.0078880   -10200.00
        3487  -0.0078960   -11000.00
        3488  -0.0079040   -11000.00
        3489  -0.0079120   -10200.00
        3490  -0.0079200    -8600.00
        3491  -0.0079280    -7000.00
        3492  -0.0079360    -5400.00
        3493  -0.0079440    -4200.00
        3494  -0.0079520    -3000.00
        3495  -0.0079600    -1800.00
        3496  -0.0079680      400.00
        3497  -0.0079760     3600.00
        3498  -0.0079840     6800.00
        3499  -0.0079920    10200.00
        3500  -0.0080000    13000.00
        3501  -0.0080080    14200.00
        3502  -0.0080160    13600.00
        3503  -0.0080240    11800.00
        3504  -0.0080320     9800.00
        3505  -0.0080400     7000.00
        3506  -0.0080480     5400.00
        3507  -0.0080560     5400.00
        3508  -0.0080640     6600.00
        3509  -0.0080720     9000.00
        3510  -0.0080800    11600.00
        3511  -0.0080880    14200.00
        3512  -0.0080960    15800.00
        3513  -0.0081040    16200.00
        3514  -0.0081120    15400.00
        3515  -0.0081200    13400.00
        3516  -0.0081280    11400.00
        3517  -0.0081360     9400.00
        3518  -0.0081440     8400.00
        3519  -0.0081520     8600.00
        3520  -0.0081600    10000.00
        3521  -0.0081680    12000.00
        3522  -0.0081760    14200.00
        3523  -0.0081840    16200.00
        3524  -0.0081920    17000.00
        3525  -0.0082000    16800.00
        3526  -0.0082080    15600.00
        3527  -0.0082160    14000.00
        3528  -0.0082240    11800.00
        3529  -0.0082320    10200.00
        3530  -0.0082400     9800.00
        3531  -0.0082480    10000.00
        3532  -0.0082560    11600.00
        3533  -0.0082640    13200.00
        3534  -0.0082720    15000.00
        3535  -0.0082800    16400.00
        3536  -0.0082880    16600.00
        3537  -0.0082960    16000.00
        3538  -0.0083040    14600.00
        3539  -0.0083120    12600.00
        3540  -0.0083200    10800.00
        3541  -0.0083280     9800.00
        3542  -0.0083360     9200.00
        3543  -0.0083440     9800.00
        3544  -0.0083520    10800.00
        3545  -0.0083600    12400.00
        3546  -0.0083680    13400.00
        3547  -0.0083760    14200.00
        3548  -0.0083840    14200.00
        3549  -0.0083920    13200.00
        3550  -0.0084000    11600.00
        3551  -0.0084080    10000.00
        3552  -0.0084160     8400.00
        3553  -0.0084240     7400.00
        3554  -0.0084320     7200.00
        3555  -0.0084400     7600.00
        3556  -0.0084480     8600.00
        3557  -0.0084560    10000.00
        3558  -0.0084640    10600.00
        3559  -0.0084720    10600.00
        3560  -0.0084800    10000.00
        3561  -0.0084880     9000.00
        3562  -0.0084960     7400.00
        3563  -0.0085040     5800.00
        3564  -0.0085120     4200.00
        3565  -0.0085200     3400.00
        3566  -0.0085280     2600.00
        3567  -0.0085360      800.00
        3568  -0.0085440    -2000.00
        3569  -0.0085520    -5400.00
        3570  -0.0085600    -9200.00
        3571  -0.0085680   -12400.00
        3572  -0.0085760   -14600.00
        3573  -0.0085840   -14800.00
        3574  -0.0085920   -13400.00
        3575  -0.0086000   -11000.00
        3576  -0.0086080    -8400.00
        3577  -0.0086160    -6000.00
        3578  -0.0086240    -5000.00
        3579  -0.0086320    -6000.00
        3580  -0.0086400    -7800.00
        3581  -0.0086480   -10600.00
        3582  -0.0086560   -13400.00
        3583  -0.0086640   -16000.00
        3584  -0.0086720   -16600.00
        3585  -0.0086800   -16400.00
        3586  -0.0086880   -14800.00
        3587  -0.0086960   -12400.00
        3588  -0.0087040   -10200.00
        3589  -0.0087120    -8600.00
        3590  -0.0087200    -8400.00
        3591  -0.0087280    -9400.00
        3592  -0.0087360   -11400.00
        3593  -0.0087440   -13600.00
        3594  -0.0087520   -15800.00
        3595  -0.0087600   -17200.00
        3596  -0.0087680   -17400.00
        3597  -0.0087760   -16600.00
        3598  -0.0087840   -14800.00
        3599  -0.0087920   -12600.00
        3600  -0.0088000   -10800.00
        3601  -0.0088080    -9800.00
        3602  -0.0088160   -10000.00
        3603  -0.0088240   -10800.00
        3604  -0.0088320   -12600.00
        3605  -0.0088400   -14600.00
        3606  -0.0088480   -16400.00
        3607  -0.0088560   -17000.00
        3608  -0.0088640   -16600.00
        3609  -0.0088720   -15400.00
        3610  -0.0088800   -13400.00
        3611  -0.0088880   -11400.00
        3612  -0.0088960    -9800.00
        3613  -0.0089040    -9200.00
        3614  -0.0089120    -9400.00
        3615  -0.0089200   -10800.00
        3616  -0.0089280   -12200.00
        3617  -0.0089360   -13800.00
        3618  -0.0089440   -14800.00
        3619  -0.0089520   -14600.00
        3620  -0.0089600   -14000.00
        3621  -0.0089680   -12400.00
        3622  -0.0089760   -10400.00
        3623  -0.0089840    -8600.00
        3624  -0.0089920    -7600.00
        3625  -0.0090000    -7000.00
        3626  -0.0090080    -7600.00
        3627  -0.0090160    -8600.00
        3628  -0.0090240    -9800.00
        3629  -0.0090320   -10800.00
        3630  -0.0090400   -11200.00
        3631  -0.0090480   -10800.00
        3632  -0.0090560    -9800.00
        3633  -0.0090640    -7800.00
        3634  -0.0090720    -6200.00
        3635  -0.0090800    -4600.00
        3636  -0.0090880    -3600.00
        3637  -0.0090960    -2800.00
        3638  -0.0091040     -600.00
        3639  -0.0091120     2000.00
        3640  -0.0091200     5200.00
        3641  -0.0091280     8600.00
        3642  -0.0091360    11600.00
        3643  -0.0091440    13800.00
        3644  -0.0091520    14000.00
        3645  -0.0091600    13000.00
        3646  -0.0091680    10600.00
        3647  -0.0091760     8400.00
        3648  -0.0091840     6000.00
        3649  -0.0091920     5200.00
        3650  -0.0092000     5800.00
        3651  -0.0092080     7800.00
        3652  -0.0092160    10200.00
        3653  -0.0092240    13000.00
        3654  -0.0092320    15400.00
        3655  -0.0092400    16200.00
        3656  -0.0092480    16200.00
        3657  -0.0092560    14600.00
        3658  -0.0092640    12400.00
        3659  -0.0092720    10200.00
        3660  -0.0092800     8600.00
        3661  -0.0092880     8400.00
        3662  -0.0092960     9200.00
        3663  -0.0093040    11000.00
        3664  -0.0093120    13200.00
        3665  -0.0093200    15400.00
        3666  -0.0093280    16800.00
        3667  -0.0093360    17200.00
        3668  -0.0093440    16400.00
        3669  -0.0093520    14800.00
        3670  -0.0093600    13000.00
        3671  -0.0093680    10800.00
        3672  -0.0093760    10000.00
        3673  -0.0093840     9800.00
        3674  -0.0093920    10800.00
        3675  -0.0094000    12200.00
        3676  -0.0094080    14200.00
        3677  -0.0094160    15600.00
        3678  -0.0094240    16600.00
        3679  -0.0094320    16200.00
        3680  -0.0094400    15200.00
        3681  -0.0094480    13400.00
        3682  -0.0094560    11600.00
        3683  -0.0094640    10200.00
        3684  -0.0094720     9200.00
        3685  -0.0094800     9400.00
        3686  -0.0094880    10400.00
        3687  -0.0094960    11600.00
        3688  -0.0095040    13000.00
        3689  -0.0095120    14000.00
        3690  -0.0095200    14400.00
        3691  -0.0095280    13800.00
        3692  -0.0095360    12200.00
        3693  -0.0095440    10600.00
        3694  -0.0095520     9000.00
        3695  -0.0095600     7600.00
        3696  -0.0095680     7000.00
        3697  -0.0095760     7400.00
        3698  -0.0095840     8200.00
        3699  -0.0095920     9200.00
        3700  -0.0096000    10000.00
        3701  -0.0096080    10800.00
        3702  -0.0096160    10600.00
        3703  -0.0096240     9800.00
        3704  -0.0096320     8200.00
        3705  -0.0096400     6600.00
        3706  -0.0096480     5000.00
        3707  -0.0096560     3600.00
        3708  -0.0096640     3200.00
        3709  -0.0096720     2000.00
        3710  -0.0096800     -400.00
        3711  -0.0096880    -3600.00
        3712  -0.0096960    -7000.00
        3713  -0.0097040   -10800.00
        3714  -0.0097120   -13800.00
        3715  -0.0097200   -15000.00
        3716  -0.0097280   -14200.00
        3717  -0.0097360   -12400.00
        3718  -0.0097440    -9800.00
        3719  -0.0097520    -7000.00
        3720  -0.0097600    -5200.00
        3721  -0.0097680    -5200.00
        3722  -0.0097760    -6600.00
        3723  -0.0097840    -9000.00
        3724  -0.0097920   -11800.00
        3725  -0.0098000   -14800.00
        3726  -0.0098080   -16600.00
        3727  -0.0098160   -16800.00
        3728  -0.0098240   -15800.00
        3729  -0.0098320   -13600.00
        3730  -0.0098400   -11400.00
        3731  -0.0098480    -9200.00
        3732  -0.0098560    -8400.00
        3733  -0.0098640    -8600.00
        3734  -0.0098720   -10000.00
        3735  -0.0098800   -12400.00
        3736  -0.0098880   -14800.00
        3737  -0.0098960   -16600.00
        3738  -0.0099040   -17800.00
        3739  -0.0099120   -17400.00
        3740  -0.0099200   -15800.00
        3741  -0.0099280   -13800.00
        3742  -0.0099360   -11600.00
        3743  -0.0099440   -10000.00
        3744  -0.0099520    -9600.00
        3745  -0.0099600   -10200.00
        3746  -0.0099680   -11600.00
        3747  -0.0099760   -13600.00
        3748  -0.0099840   -15600.00
        3749  -0.0099920   -16600.00
        3750  -0.0100000   -17000.00
        3751  -0.0100080   -16000.00
        3752  -0.0100160   -14600.00
        3753  -0.0100240   -12600.00
        3754  -0.0100320   -10600.00
        3755  -0.0100400    -9400.00
        3756  -0.0100480    -9200.00
        3757  -0.0100560   -10000.00
        3758  -0.0100640   -11400.00
        3759  -0.0100720   -13200.00
        3760  -0.0100800   -14200.00
        3761  -0.0100880   -14800.00
        3762  -0.0100960   -14400.00
        3763  -0.0101040   -13200.00
        3764  -0.0101120   -11600.00
        3765  -0.0101200    -9400.00
        3766  -0.0101280    -8200.00
        3767  -0.0101360    -7400.00
        3768  -0.0101440    -7400.00
        3769  -0.0101520    -8200.00
        3770  -0.0101600    -9200.00
        3771  -0.0101680   -10200.00
        3772  -0.0101760   -11000.00
        3773  -0.0101840   -11000.00
        3774  -0.0101920   -10400.00
        3775  -0.0102000    -9000.00
        3776  -0.0102080    -7000.00
        3777  -0.0102160    -5400.00
        3778  -0.0102240    -4000.00
        3779  -0.0102320    -3000.00
        3780  -0.0102400    -1800.00
        3781  -0.0102480      400.00
        3782  -0.0102560     3600.00
        3783  -0.0102640     6800.00
        3784  -0.0102720    10200.00
        3785  -0.0102800    13000.00
        3786  -0.0102880    14200.00
        3787  -0.0102960    13800.00
        3788  -0.0103040    11800.00
        3789  -0.0103120     9800.00
        3790  -0.0103200     7400.00
        3791  -0.0103280     5400.00
        3792  -0.0103360     5400.00
        3793  -0.0103440     6600.00
        3794  -0.0103520     9000.00
        3795  -0.0103600    11600.00
        3796  -0.0103680    14200.00
        3797  -0.0103760    16000.00
        3798  -0.0103840    16400.00
        3799  -0.0103920    15400.00
        3800  -0.0104000    13600.00
        3801  -0.0104080    11400.00
        3802  -0.0104160     9400.00
        3803  -0.0104240     8400.00
        3804  -0.0104320     8600.00
        3805  -0.0104400    10000.00
        3806  -0.0104480    11800.00
        3807  -0.0104560    14200.00
        3808  -0.0104640    16200.00
        3809  -0.0104720    17200.00
        3810  -0.0104800    17000.00
        3811  -0.0104880    15800.00
        3812  -0.0104960    14000.00
        3813  -0.0105040    11800.00
        3814  -0.0105120    10600.00
        3815  -0.0105200     9600.00
        3816  -0.0105280    10200.00
        3817  -0.0105360    11600.00
        3818  -0.0105440    13000.00
        3819  -0.0105520    14800.00
        3820  -0.0105600    16200.00
        3821  -0.0105680    16400.00
        3822  -0.0105760    15800.00
        3823  -0.0105840    14200.00
        3824  -0.0105920    12600.00
        3825  -0.0106000    10600.00
        3826  -0.0106080     9800.00
        3827  -0.0106160     9200.00
        3828  -0.0106240     9800.00
        3829  -0.0106320    10800.00
        3830  -0.0106400    12400.00
        3831  -0.0106480    13600.00
        3832  -0.0106560    14200.00
        3833  -0.0106640    14000.00
        3834  -0.0106720    13000.00
        3835  -0.0106800    11600.00
        3836  -0.0106880     9800.00
        3837  -0.0106960     8200.00
        3838  -0.0107040     7400.00
        3839  -0.0107120     7000.00
        3840  -0.0107200     7800.00
        3841  -0.0107280     8600.00
        3842  -0.0107360     9800.00
        3843  -0.0107440    10600.00
        3844  -0.0107520    10600.00
        3845  -0.0107600    10200.00
        3846  -0.0107680     9000.00
        3847  -0.0107760     7400.00
        3848  -0.0107840     5800.00
        3849  -0.0107920     4200.00
        3850  -0.0108000     3600.00
        3851  -0.0108080     2600.00
        3852  -0.0108160     1000.00
        3853  -0.0108240    -2000.00
        3854  -0.0108320    -5200.00
        3855  -0.0108400    -8800.00
        3856  -0.0108480   -12200.00
        3857  -0.0108560   -14600.00
        3858  -0.0108640   -14600.00
        3859  -0.0108720   -13400.00
        3860  -0.0108800   -11000.00
        3861  -0.0108880    -8400.00
        3862  -0.0108960    -6000.00
        3863  -0.0109040    -5000.00
        3864  -0.0109120    -5800.00
        3865  -0.0109200    -7600.00
        3866  -0.0109280   -10400.00
        3867  -0.0109360   -13400.00
        3868  -0.0109440   -15800.00
        3869  -0.0109520   -16800.00
        3870  -0.0109600   -16600.00
        3871  -0.0109680   -14800.00
        3872  -0.0109760   -12600.00
        3873  -0.0109840   -10200.00
        3874  -0.0109920    -8600.00
        3875  -0.0110000    -8200.00
        3876  -0.0110080    -9200.00
        3877  -0.0110160   -11000.00
        3878  -0.0110240   -13400.00
        3879  -0.0110320   -15800.00
        3880  -0.0110400   -17400.00
        3881  -0.0110480   -17800.00
        3882  -0.0110560   -16800.00
        3883  -0.0110640   -15000.00
        3884  -0.0110720   -12600.00
        3885  -0.0110800   -10800.00
        3886  -0.0110880    -9800.00
        3887  -0.0110960    -9800.00
        3888  -0.0111040   -10800.00
        3889  -0.0111120   -12600.00
        3890  -0.0111200   -14800.00
        3891  -0.0111280   -16200.00
        3892  -0.0111360   -17200.00
        3893  -0.0111440   -16600.00
        3894  -0.0111520   -15400.00
        3895  -0.0111600   -13400.00
        3896  -0.0111680   -11400.00
        3897  -0.0111760   -10000.00
        3898  -0.0111840    -9200.00
        3899  -0.0111920    -9600.00
        3900  -0.0112000   -10600.00
        3901  -0.0112080   -12200.00
        3902  -0.0112160   -13800.00
        3903  -0.0112240   -14800.00
        3904  -0.0112320   -14800.00
        3905  -0.0112400   -13800.00
        3906  -0.0112480   -12400.00
        3907  -0.0112560   -10600.00
        3908  -0.0112640    -8600.00
        3909  -0.0112720    -7600.00
        3910  -0.0112800    -7000.00
        3911  -0.0112880    -7600.00
        3912  -0.0112960    -8600.00
        3913  -0.0113040    -9800.00
        3914  -0.0113120   -10800.00
        3915  -0.0113200   -11000.00
        3916  -0.0113280   -10800.00
        3917  -0.0113360    -9800.00
        3918  -0.0113440    -7800.00
        3919  -0.0113520    -6200.00
        3920  -0.0113600    -4600.00
        3921  -0.0113680    -3600.00
        3922  -0.0113760    -2600.00
        3923  -0.0113840     -600.00
        3924  -0.0113920     2000.00
        3925  -0.0114000     5200.00
        3926  -0.0114080     8600.00
        3927  -0.0114160    11800.00
        3928  -0.0114240    13800.00
        3929  -0.0114320    14000.00
        3930  -0.0114400    13000.00
        3931  -0.0114480    10800.00
        3932  -0.0114560     8400.00
        3933  -0.0114640     6200.00
        3934  -0.0114720     5400.00
        3935  -0.0114800     5800.00
        3936  -0.0114880     7600.00
        3937  -0.0114960    10000.00
        3938  -0.0115040    13000.00
        3939  -0.0115120    15000.00
        3940  -0.0115200    16400.00
        3941  -0.0115280    16200.00
        3942  -0.0115360    14600.00
        3943  -0.0115440    12600.00
        3944  -0.0115520    10200.00
        3945  -0.0115600     8800.00
        3946  -0.0115680     8400.00
        3947  -0.0115760     9000.00
        3948  -0.0115840    10800.00
        3949  -0.0115920    13000.00
        3950  -0.0116000    15400.00
        3951  -0.0116080    16600.00
        3952  -0.0116160    17200.00
        3953  -0.0116240    16400.00
        3954  -0.0116320    15000.00
        3955  -0.0116400    13000.00
        3956  -0.0116480    10800.00
        3957  -0.0116560    10000.00
        3958  -0.0116640     9800.00
        3959  -0.0116720    10600.00
        3960  -0.0116800    12200.00
        3961  -0.0116880    14200.00
        3962  -0.0116960    15600.00
        3963  -0.0117040    16400.00
        3964  -0.0117120    16200.00
        3965  -0.0117200    15400.00
        3966  -0.0117280    13600.00
        3967  -0.0117360    11600.00
        3968  -0.0117440    10000.00
        3969  -0.0117520     9200.00
        3970  -0.0117600     9400.00
        3971  -0.0117680    10400.00
        3972  -0.0117760    11600.00
        3973  -0.0117840    13200.00
        3974  -0.0117920    14000.00
        3975  -0.0118000    14400.00
        3976  -0.0118080    13800.00
        3977  -0.0118160    12400.00
        3978  -0.0118240    10600.00
        3979  -0.0118320     9000.00
        3980  -0.0118400     7600.00
        3981  -0.0118480     7400.00
        3982  -0.0118560     7400.00
        3983  -0.0118640     8200.00
        3984  -0.0118720     9200.00
        3985  -0.0118800    10200.00
        3986  -0.0118880    10800.00
        3987  -0.0118960    10600.00
        3988  -0.0119040     9800.00
        3989  -0.0119120     8200.00
        3990  -0.0119200     6600.00
        3991  -0.0119280     5200.00
        3992  -0.0119360     3800.00
        3993  -0.0119440     3400.00
        3994  -0.0119520     2000.00
        3995  -0.0119600     -400.00
        3996  -0.0119680    -3400.00
        3997  -0.0119760    -7000.00
        3998  -0.0119840   -10800.00
        3999  -0.0119920   -13400.00
        4000  -0.0120000   -14800.00
        4001  -0.0120080   -14200.00
        4002  -0.0120160   -12400.00
        4003  -0.0120240    -9800.00
        4004  -0.0120320    -7400.00
        4005  -0.0120400    -5200.00
        4006  -0.0120480    -5000.00
        4007  -0.0120560    -6600.00
        4008  -0.0120640    -9000.00
        4009  -0.0120720   -11800.00
        4010  -0.0120800   -14800.00
        4011  -0.0120880   -16600.00
        4012  -0.0120960   -17000.00
        4013  -0.0121040   -15800.00
        4014  -0.0121120   -13800.00
        4015  -0.0121200   -11400.00
        4016  -0.0121280    -9400.00
        4017  -0.0121360    -8400.00
        4018  -0.0121440    -8600.00
        4019  -0.0121520   -10200.00
        4020  -0.0121600   -12400.00
        4021  -0.0121680   -15000.00
        4022  -0.0121760   -16800.00
        4023  -0.0121840   -17800.00
        4024  -0.0121920   -17400.00
        4025  -0.0122000   -15800.00
        4026  -0.0122080   -13800.00
        4027  -0.0122160   -11600.00
        4028  -0.0122240   -10200.00
        4029  -0.0122320    -9800.00
        4030  -0.0122400   -10200.00
        4031  -0.0122480   -11600.00
        4032  -0.0122560   -13800.00
        4033  -0.0122640   -15400.00
        4034  -0.0122720   -17000.00
        4035  -0.0122800   -17000.00
        4036  -0.0122880   -16200.00
        4037  -0.0122960   -14600.00
        4038  -0.0123040   -12400.00
        4039  -0.0123120   -10600.00
        4040  -0.0123200    -9400.00
        4041  -0.0123280    -9200.00
        4042  -0.0123360   -10000.00
        4043  -0.0123440   -11400.00
        4044  -0.0123520   -13000.00
        4045  -0.0123600   -14000.00
        4046  -0.0123680   -14800.00
        4047  -0.0123760   -14400.00
        4048  -0.0123840   -13200.00
        4049  -0.0123920   -11400.00
        4050  -0.0124000    -9400.00
        4051  -0.0124080    -8000.00
        4052  -0.0124160    -7000.00
        4053  -0.0124240    -7200.00
        4054  -0.0124320    -7800.00
        4055  -0.0124400    -9200.00
        4056  -0.0124480   -10600.00
        4057  -0.0124560   -11000.00
        4058  -0.0124640   -11000.00
        4059  -0.0124720   -10200.00
        4060  -0.0124800    -8600.00
        4061  -0.0124880    -7000.00
        4062  -0.0124960    -5400.00
        4063  -0.0125040    -4000.00
        4064  -0.0125120    -3000.00
        4065  -0.0125200    -1800.00
        4066  -0.0125280      400.00
        4067  -0.0125360     3600.00
        4068  -0.0125440     7000.00
        4069  -0.0125520    10200.00
        4070  -0.0125600    13000.00
        4071  -0.0125680    14200.00
        4072  -0.0125760    13800.00
        4073  -0.0125840    11800.00
        4074  -0.0125920     9800.00
        4075  -0.0126000     7000.00
        4076  -0.0126080     5800.00
        4077  -0.0126160     5200.00
        4078  -0.0126240     6600.00
        4079  -0.0126320     9000.00
        4080  -0.0126400    11400.00
        4081  -0.0126480    14200.00
        4082  -0.0126560    15800.00
        4083  -0.0126640    16200.00
        4084  -0.0126720    15400.00
        4085  -0.0126800    13600.00
        4086  -0.0126880    11400.00
        4087  -0.0126960     9400.00
        4088  -0.0127040     8400.00
        4089  -0.0127120     8600.00
        4090  -0.0127200    10000.00
        4091  -0.0127280    11800.00
        4092  -0.0127360    14200.00
        4093  -0.0127440    16200.00
        4094  -0.0127520    17000.00
        4095  -0.0127600    17000.00
        4096  -0.0127680    15600.00
        4097  -0.0127760    13800.00
        4098  -0.0127840    11800.00
        4099  -0.0127920    10200.00
        4100  -0.0128000     9800.00
        4101  -0.0128080    10000.00
        4102  -0.0128160    11400.00
        4103  -0.0128240    13000.00
        4104  -0.0128320    15000.00
        4105  -0.0128400    16200.00
        4106  -0.0128480    16400.00
        4107  -0.0128560    15800.00
        4108  -0.0128640    14400.00
        4109  -0.0128720    12600.00
        4110  -0.0128800    10800.00
        4111  -0.0128880     9600.00
        4112  -0.0128960     9200.00
        4113  -0.0129040     9800.00
        4114  -0.0129120    11000.00
        4115  -0.0129200    12400.00
        4116  -0.0129280    13800.00
        4117  -0.0129360    14200.00
        4118  -0.0129440    14200.00
        4119  -0.0129520    13200.00
        4120  -0.0129600    11600.00
        4121  -0.0129680     9800.00
        4122  -0.0129760     8400.00
        4123  -0.0129840     7400.00
        4124  -0.0129920     7200.00
        4125  -0.0130000     7600.00
        4126  -0.0130080     8600.00
        4127  -0.0130160     9800.00
        4128  -0.0130240    10600.00
        4129  -0.0130320    10800.00
        4130  -0.0130400    10000.00
        4131  -0.0130480     9000.00
        4132  -0.0130560     7400.00
        4133  -0.0130640     6000.00
        4134  -0.0130720     4400.00
        4135  -0.0130800     3600.00
        4136  -0.0130880     2600.00
        4137  -0.0130960     1000.00
        4138  -0.0131040    -2000.00
        4139  -0.0131120    -5400.00
        4140  -0.0131200    -9000.00
        4141  -0.0131280   -12200.00
        4142  -0.0131360   -14400.00
        4143  -0.0131440   -14800.00
        4144  -0.0131520   -13400.00
        4145  -0.0131600   -11000.00
        4146  -0.0131680    -8400.00
        4147  -0.0131760    -6000.00
        4148  -0.0131840    -5000.00
        4149  -0.0131920    -5800.00
        4150  -0.0132000    -7600.00
        4151  -0.0132080   -10400.00
        4152  -0.0132160   -13400.00
        4153  -0.0132240   -15800.00
        4154  -0.0132320   -17000.00
        4155  -0.0132400   -16600.00
        4156  -0.0132480   -14800.00
        4157  -0.0132560   -12600.00
        4158  -0.0132640   -10200.00
        4159  -0.0132720    -8600.00
        4160  -0.0132800    -8400.00
        4161  -0.0132880    -9200.00
        4162  -0.0132960   -11000.00
        4163  -0.0133040   -13800.00
        4164  -0.0133120   -15800.00
        4165  -0.0133200   -17400.00
        4166  -0.0133280   -17800.00
        4167  -0.0133360   -16600.00
        4168  -0.0133440   -15000.00
        4169  -0.0133520   -13000.00
        4170  -0.0133600   -10800.00
        4171  -0.0133680    -9800.00
        4172  -0.0133760    -9800.00
        4173  -0.0133840   -10800.00
        4174  -0.0133920   -12600.00
        4175  -0.0134000   -14800.00
        4176  -0.0134080   -16400.00
        4177  -0.0134160   -17200.00
        4178  -0.0134240   -16600.00
        4179  -0.0134320   -15600.00
        4180  -0.0134400   -13400.00
        4181  -0.0134480   -11400.00
        4182  -0.0134560   -10000.00
        4183  -0.0134640    -9200.00
        4184  -0.0134720    -9400.00
        4185  -0.0134800   -10400.00
        4186  -0.0134880   -12200.00
        4187  -0.0134960   -13600.00
        4188  -0.0135040   -14600.00
        4189  -0.0135120   -14600.00
        4190  -0.0135200   -13800.00
        4191  -0.0135280   -12400.00
        4192  -0.0135360   -10200.00
        4193  -0.0135440    -8600.00
        4194  -0.0135520    -7600.00
        4195  -0.0135600    -7000.00
        4196  -0.0135680    -7600.00
        4197  -0.0135760    -8600.00
        4198  -0.0135840    -9800.00
        4199  -0.0135920   -10800.00
        4200  -0.0136000   -11000.00
        4201  -0.0136080   -10800.00
        4202  -0.0136160    -9400.00
        4203  -0.0136240    -8000.00
        4204  -0.0136320    -6200.00
        4205  -0.0136400    -4600.00
        4206  -0.0136480    -3600.00
        4207  -0.0136560    -2600.00
        4208  -0.0136640     -600.00
        4209  -0.0136720     1800.00
        4210  -0.0136800     5200.00
        4211  -0.0136880     8400.00
        4212  -0.0136960    11600.00
        4213  -0.0137040    13800.00
        4214  -0.0137120    14000.00
        4215  -0.0137200    13000.00
        4216  -0.0137280    10800.00
        4217  -0.0137360     8400.00
        4218  -0.0137440     6200.00
        4219  -0.0137520     5200.00
        4220  -0.0137600     5800.00
        4221  -0.0137680     7600.00
        4222  -0.0137760    10000.00
        4223  -0.0137840    12800.00
        4224  -0.0137920    15000.00
        4225  -0.0138000    16200.00
        4226  -0.0138080    15800.00
        4227  -0.0138160    14600.00
        4228  -0.0138240    12400.00
        4229  -0.0138320    10200.00
        4230  -0.0138400     8600.00
        4231  -0.0138480     8400.00
        4232  -0.0138560     9000.00
        4233  -0.0138640    10600.00
        4234  -0.0138720    13200.00
        4235  -0.0138800    15200.00
        4236  -0.0138880    16600.00
        4237  -0.0138960    17000.00
        4238  -0.0139040    16400.00
        4239  -0.0139120    14800.00
        4240  -0.0139200    13000.00
        4241  -0.0139280    10800.00
        4242  -0.0139360     9800.00
        4243  -0.0139440     9800.00
        4244  -0.0139520    10600.00
        4245  -0.0139600    12200.00
        4246  -0.0139680    14000.00
        4247  -0.0139760    15600.00
        4248  -0.0139840    16400.00
        4249  -0.0139920    16200.00
        4250  -0.0140000    15400.00
        4251  -0.0140080    13400.00
        4252  -0.0140160    11800.00
        4253  -0.0140240    10000.00
        4254  -0.0140320     9400.00
        4255  -0.0140400     9400.00
        4256  -0.0140480    10200.00
        4257  -0.0140560    11600.00
        4258  -0.0140640    13200.00
        4259  -0.0140720    14000.00
        4260  -0.0140800    14600.00
        4261  -0.0140880    13800.00
        4262  -0.0140960    12400.00
        4263  -0.0141040    10800.00
        4264  -0.0141120     9000.00
        4265  -0.0141200     7800.00
        4266  -0.0141280     7000.00
        4267  -0.0141360     7600.00
        4268  -0.0141440     8200.00
        4269  -0.0141520     9200.00
        4270  -0.0141600    10200.00
        4271  -0.0141680    10800.00
        4272  -0.0141760    10600.00
        4273  -0.0141840     9600.00
        4274  -0.0141920     8200.00
        4275  -0.0142000     6600.00
        4276  -0.0142080     5200.00
        4277  -0.0142160     3600.00
        4278  -0.0142240     3400.00
        4279  -0.0142320     2000.00
        4280  -0.0142400     -400.00
        4281  -0.0142480    -3600.00
        4282  -0.0142560    -7000.00
        4283  -0.0142640   -10800.00
        4284  -0.0142720   -13600.00
        4285  -0.0142800   -15000.00
        4286  -0.0142880   -14200.00
        4287  -0.0142960   -12400.00
        4288  -0.0143040    -9800.00
        4289  -0.0143120    -7200.00
        4290  -0.0143200    -5400.00
        4291  -0.0143280    -5200.00
        4292  -0.0143360    -6600.00
        4293  -0.0143440    -9000.00
        4294  -0.0143520   -12000.00
        4295  -0.0143600   -14800.00
        4296  -0.0143680   -16400.00
        4297  -0.0143760   -17000.00
        4298  -0.0143840   -15800.00
        4299  -0.0143920   -13800.00
        4300  -0.0144000   -11600.00
        4301  -0.0144080    -9400.00
        4302  -0.0144160    -8200.00
        4303  -0.0144240    -8600.00
        4304  -0.0144320   -10200.00
        4305  -0.0144400   -12400.00
        4306  -0.0144480   -14800.00
        4307  -0.0144560   -16600.00
        4308  -0.0144640   -17800.00
        4309  -0.0144720   -17200.00
        4310  -0.0144800   -15800.00
        4311  -0.0144880   -13800.00
        4312  -0.0144960   -11600.00
        4313  -0.0145040   -10000.00
        4314  -0.0145120    -9400.00
        4315  -0.0145200   -10200.00
        4316  -0.0145280   -11600.00
        4317  -0.0145360   -13400.00
        4318  -0.0145440   -15600.00
        4319  -0.0145520   -16600.00
        4320  -0.0145600   -17000.00
        4321  -0.0145680   -16200.00
        4322  -0.0145760   -14600.00
        4323  -0.0145840   -12400.00
        4324  -0.0145920   -10600.00
        4325  -0.0146000    -9400.00
        4326  -0.0146080    -9200.00
        4327  -0.0146160   -10000.00
        4328  -0.0146240   -11400.00
        4329  -0.0146320   -13000.00
        4330  -0.0146400   -14000.00
        4331  -0.0146480   -14800.00
        4332  -0.0146560   -14200.00
        4333  -0.0146640   -13000.00
        4334  -0.0146720   -11400.00
        4335  -0.0146800    -9400.00
        4336  -0.0146880    -7800.00
        4337  -0.0146960    -7400.00
        4338  -0.0147040    -7400.00
        4339  -0.0147120    -8000.00
        4340  -0.0147200    -9200.00
        4341  -0.0147280   -10200.00
        4342  -0.0147360   -11000.00
        4343  -0.0147440   -11000.00
        4344  -0.0147520   -10200.00
        4345  -0.0147600    -8800.00
        4346  -0.0147680    -7000.00
        4347  -0.0147760    -5400.00
        4348  -0.0147840    -4200.00
        4349  -0.0147920    -3000.00
        4350  -0.0148000    -1800.00
        4351  -0.0148080      400.00
        4352  -0.0148160     3400.00
        4353  -0.0148240     6800.00
        4354  -0.0148320    10000.00
        4355  -0.0148400    13000.00
        4356  -0.0148480    14000.00
        4357  -0.0148560    13600.00
        4358  -0.0148640    12000.00
        4359  -0.0148720     9400.00
        4360  -0.0148800     7400.00
        4361  -0.0148880     5400.00
        4362  -0.0148960     5400.00
        4363  -0.0149040     6400.00
        4364  -0.0149120     8600.00
        4365  -0.0149200    11600.00
        4366  -0.0149280    14000.00
        4367  -0.0149360    15800.00
        4368  -0.0149440    16400.00
        4369  -0.0149520    15400.00
        4370  -0.0149600    13400.00
        4371  -0.0149680    11400.00
        4372  -0.0149760     9400.00
        4373  -0.0149840     8400.00
        4374  -0.0149920     8600.00
        4375  -0.0150000     9800.00
        4376  -0.0150080    11800.00
        4377  -0.0150160    14200.00
        4378  -0.0150240    16200.00
        4379  -0.0150320    17000.00
        4380  -0.0150400    17000.00
        4381  -0.0150480    15800.00
        4382  -0.0150560    13800.00
        4383  -0.0150640    12000.00
        4384  -0.0150720    10200.00
        4385  -0.0150800     9800.00
        4386  -0.0150880    10000.00
        4387  -0.0150960    11400.00
        4388  -0.0151040    13200.00
        4389  -0.0151120    14800.00
        4390  -0.0151200    16200.00
        4391  -0.0151280    16400.00
        4392  -0.0151360    16000.00
        4393  -0.0151440    14600.00
        4394  -0.0151520    12600.00
        4395  -0.0151600    10800.00
        4396  -0.0151680     9600.00
        4397  -0.0151760     9200.00
        4398  -0.0151840     9800.00
        4399  -0.0151920    11000.00
        4400  -0.0152000    12400.00
        4401  -0.0152080    13400.00
        4402  -0.0152160    14400.00
        4403  -0.0152240    14000.00
        4404  -0.0152320    13200.00
        4405  -0.0152400    11600.00
        4406  -0.0152480     9800.00
        4407  -0.0152560     8200.00
        4408  -0.0152640     7400.00
        4409  -0.0152720     7000.00
        4410  -0.0152800     7600.00
        4411  -0.0152880     8600.00
        4412  -0.0152960     9800.00
        4413  -0.0153040    10600.00
        4414  -0.0153120    10600.00
        4415  -0.0153200    10000.00
        4416  -0.0153280     9000.00
        4417  -0.0153360     7200.00
        4418  -0.0153440     5800.00
        4419  -0.0153520     4200.00
        4420  -0.0153600     3600.00
        4421  -0.0153680     2600.00
        4422  -0.0153760     1000.00
        4423  -0.0153840    -2000.00
        4424  -0.0153920    -5400.00
        4425  -0.0154000    -9000.00
        4426  -0.0154080   -12400.00
        4427  -0.0154160   -14600.00
        4428  -0.0154240   -14800.00
        4429  -0.0154320   -13400.00
        4430  -0.0154400   -11000.00
        4431  -0.0154480    -8400.00
        4432  -0.0154560    -6000.00
        4433  -0.0154640    -5000.00
        4434  -0.0154720    -5600.00
        4435  -0.0154800    -7600.00
        4436  -0.0154880   -10400.00
        4437  -0.0154960   -13400.00
        4438  -0.0155040   -15800.00
        4439  -0.0155120   -17000.00
        4440  -0.0155200   -16400.00
        4441  -0.0155280   -14600.00
        4442  -0.0155360   -12600.00
        4443  -0.0155440   -10200.00
        4444  -0.0155520    -8400.00
        4445  -0.0155600    -8400.00
        4446  -0.0155680    -9200.00
        4447  -0.0155760   -11000.00
        4448  -0.0155840   -13600.00
        4449  -0.0155920   -15800.00
        4450  -0.0156000   -17200.00
        4451  -0.0156080   -17600.00
        4452  -0.0156160   -16600.00
        4453  -0.0156240   -15000.00
        4454  -0.0156320   -12600.00
        4455  -0.0156400   -10600.00
        4456  -0.0156480    -9800.00
        4457  -0.0156560    -9800.00
        4458  -0.0156640   -10800.00
        4459  -0.0156720   -12600.00
        4460  -0.0156800   -14600.00
        4461  -0.0156880   -16200.00
        4462  -0.0156960   -17000.00
        4463  -0.0157040   -16600.00
        4464  -0.0157120   -15200.00
        4465  -0.0157200   -13400.00
        4466  -0.0157280   -11600.00
        4467  -0.0157360   -10000.00
        4468  -0.0157440    -9200.00
        4469  -0.0157520    -9400.00
        4470  -0.0157600   -10800.00
        4471  -0.0157680   -12200.00
        4472  -0.0157760   -13400.00
        4473  -0.0157840   -14600.00
        4474  -0.0157920   -14800.00
        4475  -0.0158000   -14000.00
        4476  -0.0158080   -12400.00
        4477  -0.0158160   -10600.00
        4478  -0.0158240    -8800.00
        4479  -0.0158320    -7600.00
        4480  -0.0158400    -7200.00
        4481  -0.0158480    -7600.00
        4482  -0.0158560    -8600.00
        4483  -0.0158640    -9800.00
        4484  -0.0158720   -10800.00
        4485  -0.0158800   -11200.00
        4486  -0.0158880   -10800.00
        4487  -0.0158960    -9600.00
        4488  -0.0159040    -8200.00
        4489  -0.0159120    -6200.00
        4490  -0.0159200    -4600.00
        4491  -0.0159280    -3600.00
        4492  -0.0159360    -2600.00
        4493  -0.0159440    -1000.00
        4494  -0.0159520     1800.00
        4495  -0.0159600     5200.00
        4496  -0.0159680     8400.00
        4497  -0.0159760    11600.00
        4498  -0.0159840    13800.00
        4499  -0.0159920    14200.00
        4500  -0.0160000    13000.00
        4501  -0.0160080    10800.00
        4502  -0.0160160     8400.00
        4503  -0.0160240     6000.00
        4504  -0.0160320     5200.00
        4505  -0.0160400     5800.00
        4506  -0.0160480     7600.00
        4507  -0.0160560    10000.00
        4508  -0.0160640    13000.00
        4509  -0.0160720    15000.00
        4510  -0.0160800    16400.00
        4511  -0.0160880    16000.00
        4512  -0.0160960    14600.00
        4513  -0.0161040    12600.00
        4514  -0.0161120    10600.00
        4515  -0.0161200     8600.00
        4516  -0.0161280     8400.00
        4517  -0.0161360     9000.00
        4518  -0.0161440    10800.00
        4519  -0.0161520    13200.00
        4520  -0.0161600    15400.00
        4521  -0.0161680    16800.00
        4522  -0.0161760    17000.00
        4523  -0.0161840    16400.00
        4524  -0.0161920    14800.00
        4525  -0.0162000    13000.00
        4526  -0.0162080    11000.00
        4527  -0.0162160     9800.00
        4528  -0.0162240     9800.00
        4529  -0.0162320    10600.00
        4530  -0.0162400    12200.00
        4531  -0.0162480    14000.00
        4532  -0.0162560    15800.00
        4533  -0.0162640    16400.00
        4534  -0.0162720    16400.00
        4535  -0.0162800    15400.00
        4536  -0.0162880    13600.00
        4537  -0.0162960    11800.00
        4538  -0.0163040    10000.00
        4539  -0.0163120     9200.00
        4540  -0.0163200     9400.00
        4541  -0.0163280    10200.00
        4542  -0.0163360    11600.00
        4543  -0.0163440    13000.00
        4544  -0.0163520    14000.00
        4545  -0.0163600    14200.00
        4546  -0.0163680    13800.00
        4547  -0.0163760    12400.00
        4548  -0.0163840    10600.00
        4549  -0.0163920     9000.00
        4550  -0.0164000     7600.00
        4551  -0.0164080     7400.00
        4552  -0.0164160     7400.00
        4553  -0.0164240     8200.00
        4554  -0.0164320     9200.00
        4555  -0.0164400    10000.00
        4556  -0.0164480    10600.00
        4557  -0.0164560    10600.00
        4558  -0.0164640     9400.00
        4559  -0.0164720     8200.00
        4560  -0.0164800     6600.00
        4561  -0.0164880     5200.00
        4562  -0.0164960     3800.00
        4563  -0.0165040     3000.00
        4564  -0.0165120     2000.00
        4565  -0.0165200     -400.00
        4566  -0.0165280    -3600.00
        4567  -0.0165360    -7000.00
        4568  -0.0165440   -10800.00
        4569  -0.0165520   -13400.00
        4570  -0.0165600   -14800.00
        4571  -0.0165680   -14200.00
        4572  -0.0165760   -12400.00
        4573  -0.0165840    -9800.00
        4574  -0.0165920    -7000.00
        4575  -0.0166000    -5200.00
        4576  -0.0166080    -5200.00
        4577  -0.0166160    -6600.00
        4578  -0.0166240    -9000.00
        4579  -0.0166320   -11800.00
        4580  -0.0166400   -14800.00
        4581  -0.0166480   -16400.00
        4582  -0.0166560   -16800.00
        4583  -0.0166640   -15600.00
        4584  -0.0166720   -13800.00
        4585  -0.0166800   -11400.00
        4586  -0.0166880    -9200.00
        4587  -0.0166960    -8200.00
        4588  -0.0167040    -8600.00
        4589  -0.0167120   -10000.00
        4590  -0.0167200   -12400.00
        4591  -0.0167280   -14800.00
        4592  -0.0167360   -16600.00
        4593  -0.0167440   -17800.00
        4594  -0.0167520   -17200.00
        4595  -0.0167600   -15800.00
        4596  -0.0167680   -13800.00
        4597  -0.0167760   -11800.00
        4598  -0.0167840   -10200.00
        4599  -0.0167920    -9400.00
        4600  -0.0168000   -10200.00
        4601  -0.0168080   -11600.00
        4602  -0.0168160   -13600.00
        4603  -0.0168240   -15600.00
        4604  -0.0168320   -17000.00
        4605  -0.0168400   -17000.00
        4606  -0.0168480   -16200.00
        4607  -0.0168560   -14600.00
        4608  -0.0168640   -12400.00
        4609  -0.0168720   -10600.00
        4610  -0.0168800    -9400.00
        4611  -0.0168880    -9200.00
        4612  -0.0168960   -10000.00
        4613  -0.0169040   -11200.00
        4614  -0.0169120   -13000.00
        4615  -0.0169200   -14200.00
        4616  -0.0169280   -14800.00
        4617  -0.0169360   -14200.00
        4618  -0.0169440   -13200.00
        4619  -0.0169520   -11600.00
        4620  -0.0169600    -9400.00
        4621  -0.0169680    -8200.00
        4622  -0.0169760    -7200.00
        4623  -0.0169840    -7200.00
        4624  -0.0169920    -8200.00
        4625  -0.0170000    -9200.00
        4626  -0.0170080   -10200.00
        4627  -0.0170160   -11000.00
        4628  -0.0170240   -10800.00
        4629  -0.0170320   -10200.00
        4630  -0.0170400    -8800.00
        4631  -0.0170480    -7000.00
        4632  -0.0170560    -5200.00
        4633  -0.0170640    -4200.00
        4634  -0.0170720    -2800.00
        4635  -0.0170800    -1800.00
        4636  -0.0170880      600.00
        4637  -0.0170960     3400.00
        4638  -0.0171040     6800.00
        4639  -0.0171120    10200.00
        4640  -0.0171200    13000.00
        4641  -0.0171280    14200.00
        4642  -0.0171360    13800.00
        4643  -0.0171440    12200.00
        4644  -0.0171520     9800.00
        4645  -0.0171600     7400.00
        4646  -0.0171680     5400.00
        4647  -0.0171760     5400.00
        4648  -0.0171840     6600.00
        4649  -0.0171920     8800.00
        4650  -0.0172000    11600.00
        4651  -0.0172080    14200.00
        4652  -0.0172160    15600.00
        4653  -0.0172240    16400.00
        4654  -0.0172320    15400.00
        4655  -0.0172400    13800.00
        4656  -0.0172480    11400.00
        4657  -0.0172560     9400.00
        4658  -0.0172640     8600.00
        4659  -0.0172720     8600.00
        4660  -0.0172800    10000.00
        4661  -0.0172880    12000.00
        4662  -0.0172960    14200.00
        4663  -0.0173040    16200.00
        4664  -0.0173120    17200.00
        4665  -0.0173200    17000.00
        4666  -0.0173280    15600.00
        4667  -0.0173360    14000.00
        4668  -0.0173440    11800.00
        4669  -0.0173520    10200.00
        4670  -0.0173600     9800.00
        4671  -0.0173680    10000.00
        4672  -0.0173760    11200.00
        4673  -0.0173840    13200.00
        4674  -0.0173920    14800.00
        4675  -0.0174000    16200.00
        4676  -0.0174080    16400.00
        4677  -0.0174160    15800.00
        4678  -0.0174240    14600.00
        4679  -0.0174320    12600.00
        4680  -0.0174400    10600.00
        4681  -0.0174480     9600.00
        4682  -0.0174560     9200.00
        4683  -0.0174640     9800.00
        4684  -0.0174720    10800.00
        4685  -0.0174800    12400.00
        4686  -0.0174880    13800.00
        4687  -0.0174960    14200.00
        4688  -0.0175040    14000.00
        4689  -0.0175120    13000.00
        4690  -0.0175200    11600.00
        4691  -0.0175280     9800.00
        4692  -0.0175360     8400.00
        4693  -0.0175440     7400.00
        4694  -0.0175520     7200.00
        4695  -0.0175600     7600.00
        4696  -0.0175680     8800.00
        4697  -0.0175760     9800.00
        4698  -0.0175840    10600.00
        4699  -0.0175920    10800.00
        4700  -0.0176000    10000.00
        4701  -0.0176080     9000.00
        4702  -0.0176160     7400.00
        4703  -0.0176240     5800.00
        4704  -0.0176320     4400.00
        4705  -0.0176400     3600.00
        4706  -0.0176480     2800.00
        4707  -0.0176560     1000.00
        4708  -0.0176640    -1800.00
        4709  -0.0176720    -5200.00
        4710  -0.0176800    -9000.00
        4711  -0.0176880   -12400.00
        4712  -0.0176960   -14400.00
        4713  -0.0177040   -14800.00
        4714  -0.0177120   -13400.00
        4715  -0.0177200   -11000.00
        4716  -0.0177280    -8600.00
        4717  -0.0177360    -6200.00
        4718  -0.0177440    -4800.00
        4719  -0.0177520    -5800.00
        4720  -0.0177600    -7600.00
        4721  -0.0177680   -10200.00
        4722  -0.0177760   -13400.00
        4723  -0.0177840   -15800.00
        4724  -0.0177920   -17000.00
        4725  -0.0178000   -16600.00
        4726  -0.0178080   -15000.00
        4727  -0.0178160   -12600.00
        4728  -0.0178240   -10200.00
        4729  -0.0178320    -8600.00
        4730  -0.0178400    -8400.00
        4731  -0.0178480    -9200.00
        4732  -0.0178560   -11200.00
        4733  -0.0178640   -13400.00
        4734  -0.0178720   -15800.00
        4735  -0.0178800   -17400.00
        4736  -0.0178880   -17800.00
        4737  -0.0178960   -16600.00
        4738  -0.0179040   -15000.00
        4739  -0.0179120   -12800.00
        4740  -0.0179200   -10800.00
        4741  -0.0179280    -9800.00
        4742  -0.0179360    -9800.00
        4743  -0.0179440   -10800.00
        4744  -0.0179520   -12600.00
        4745  -0.0179600   -14600.00
        4746  -0.0179680   -16400.00
        4747  -0.0179760   -17200.00
        4748  -0.0179840   -16600.00
        4749  -0.0179920   -15600.00
        4750  -0.0180000   -13400.00
        4751  -0.0180080   -11600.00
        4752  -0.0180160   -10000.00
        4753  -0.0180240    -9200.00
        4754  -0.0180320    -9600.00
        4755  -0.0180400   -10600.00
        4756  -0.0180480   -12200.00
        4757  -0.0180560   -13800.00
        4758  -0.0180640   -14600.00
        4759  -0.0180720   -14800.00
        4760  -0.0180800   -13800.00
        4761  -0.0180880   -12400.00
        4762  -0.0180960   -10400.00
        4763  -0.0181040    -8600.00
        4764  -0.0181120    -7600.00
        4765  -0.0181200    -7000.00
        4766  -0.0181280    -7600.00
        4767  -0.0181360    -8400.00
        4768  -0.0181440    -9800.00
        4769  -0.0181520   -10800.00
        4770  -0.0181600   -11000.00
        4771  -0.0181680   -10800.00
        4772  -0.0181760    -9400.00
        4773  -0.0181840    -7800.00
        4774  -0.0181920    -6200.00
        4775  -0.0182000    -4600.00
        4776  -0.0182080    -3600.00
        4777  -0.0182160    -2600.00
        4778  -0.0182240     -600.00
        4779  -0.0182320     1800.00
        4780  -0.0182400     5200.00
        4781  -0.0182480     8400.00
        4782  -0.0182560    11600.00
        4783  -0.0182640    13800.00
        4784  -0.0182720    14200.00
        4785  -0.0182800    13000.00
        4786  -0.0182880    10800.00
        4787  -0.0182960     8400.00
        4788  -0.0183040     6400.00
        4789  -0.0183120     5200.00
        4790  -0.0183200     5800.00
        4791  -0.0183280     7600.00
        4792  -0.0183360    10000.00
        4793  -0.0183440    12600.00
        4794  -0.0183520    15000.00
        4795  -0.0183600    16400.00
        4796  -0.0183680    15800.00
        4797  -0.0183760    14600.00
        4798  -0.0183840    12400.00
        4799  -0.0183920    10600.00
        4800  -0.0184000     8800.00
        4801  -0.0184080     8400.00
        4802  -0.0184160     9000.00
        4803  -0.0184240    10800.00
        4804  -0.0184320    13000.00
        4805  -0.0184400    15400.00
        4806  -0.0184480    16600.00
        4807  -0.0184560    17200.00
        4808  -0.0184640    16400.00
        4809  -0.0184720    15000.00
        4810  -0.0184800    13000.00
        4811  -0.0184880    11000.00
        4812  -0.0184960     9800.00
        4813  -0.0185040     9800.00
        4814  -0.0185120    10600.00
        4815  -0.0185200    12200.00
        4816  -0.0185280    14000.00
        4817  -0.0185360    15600.00
        4818  -0.0185440    16400.00
        4819  -0.0185520    16400.00
        4820  -0.0185600    15200.00
        4821  -0.0185680    13400.00
        4822  -0.0185760    11600.00
        4823  -0.0185840    10000.00
        4824  -0.0185920     9400.00
        4825  -0.0186000     9400.00
        4826  -0.0186080    10200.00
        4827  -0.0186160    11600.00
        4828  -0.0186240    13000.00
        4829  -0.0186320    14000.00
        4830  -0.0186400    14200.00
        4831  -0.0186480    13600.00
        4832  -0.0186560    12600.00
        4833  -0.0186640    10800.00
        4834  -0.0186720     9000.00
        4835  -0.0186800     7800.00
        4836  -0.0186880     7400.00
        4837  -0.0186960     7400.00
        4838  -0.0187040     8200.00
        4839  -0.0187120     9400.00
        4840  -0.0187200    10200.00
        4841  -0.0187280    10800.00
        4842  -0.0187360    10600.00
        4843  -0.0187440     9600.00
        4844  -0.0187520     8200.00
        4845  -0.0187600     6600.00
        4846  -0.0187680     5200.00
        4847  -0.0187760     4200.00
        4848  -0.0187840     3200.00
        4849  -0.0187920     2000.00
        4850  -0.0188000     -200.00
        4851  -0.0188080    -3600.00
        4852  -0.0188160    -7000.00
        4853  -0.0188240   -10600.00
        4854  -0.0188320   -13400.00
        4855  -0.0188400   -14800.00
        4856  -0.0188480   -14200.00
        4857  -0.0188560   -12400.00
        4858  -0.0188640    -9800.00
        4859  -0.0188720    -7200.00
        4860  -0.0188800    -5400.00
        4861  -0.0188880    -5200.00
        4862  -0.0188960    -6600.00
        4863  -0.0189040    -9000.00
        4864  -0.0189120   -11800.00
        4865  -0.0189200   -14800.00
        4866  -0.0189280   -16400.00
        4867  -0.0189360   -17000.00
        4868  -0.0189440   -15800.00
        4869  -0.0189520   -13800.00
        4870  -0.0189600   -11600.00
        4871  -0.0189680    -9200.00
        4872  -0.0189760    -8400.00
        4873  -0.0189840    -8600.00
        4874  -0.0189920   -10000.00
        4875  -0.0190000   -12200.00
        4876  -0.0190080   -15000.00
        4877  -0.0190160   -16800.00
        4878  -0.0190240   -17800.00
        4879  -0.0190320   -17400.00
        4880  -0.0190400   -15800.00
        4881  -0.0190480   -14000.00
        4882  -0.0190560   -11600.00
        4883  -0.0190640   -10200.00
        4884  -0.0190720    -9400.00
        4885  -0.0190800   -10200.00
        4886  -0.0190880   -11600.00
        4887  -0.0190960   -13400.00
        4888  -0.0191040   -15600.00
        4889  -0.0191120   -16600.00
        4890  -0.0191200   -16800.00
        4891  -0.0191280   -16200.00
        4892  -0.0191360   -14200.00
        4893  -0.0191440   -12400.00
        4894  -0.0191520   -10600.00
        4895  -0.0191600    -9400.00
        4896  -0.0191680    -9400.00
        4897  -0.0191760    -9800.00
        4898  -0.0191840   -11200.00
        4899  -0.0191920   -12600.00
        4900  -0.0192000   -14200.00
        4901  -0.0192080   -14600.00
        4902  -0.0192160   -14600.00
        4903  -0.0192240   -13200.00
        4904  -0.0192320   -11400.00
        4905  -0.0192400    -9400.00
        4906  -0.0192480    -7800.00
        4907  -0.0192560    -7200.00
        4908  -0.0192640    -7000.00
        4909  -0.0192720    -7800.00
        4910  -0.0192800    -9200.00
        4911  -0.0192880   -10200.00
        4912  -0.0192960   -11000.00
        4913  -0.0193040   -11000.00
        4914  -0.0193120   -10200.00
        4915  -0.0193200    -9000.00
        4916  -0.0193280    -7000.00
        4917  -0.0193360    -5200.00
        4918  -0.0193440    -3800.00
        4919  -0.0193520    -3000.00
        4920  -0.0193600    -1800.00
        4921  -0.0193680      400.00
        4922  -0.0193760     3400.00
        4923  -0.0193840     6800.00
        4924  -0.0193920    10000.00
        4925  -0.0194000    12800.00
        4926  -0.0194080    14000.00
        4927  -0.0194160    13600.00
        4928  -0.0194240    12000.00
        4929  -0.0194320     9800.00
        4930  -0.0194400     7400.00
        4931  -0.0194480     5400.00
        4932  -0.0194560     5200.00
        4933  -0.0194640     6600.00
        4934  -0.0194720     8600.00
        4935  -0.0194800    11400.00
        4936  -0.0194880    13800.00
        4937  -0.0194960    15800.00
        4938  -0.0195040    16400.00
        4939  -0.0195120    15400.00
        4940  -0.0195200    13800.00
        4941  -0.0195280    11600.00
        4942  -0.0195360     9400.00
        4943  -0.0195440     8400.00
        4944  -0.0195520     8400.00
        4945  -0.0195600    10000.00
        4946  -0.0195680    11800.00
        4947  -0.0195760    14200.00
        4948  -0.0195840    16200.00
        4949  -0.0195920    17000.00
        4950  -0.0196000    17000.00
        4951  -0.0196080    15600.00
        4952  -0.0196160    14000.00
        4953  -0.0196240    12000.00
        4954  -0.0196320    10200.00
        4955  -0.0196400     9800.00
        4956  -0.0196480    10000.00
        4957  -0.0196560    11400.00
        4958  -0.0196640    13200.00
        4959  -0.0196720    14800.00
        4960  -0.0196800    16200.00
        4961  -0.0196880    16400.00
        4962  -0.0196960    15800.00
        4963  -0.0197040    14600.00
        4964  -0.0197120    12600.00
        4965  -0.0197200    10800.00
        4966  -0.0197280     9800.00
        4967  -0.0197360     9200.00
        4968  -0.0197440     9800.00
        4969  -0.0197520    10800.00
        4970  -0.0197600    12400.00
        4971  -0.0197680    13800.00
        4972  -0.0197760    14400.00
        4973  -0.0197840    14200.00
        4974  -0.0197920    13200.00
        4975  -0.0198000    11600.00
        4976  -0.0198080     9800.00
        4977  -0.0198160     8400.00
        4978  -0.0198240     7400.00
        4979  -0.0198320     7400.00
        4980  -0.0198400     7600.00
        4981  -0.0198480     8600.00
        4982  -0.0198560     9800.00
        4983  -0.0198640    10600.00
        4984  -0.0198720    10600.00
        4985  -0.0198800    10200.00
        4986  -0.0198880     9000.00
        4987  -0.0198960     7400.00
        4988  -0.0199040     5800.00
        4989  -0.0199120     4400.00
        4990  -0.0199200     3600.00
        4991  -0.0199280     2800.00
        4992  -0.0199360     1000.00
        4993  -0.0199440    -1800.00
        4994  -0.0199520    -5200.00
        4995  -0.0199600    -8800.00
        4996  -0.0199680   -12200.00
        4997  -0.0199760   -14400.00
        4998  -0.0199840   -14800.00
        4999  -0.0199920   -13600.00
