           #    Time(ms)     CH1(mV)
           0   0.0200000    22800.00
           1   0.0199920    18400.00
           2   0.0199840    13600.00
           3   0.0199760    10400.00
           4   0.0199680     7600.00
           5   0.0199600     8400.00
           6   0.0199520    10400.00
           7   0.0199440    13600.00
           8   0.0199360    16400.00
           9   0.0199280    18400.00
          10   0.0199200    18800.00
          11   0.0199120    16400.00
          12   0.0199040    13200.00
          13   0.0198960     8800.00
          14   0.0198880     5200.00
          15   0.0198800     2000.00
          16   0.0198720      800.00
          17   0.0198640     1600.00
          18   0.0198560     3600.00
          19   0.0198480     5600.00
          20   0.0198400     7600.00
          21   0.0198320     5200.00
          22   0.0198240    -7200.00
          23   0.0198160   -16800.00
          24   0.0198080   -22800.00
          25   0.0198000   -26800.00
          26   0.0197920   -27600.00
          27   0.0197840   -26800.00
          28   0.0197760   -14400.00
          29   0.0197680   -10000.00
          30   0.0197600    -4000.00
          31   0.0197520    -3600.00
          32   0.0197440    -2400.00
          33   0.0197360   -10000.00
          34   0.0197280   -17200.00
          35   0.0197200   -26000.00
          36   0.0197120   -29600.00
          37   0.0197040   -33200.00
          38   0.0196960   -32400.00
          39   0.0196880   -26800.00
          40   0.0196800   -19600.00
          41   0.0196720   -14800.00
          42   0.0196640   -10800.00
          43   0.0196560   -10000.00
          44   0.0196480   -12000.00
          45   0.0196400   -19600.00
          46   0.0196320   -25200.00
          47   0.0196240   -31200.00
          48   0.0196160   -34800.00
          49   0.0196080   -36000.00
          50   0.0196000   -32800.00
          51   0.0195920   -27600.00
          52   0.0195840   -22000.00
          53   0.0195760   -17200.00
          54   0.0195680   -14800.00
          55   0.0195600   -15200.00
          56   0.0195520   -19600.00
          57   0.0195440   -24400.00
          58   0.0195360   -29600.00
          59   0.0195280   -34000.00
          60   0.0195200   -36000.00
          61   0.0195120   -34800.00
          62   0.0195040   -31200.00
          63   0.0194960   -26400.00
          64   0.0194880   -21200.00
          65   0.0194800   -17200.00
          66   0.0194720   -16400.00
          67   0.0194640   -17200.00
          68   0.0194560   -21200.00
          69   0.0194480   -25200.00
          70   0.0194400   -29600.00
          71   0.0194320   -32400.00
          72   0.0194240   -32800.00
          73   0.0194160   -30000.00
          74   0.0194080   -26400.00
          75   0.0194000   -21600.00
          76   0.0193920   -17200.00
          77   0.0193840   -14000.00
          78   0.0193760   -14000.00
          79   0.0193680   -16400.00
          80   0.0193600   -19600.00
          81   0.0193520   -22400.00
          82   0.0193440   -25200.00
          83   0.0193360   -26800.00
          84   0.0193280   -26000.00
          85   0.0193200   -22800.00
          86   0.0193120   -18800.00
          87   0.0193040   -14800.00
          88   0.0192960   -10800.00
          89   0.0192880    -8800.00
          90   0.0192800    -9600.00
          91   0.0192720   -11200.00
          92   0.0192640   -14000.00
          93   0.0192560   -16800.00
          94   0.0192480   -18400.00
          95   0.0192400   -18400.00
          96   0.0192320   -16400.00
          97   0.0192240   -13200.00
          98   0.0192160    -9200.00
          99   0.0192080    -5600.00
         100   0.0192000    -2800.00
         101   0.0191920    -2000.00
         102   0.0191840    -2400.00
         103   0.0191760    -4400.00
         104   0.0191680    -6800.00
         105   0.0191600    -8400.00
         106   0.0191520    -8400.00
         107   0.0191440    -2000.00
         108   0.0191360    10400.00
         109   0.0191280    22000.00
         110   0.0191200    24400.00
         111   0.0191120    30000.00
         112   0.0191040    27600.00
         113   0.0190960    24400.00
         114   0.0190880    11600.00
         115   0.0190800     7600.00
         116   0.0190720      400.00
         117   0.0190640     2800.00
         118   0.0190560     2000.00
         119   0.0190480    13200.00
         120   0.0190400    20400.00
         121   0.0190320    29200.00
         122   0.0190240    32400.00
         123   0.0190160    34800.00
         124   0.0190080    31200.00
         125   0.0190000    26000.00
         126   0.0189920    16800.00
         127   0.0189840    13200.00
         128   0.0189760     8800.00
         129   0.0189680    10000.00
         130   0.0189600    13200.00
         131   0.0189520    21600.00
         132   0.0189440    27600.00
         133   0.0189360    34000.00
         134   0.0189280    36000.00
         135   0.0189200    36400.00
         136   0.0189120    31600.00
         137   0.0189040    26000.00
         138   0.0188960    20000.00
         139   0.0188880    16000.00
         140   0.0188800    13600.00
         141   0.0188720    15200.00
         142   0.0188640    19600.00
         143   0.0188560    26000.00
         144   0.0188480    30800.00
         145   0.0188400    35600.00
         146   0.0188320    36400.00
         147   0.0188240    34800.00
         148   0.0188160    30000.00
         149   0.0188080    24400.00
         150   0.0188000    19600.00
         151   0.0187920    16000.00
         152   0.0187840    15200.00
         153   0.0187760    17200.00
         154   0.0187680    21200.00
         155   0.0187600    26400.00
         156   0.0187520    30800.00
         157   0.0187440    32800.00
         158   0.0187360    32800.00
         159   0.0187280    30000.00
         160   0.0187200    25200.00
         161   0.0187120    20000.00
         162   0.0187040    16400.00
         163   0.0186960    13600.00
         164   0.0186880    13600.00
         165   0.0186800    16400.00
         166   0.0186720    19600.00
         167   0.0186640    23200.00
         168   0.0186560    26400.00
         169   0.0186480    27600.00
         170   0.0186400    26000.00
         171   0.0186320    22400.00
         172   0.0186240    18000.00
         173   0.0186160    13200.00
         174   0.0186080    10000.00
         175   0.0186000     8400.00
         176   0.0185920     8800.00
         177   0.0185840    10800.00
         178   0.0185760    14000.00
         179   0.0185680    16800.00
         180   0.0185600    18400.00
         181   0.0185520    18400.00
         182   0.0185440    16400.00
         183   0.0185360    12400.00
         184   0.0185280     7600.00
         185   0.0185200     4000.00
         186   0.0185120     1600.00
         187   0.0185040      800.00
         188   0.0184960     1600.00
         189   0.0184880     4000.00
         190   0.0184800     6000.00
         191   0.0184720     7600.00
         192   0.0184640     3600.00
         193   0.0184560    -8800.00
         194   0.0184480   -18800.00
         195   0.0184400   -22000.00
         196   0.0184320   -29200.00
         197   0.0184240   -26400.00
         198   0.0184160   -26000.00
         199   0.0184080   -12400.00
         200   0.0184000   -10000.00
         201   0.0183920    -3600.00
         202   0.0183840    -3600.00
         203   0.0183760    -2400.00
         204   0.0183680   -12400.00
         205   0.0183600   -18400.00
         206   0.0183520   -27600.00
         207   0.0183440   -30000.00
         208   0.0183360   -34400.00
         209   0.0183280   -31600.00
         210   0.0183200   -26000.00
         211   0.0183120   -18800.00
         212   0.0183040   -14800.00
         213   0.0182960   -10400.00
         214   0.0182880   -10400.00
         215   0.0182800   -13600.00
         216   0.0182720   -20400.00
         217   0.0182640   -26400.00
         218   0.0182560   -32800.00
         219   0.0182480   -34800.00
         220   0.0182400   -36000.00
         221   0.0182320   -31600.00
         222   0.0182240   -26800.00
         223   0.0182160   -21200.00
         224   0.0182080   -17200.00
         225   0.0182000   -14800.00
         226   0.0181920   -15600.00
         227   0.0181840   -20000.00
         228   0.0181760   -25200.00
         229   0.0181680   -30000.00
         230   0.0181600   -34400.00
         231   0.0181520   -36000.00
         232   0.0181440   -34400.00
         233   0.0181360   -30000.00
         234   0.0181280   -25200.00
         235   0.0181200   -20400.00
         236   0.0181120   -17200.00
         237   0.0181040   -15600.00
         238   0.0180960   -18000.00
         239   0.0180880   -21600.00
         240   0.0180800   -26000.00
         241   0.0180720   -30000.00
         242   0.0180640   -32400.00
         243   0.0180560   -32400.00
         244   0.0180480   -29600.00
         245   0.0180400   -25200.00
         246   0.0180320   -20800.00
         247   0.0180240   -17200.00
         248   0.0180160   -14000.00
         249   0.0180080   -14400.00
         250   0.0180000   -16800.00
         251   0.0179920   -20000.00
         252   0.0179840   -23600.00
         253   0.0179760   -26400.00
         254   0.0179680   -26800.00
         255   0.0179600   -25600.00
         256   0.0179520   -22000.00
         257   0.0179440   -18400.00
         258   0.0179360   -14000.00
         259   0.0179280   -10800.00
         260   0.0179200    -9200.00
         261   0.0179120   -10000.00
         262   0.0179040   -11600.00
         263   0.0178960   -14800.00
         264   0.0178880   -17200.00
         265   0.0178800   -18400.00
         266   0.0178720   -18800.00
         267   0.0178640   -16400.00
         268   0.0178560   -12800.00
         269   0.0178480    -8800.00
         270   0.0178400    -5600.00
         271   0.0178320    -2800.00
         272   0.0178240    -2400.00
         273   0.0178160    -3200.00
         274   0.0178080    -5200.00
         275   0.0178000    -7200.00
         276   0.0177920    -8400.00
         277   0.0177840    -8000.00
         278   0.0177760      400.00
         279   0.0177680    12000.00
         280   0.0177600    23200.00
         281   0.0177520    25200.00
         282   0.0177440    30000.00
         283   0.0177360    27600.00
         284   0.0177280    22000.00
         285   0.0177200    10400.00
         286   0.0177120     6800.00
         287   0.0177040      400.00
         288   0.0176960     2800.00
         289   0.0176880     2800.00
         290   0.0176800    14800.00
         291   0.0176720    22000.00
         292   0.0176640    30000.00
         293   0.0176560    32800.00
         294   0.0176480    34800.00
         295   0.0176400    30400.00
         296   0.0176320    24400.00
         297   0.0176240    16400.00
         298   0.0176160    12000.00
         299   0.0176080     8800.00
         300   0.0176000    10400.00
         301   0.0175920    14000.00
         302   0.0175840    23200.00
         303   0.0175760    28400.00
         304   0.0175680    34800.00
         305   0.0175600    36400.00
         306   0.0175520    36400.00
         307   0.0175440    30800.00
         308   0.0175360    25200.00
         309   0.0175280    18800.00
         310   0.0175200    15200.00
         311   0.0175120    13600.00
         312   0.0175040    15600.00
         313   0.0174960    20400.00
         314   0.0174880    27200.00
         315   0.0174800    32000.00
         316   0.0174720    36000.00
         317   0.0174640    36000.00
         318   0.0174560    34400.00
         319   0.0174480    29200.00
         320   0.0174400    23600.00
         321   0.0174320    18800.00
         322   0.0174240    15600.00
         323   0.0174160    15200.00
         324   0.0174080    18000.00
         325   0.0174000    22000.00
         326   0.0173920    27600.00
         327   0.0173840    30800.00
         328   0.0173760    33200.00
         329   0.0173680    32400.00
         330   0.0173600    29200.00
         331   0.0173520    24400.00
         332   0.0173440    19600.00
         333   0.0173360    15200.00
         334   0.0173280    13600.00
         335   0.0173200    13600.00
         336   0.0173120    16400.00
         337   0.0173040    20000.00
         338   0.0172960    24400.00
         339   0.0172880    26400.00
         340   0.0172800    26800.00
         341   0.0172720    25200.00
         342   0.0172640    21600.00
         343   0.0172560    17200.00
         344   0.0172480    13200.00
         345   0.0172400     9200.00
         346   0.0172320     8400.00
         347   0.0172240     9200.00
         348   0.0172160    11600.00
         349   0.0172080    14800.00
         350   0.0172000    17200.00
         351   0.0171920    18400.00
         352   0.0171840    18400.00
         353   0.0171760    16400.00
         354   0.0171680    12000.00
         355   0.0171600     7600.00
         356   0.0171520     4000.00
         357   0.0171440     2000.00
         358   0.0171360     1200.00
         359   0.0171280     2400.00
         360   0.0171200     4800.00
         361   0.0171120     6800.00
         362   0.0171040     8400.00
         363   0.0170960     2000.00
         364   0.0170880   -10000.00
         365   0.0170800   -20400.00
         366   0.0170720   -22000.00
         367   0.0170640   -29600.00
         368   0.0170560   -26000.00
         369   0.0170480   -24400.00
         370   0.0170400   -11600.00
         371   0.0170320    -8800.00
         372   0.0170240    -2400.00
         373   0.0170160    -4000.00
         374   0.0170080    -2400.00
         375   0.0170000   -14000.00
         376   0.0169920   -19200.00
         377   0.0169840   -28400.00
         378   0.0169760   -30400.00
         379   0.0169680   -34400.00
         380   0.0169600   -30800.00
         381   0.0169520   -24800.00
         382   0.0169440   -17200.00
         383   0.0169360   -14000.00
         384   0.0169280   -10000.00
         385   0.0169200   -10800.00
         386   0.0169120   -14400.00
         387   0.0169040   -21600.00
         388   0.0168960   -27200.00
         389   0.0168880   -33200.00
         390   0.0168800   -35600.00
         391   0.0168720   -36000.00
         392   0.0168640   -31200.00
         393   0.0168560   -26000.00
         394   0.0168480   -20400.00
         395   0.0168400   -17200.00
         396   0.0168320   -14400.00
         397   0.0168240   -16800.00
         398   0.0168160   -20400.00
         399   0.0168080   -26400.00
         400   0.0168000   -31200.00
         401   0.0167920   -34800.00
         402   0.0167840   -36000.00
         403   0.0167760   -34000.00
         404   0.0167680   -29600.00
         405   0.0167600   -24800.00
         406   0.0167520   -20000.00
         407   0.0167440   -16800.00
         408   0.0167360   -16000.00
         409   0.0167280   -18400.00
         410   0.0167200   -22400.00
         411   0.0167120   -26800.00
         412   0.0167040   -30800.00
         413   0.0166960   -32800.00
         414   0.0166880   -32000.00
         415   0.0166800   -29200.00
         416   0.0166720   -24800.00
         417   0.0166640   -20400.00
         418   0.0166560   -16400.00
         419   0.0166480   -14000.00
         420   0.0166400   -14400.00
         421   0.0166320   -17200.00
         422   0.0166240   -20400.00
         423   0.0166160   -23600.00
         424   0.0166080   -26400.00
         425   0.0166000   -26800.00
         426   0.0165920   -25200.00
         427   0.0165840   -22000.00
         428   0.0165760   -17200.00
         429   0.0165680   -13600.00
         430   0.0165600   -10400.00
         431   0.0165520    -9200.00
         432   0.0165440   -10000.00
         433   0.0165360   -12000.00
         434   0.0165280   -15200.00
         435   0.0165200   -18000.00
         436   0.0165120   -18800.00
         437   0.0165040   -18400.00
         438   0.0164960   -15600.00
         439   0.0164880   -12000.00
         440   0.0164800    -8400.00
         441   0.0164720    -5200.00
         442   0.0164640    -2800.00
         443   0.0164560    -2400.00
         444   0.0164480    -3200.00
         445   0.0164400    -5600.00
         446   0.0164320    -7600.00
         447   0.0164240    -8800.00
         448   0.0164160    -8400.00
         449   0.0164080     2000.00
         450   0.0164000    13600.00
         451   0.0163920    23200.00
         452   0.0163840    26000.00
         453   0.0163760    30000.00
         454   0.0163680    26800.00
         455   0.0163600    20400.00
         456   0.0163520     8800.00
         457   0.0163440     5600.00
         458   0.0163360      400.00
         459   0.0163280     2400.00
         460   0.0163200     4400.00
         461   0.0163120    15600.00
         462   0.0163040    23200.00
         463   0.0162960    30400.00
         464   0.0162880    32800.00
         465   0.0162800    34400.00
         466   0.0162720    29600.00
         467   0.0162640    22000.00
         468   0.0162560    15200.00
         469   0.0162480    10800.00
         470   0.0162400     8400.00
         471   0.0162320    10400.00
         472   0.0162240    15600.00
         473   0.0162160    23600.00
         474   0.0162080    29600.00
         475   0.0162000    35600.00
         476   0.0161920    36400.00
         477   0.0161840    36000.00
         478   0.0161760    29600.00
         479   0.0161680    24000.00
         480   0.0161600    18400.00
         481   0.0161520    14800.00
         482   0.0161440    13600.00
         483   0.0161360    16400.00
         484   0.0161280    21600.00
         485   0.0161200    28000.00
         486   0.0161120    32800.00
         487   0.0161040    36000.00
         488   0.0160960    36400.00
         489   0.0160880    33600.00
         490   0.0160800    28000.00
         491   0.0160720    23200.00
         492   0.0160640    18400.00
         493   0.0160560    15600.00
         494   0.0160480    15200.00
         495   0.0160400    18800.00
         496   0.0160320    23200.00
         497   0.0160240    28000.00
         498   0.0160160    31600.00
         499   0.0160080    33200.00
         500   0.0160000    32400.00
         501   0.0159920    28400.00
         502   0.0159840    23600.00
         503   0.0159760    18800.00
         504   0.0159680    15200.00
         505   0.0159600    13200.00
         506   0.0159520    14000.00
         507   0.0159440    16800.00
         508   0.0159360    20400.00
         509   0.0159280    24400.00
         510   0.0159200    26400.00
         511   0.0159120    26800.00
         512   0.0159040    24800.00
         513   0.0158960    21200.00
         514   0.0158880    16400.00
         515   0.0158800    12000.00
         516   0.0158720     8800.00
         517   0.0158640     8400.00
         518   0.0158560     9200.00
         519   0.0158480    12000.00
         520   0.0158400    15200.00
         521   0.0158320    18000.00
         522   0.0158240    18800.00
         523   0.0158160    18000.00
         524   0.0158080    15200.00
         525   0.0158000    11600.00
         526   0.0157920     7200.00
         527   0.0157840     3600.00
         528   0.0157760     1200.00
         529   0.0157680      800.00
         530   0.0157600     2400.00
         531   0.0157520     4800.00
         532   0.0157440     6800.00
         533   0.0157360     7600.00
         534   0.0157280      400.00
         535   0.0157200   -11200.00
         536   0.0157120   -21600.00
         537   0.0157040   -22000.00
         538   0.0156960   -30000.00
         539   0.0156880   -26000.00
         540   0.0156800   -22000.00
         541   0.0156720   -10800.00
         542   0.0156640    -7600.00
         543   0.0156560    -2400.00
         544   0.0156480    -3600.00
         545   0.0156400    -3600.00
         546   0.0156320   -15200.00
         547   0.0156240   -20400.00
         548   0.0156160   -29200.00
         549   0.0156080   -31200.00
         550   0.0156000   -34400.00
         551   0.0155920   -29200.00
         552   0.0155840   -23600.00
         553   0.0155760   -16400.00
         554   0.0155680   -13200.00
         555   0.0155600    -9200.00
         556   0.0155520   -10800.00
         557   0.0155440   -15200.00
         558   0.0155360   -22400.00
         559   0.0155280   -28000.00
         560   0.0155200   -33200.00
         561   0.0155120   -35600.00
         562   0.0155040   -35600.00
         563   0.0154960   -30000.00
         564   0.0154880   -25200.00
         565   0.0154800   -19200.00
         566   0.0154720   -16400.00
         567   0.0154640   -14000.00
         568   0.0154560   -16800.00
         569   0.0154480   -21600.00
         570   0.0154400   -26800.00
         571   0.0154320   -31600.00
         572   0.0154240   -34800.00
         573   0.0154160   -35600.00
         574   0.0154080   -33200.00
         575   0.0154000   -28400.00
         576   0.0153920   -23600.00
         577   0.0153840   -19600.00
         578   0.0153760   -16400.00
         579   0.0153680   -16800.00
         580   0.0153600   -19600.00
         581   0.0153520   -23200.00
         582   0.0153440   -27600.00
         583   0.0153360   -30800.00
         584   0.0153280   -32800.00
         585   0.0153200   -32400.00
         586   0.0153120   -28400.00
         587   0.0153040   -24400.00
         588   0.0152960   -19600.00
         589   0.0152880   -15600.00
         590   0.0152800   -14000.00
         591   0.0152720   -15200.00
         592   0.0152640   -17600.00
         593   0.0152560   -21600.00
         594   0.0152480   -24400.00
         595   0.0152400   -26800.00
         596   0.0152320   -26800.00
         597   0.0152240   -24800.00
         598   0.0152160   -21200.00
         599   0.0152080   -17200.00
         600   0.0152000   -12400.00
         601   0.0151920   -10400.00
         602   0.0151840    -9200.00
         603   0.0151760   -10400.00
         604   0.0151680   -12400.00
         605   0.0151600   -15600.00
         606   0.0151520   -18000.00
         607   0.0151440   -18800.00
         608   0.0151360   -18000.00
         609   0.0151280   -15200.00
         610   0.0151200   -12000.00
         611   0.0151120    -7600.00
         612   0.0151040    -4400.00
         613   0.0150960    -2400.00
         614   0.0150880    -2400.00
         615   0.0150800    -3600.00
         616   0.0150720    -5600.00
         617   0.0150640    -7600.00
         618   0.0150560    -8800.00
         619   0.0150480    -6800.00
         620   0.0150400     4400.00
         621   0.0150320    15600.00
         622   0.0150240    24000.00
         623   0.0150160    27600.00
         624   0.0150080    29200.00
         625   0.0150000    26800.00
         626   0.0149920    18000.00
         627   0.0149840     8400.00
         628   0.0149760     4400.00
         629   0.0149680      800.00
         630   0.0149600     2000.00
         631   0.0149520     6800.00
         632   0.0149440    16800.00
         633   0.0149360    24800.00
         634   0.0149280    30800.00
         635   0.0149200    34000.00
         636   0.0149120    34000.00
         637   0.0149040    28400.00
         638   0.0148960    20400.00
         639   0.0148880    14800.00
         640   0.0148800    10000.00
         641   0.0148720     8800.00
         642   0.0148640    10400.00
         643   0.0148560    16800.00
         644   0.0148480    24400.00
         645   0.0148400    30800.00
         646   0.0148320    35200.00
         647   0.0148240    36400.00
         648   0.0148160    34800.00
         649   0.0148080    28400.00
         650   0.0148000    22800.00
         651   0.0147920    17200.00
         652   0.0147840    14000.00
         653   0.0147760    14000.00
         654   0.0147680    16800.00
         655   0.0147600    22800.00
         656   0.0147520    28400.00
         657   0.0147440    33200.00
         658   0.0147360    36000.00
         659   0.0147280    36000.00
         660   0.0147200    32800.00
         661   0.0147120    26800.00
         662   0.0147040    21600.00
         663   0.0146960    17200.00
         664   0.0146880    15200.00
         665   0.0146800    15600.00
         666   0.0146720    19600.00
         667   0.0146640    23600.00
         668   0.0146560    29200.00
         669   0.0146480    32000.00
         670   0.0146400    33200.00
         671   0.0146320    31600.00
         672   0.0146240    27600.00
         673   0.0146160    22800.00
         674   0.0146080    18000.00
         675   0.0146000    14000.00
         676   0.0145920    13200.00
         677   0.0145840    14400.00
         678   0.0145760    17600.00
         679   0.0145680    21600.00
         680   0.0145600    24800.00
         681   0.0145520    26800.00
         682   0.0145440    26800.00
         683   0.0145360    24400.00
         684   0.0145280    20000.00
         685   0.0145200    15600.00
         686   0.0145120    11600.00
         687   0.0145040     8400.00
         688   0.0144960     8400.00
         689   0.0144880    10000.00
         690   0.0144800    12400.00
         691   0.0144720    15600.00
         692   0.0144640    18000.00
         693   0.0144560    18800.00
         694   0.0144480    18000.00
         695   0.0144400    14800.00
         696   0.0144320    10800.00
         697   0.0144240     6800.00
         698   0.0144160     3200.00
         699   0.0144080     2000.00
         700   0.0144000     1600.00
         701   0.0143920     2800.00
         702   0.0143840     5200.00
         703   0.0143760     7600.00
         704   0.0143680     7200.00
         705   0.0143600    -2800.00
         706   0.0143520   -12800.00
         707   0.0143440   -22800.00
         708   0.0143360   -23200.00
         709   0.0143280   -29600.00
         710   0.0143200   -26400.00
         711   0.0143120   -19600.00
         712   0.0143040   -10800.00
         713   0.0142960    -6400.00
         714   0.0142880    -2400.00
         715   0.0142800    -3600.00
         716   0.0142720    -5600.00
         717   0.0142640   -16400.00
         718   0.0142560   -22000.00
         719   0.0142480   -29200.00
         720   0.0142400   -31600.00
         721   0.0142320   -34000.00
         722   0.0142240   -28000.00
         723   0.0142160   -22800.00
         724   0.0142080   -15200.00
         725   0.0142000   -12400.00
         726   0.0141920    -9600.00
         727   0.0141840   -11200.00
         728   0.0141760   -16800.00
         729   0.0141680   -23600.00
         730   0.0141600   -29600.00
         731   0.0141520   -34400.00
         732   0.0141440   -36000.00
         733   0.0141360   -34400.00
         734   0.0141280   -29200.00
         735   0.0141200   -24000.00
         736   0.0141120   -18400.00
         737   0.0141040   -15600.00
         738   0.0140960   -14000.00
         739   0.0140880   -17600.00
         740   0.0140800   -22000.00
         741   0.0140720   -28000.00
         742   0.0140640   -32400.00
         743   0.0140560   -34800.00
         744   0.0140480   -35200.00
         745   0.0140400   -32400.00
         746   0.0140320   -27600.00
         747   0.0140240   -22800.00
         748   0.0140160   -18400.00
         749   0.0140080   -16400.00
         750   0.0140000   -16800.00
         751   0.0139920   -19600.00
         752   0.0139840   -23600.00
         753   0.0139760   -28000.00
         754   0.0139680   -31200.00
         755   0.0139600   -32800.00
         756   0.0139520   -31200.00
         757   0.0139440   -28000.00
         758   0.0139360   -22800.00
         759   0.0139280   -18800.00
         760   0.0139200   -15200.00
         761   0.0139120   -14000.00
         762   0.0139040   -15200.00
         763   0.0138960   -18000.00
         764   0.0138880   -21600.00
         765   0.0138800   -24800.00
         766   0.0138720   -26400.00
         767   0.0138640   -26400.00
         768   0.0138560   -24400.00
         769   0.0138480   -20400.00
         770   0.0138400   -16000.00
         771   0.0138320   -12400.00
         772   0.0138240   -10000.00
         773   0.0138160    -9200.00
         774   0.0138080   -10800.00
         775   0.0138000   -13200.00
         776   0.0137920   -16000.00
         777   0.0137840   -18400.00
         778   0.0137760   -18800.00
         779   0.0137680   -17200.00
         780   0.0137600   -15200.00
         781   0.0137520   -10800.00
         782   0.0137440    -7200.00
         783   0.0137360    -4000.00
         784   0.0137280    -2400.00
         785   0.0137200    -2800.00
         786   0.0137120    -4000.00
         787   0.0137040    -6000.00
         788   0.0136960    -8400.00
         789   0.0136880    -8800.00
         790   0.0136800    -5600.00
         791   0.0136720     6000.00
         792   0.0136640    18000.00
         793   0.0136560    24000.00
         794   0.0136480    29200.00
         795   0.0136400    28400.00
         796   0.0136320    26400.00
         797   0.0136240    15600.00
         798   0.0136160     8400.00
         799   0.0136080     3200.00
         800   0.0136000     1200.00
         801   0.0135920     1200.00
         802   0.0135840     8800.00
         803   0.0135760    17200.00
         804   0.0135680    26000.00
         805   0.0135600    30800.00
         806   0.0135520    34000.00
         807   0.0135440    33200.00
         808   0.0135360    27600.00
         809   0.0135280    19200.00
         810   0.0135200    14800.00
         811   0.0135120     9200.00
         812   0.0135040     9200.00
         813   0.0134960    10800.00
         814   0.0134880    18400.00
         815   0.0134800    26000.00
         816   0.0134720    31600.00
         817   0.0134640    35600.00
         818   0.0134560    37200.00
         819   0.0134480    34000.00
         820   0.0134400    28000.00
         821   0.0134320    21600.00
         822   0.0134240    16800.00
         823   0.0134160    14000.00
         824   0.0134080    14000.00
         825   0.0134000    18000.00
         826   0.0133920    23600.00
         827   0.0133840    29200.00
         828   0.0133760    34000.00
         829   0.0133680    36000.00
         830   0.0133600    36000.00
         831   0.0133520    31600.00
         832   0.0133440    26400.00
         833   0.0133360    21200.00
         834   0.0133280    16800.00
         835   0.0133200    14800.00
         836   0.0133120    16000.00
         837   0.0133040    20000.00
         838   0.0132960    24800.00
         839   0.0132880    29200.00
         840   0.0132800    32400.00
         841   0.0132720    32800.00
         842   0.0132640    30800.00
         843   0.0132560    26400.00
         844   0.0132480    21600.00
         845   0.0132400    16800.00
         846   0.0132320    13600.00
         847   0.0132240    13200.00
         848   0.0132160    14400.00
         849   0.0132080    18000.00
         850   0.0132000    21600.00
         851   0.0131920    25200.00
         852   0.0131840    27200.00
         853   0.0131760    26400.00
         854   0.0131680    23200.00
         855   0.0131600    19200.00
         856   0.0131520    14800.00
         857   0.0131440    10400.00
         858   0.0131360     8400.00
         859   0.0131280     8400.00
         860   0.0131200    10400.00
         861   0.0131120    13200.00
         862   0.0131040    16400.00
         863   0.0130960    18000.00
         864   0.0130880    18800.00
         865   0.0130800    17200.00
         866   0.0130720    14000.00
         867   0.0130640    10400.00
         868   0.0130560     5600.00
         869   0.0130480     2400.00
         870   0.0130400     1200.00
         871   0.0130320     1600.00
         872   0.0130240     3600.00
         873   0.0130160     5600.00
         874   0.0130080     7200.00
         875   0.0130000     6400.00
         876   0.0129920    -4800.00
         877   0.0129840   -14000.00
         878   0.0129760   -23200.00
         879   0.0129680   -25200.00
         880   0.0129600   -28400.00
         881   0.0129520   -26400.00
         882   0.0129440   -16800.00
         883   0.0129360   -10400.00
         884   0.0129280    -5200.00
         885   0.0129200    -2400.00
         886   0.0129120    -2400.00
         887   0.0129040    -7600.00
         888   0.0128960   -17200.00
         889   0.0128880   -23600.00
         890   0.0128800   -29200.00
         891   0.0128720   -32800.00
         892   0.0128640   -33200.00
         893   0.0128560   -27200.00
         894   0.0128480   -21200.00
         895   0.0128400   -15200.00
         896   0.0128320   -11600.00
         897   0.0128240   -10000.00
         898   0.0128160   -11600.00
         899   0.0128080   -18400.00
         900   0.0128000   -24400.00
         901   0.0127920   -30400.00
         902   0.0127840   -34400.00
         903   0.0127760   -36400.00
         904   0.0127680   -33600.00
         905   0.0127600   -28400.00
         906   0.0127520   -22800.00
         907   0.0127440   -18400.00
         908   0.0127360   -15200.00
         909   0.0127280   -14400.00
         910   0.0127200   -18800.00
         911   0.0127120   -23200.00
         912   0.0127040   -29200.00
         913   0.0126960   -33200.00
         914   0.0126880   -35600.00
         915   0.0126800   -35200.00
         916   0.0126720   -31600.00
         917   0.0126640   -26800.00
         918   0.0126560   -21600.00
         919   0.0126480   -18400.00
         920   0.0126400   -16400.00
         921   0.0126320   -16800.00
         922   0.0126240   -20400.00
         923   0.0126160   -24800.00
         924   0.0126080   -29200.00
         925   0.0126000   -31600.00
         926   0.0125920   -32800.00
         927   0.0125840   -30800.00
         928   0.0125760   -26400.00
         929   0.0125680   -22000.00
         930   0.0125600   -18400.00
         931   0.0125520   -14800.00
         932   0.0125440   -14000.00
         933   0.0125360   -15600.00
         934   0.0125280   -18400.00
         935   0.0125200   -22000.00
         936   0.0125120   -25200.00
         937   0.0125040   -26400.00
         938   0.0124960   -26400.00
         939   0.0124880   -23200.00
         940   0.0124800   -20000.00
         941   0.0124720   -15200.00
         942   0.0124640   -11600.00
         943   0.0124560    -9200.00
         944   0.0124480    -9200.00
         945   0.0124400   -10800.00
         946   0.0124320   -13600.00
         947   0.0124240   -16400.00
         948   0.0124160   -18400.00
         949   0.0124080   -18800.00
         950   0.0124000   -17200.00
         951   0.0123920   -14000.00
         952   0.0123840   -10000.00
         953   0.0123760    -6000.00
         954   0.0123680    -3600.00
         955   0.0123600    -2400.00
         956   0.0123520    -2400.00
         957   0.0123440    -4000.00
         958   0.0123360    -6000.00
         959   0.0123280    -7600.00
         960   0.0123200    -6000.00
         961   0.0123120     4800.00
         962   0.0123040    15600.00
         963   0.0122960    21200.00
         964   0.0122880    26400.00
         965   0.0122800    26400.00
         966   0.0122720    26000.00
         967   0.0122640    15600.00
         968   0.0122560     9200.00
         969   0.0122480     4000.00
         970   0.0122400     2800.00
         971   0.0122320     2000.00
         972   0.0122240     8400.00
         973   0.0122160    16000.00
         974   0.0122080    24400.00
         975   0.0122000    28800.00
         976   0.0121920    31600.00
         977   0.0121840    32000.00
         978   0.0121760    27600.00
         979   0.0121680    19600.00
         980   0.0121600    15600.00
         981   0.0121520    10400.00
         982   0.0121440    10400.00
         983   0.0121360    10800.00
         984   0.0121280    17600.00
         985   0.0121200    24000.00
         986   0.0121120    30000.00
         987   0.0121040    33600.00
         988   0.0120960    35600.00
         989   0.0120880    32800.00
         990   0.0120800    27600.00
         991   0.0120720    22800.00
         992   0.0120640    18000.00
         993   0.0120560    14800.00
         994   0.0120480    14400.00
         995   0.0120400    17200.00
         996   0.0120320    22800.00
         997   0.0120240    28000.00
         998   0.0120160    32400.00
         999   0.0120080    34800.00
        1000   0.0120000    34400.00
        1001   0.0119920    31200.00
        1002   0.0119840    26400.00
        1003   0.0119760    21600.00
        1004   0.0119680    18000.00
        1005   0.0119600    15600.00
        1006   0.0119520    16400.00
        1007   0.0119440    19600.00
        1008   0.0119360    24000.00
        1009   0.0119280    28000.00
        1010   0.0119200    30800.00
        1011   0.0119120    32000.00
        1012   0.0119040    30800.00
        1013   0.0118960    26800.00
        1014   0.0118880    22400.00
        1015   0.0118800    18400.00
        1016   0.0118720    14800.00
        1017   0.0118640    13600.00
        1018   0.0118560    15200.00
        1019   0.0118480    18000.00
        1020   0.0118400    21600.00
        1021   0.0118320    24400.00
        1022   0.0118240    26400.00
        1023   0.0118160    26000.00
        1024   0.0118080    23600.00
        1025   0.0118000    20000.00
        1026   0.0117920    15600.00
        1027   0.0117840    12400.00
        1028   0.0117760     9200.00
        1029   0.0117680     8800.00
        1030   0.0117600    10400.00
        1031   0.0117520    13200.00
        1032   0.0117440    15600.00
        1033   0.0117360    18000.00
        1034   0.0117280    18400.00
        1035   0.0117200    17200.00
        1036   0.0117120    14800.00
        1037   0.0117040    10400.00
        1038   0.0116960     6400.00
        1039   0.0116880     4000.00
        1040   0.0116800     2000.00
        1041   0.0116720     2400.00
        1042   0.0116640     3600.00
        1043   0.0116560     5200.00
        1044   0.0116480     7600.00
        1045   0.0116400     7600.00
        1046   0.0116320     5200.00
        1047   0.0116240    -7600.00
        1048   0.0116160   -18000.00
        1049   0.0116080   -24800.00
        1050   0.0116000   -28400.00
        1051   0.0115920   -28400.00
        1052   0.0115840   -26400.00
        1053   0.0115760   -14000.00
        1054   0.0115680    -8400.00
        1055   0.0115600    -2800.00
        1056   0.0115520    -2000.00
        1057   0.0115440    -2400.00
        1058   0.0115360   -10000.00
        1059   0.0115280   -18400.00
        1060   0.0115200   -26800.00
        1061   0.0115120   -31200.00
        1062   0.0115040   -34400.00
        1063   0.0114960   -32800.00
        1064   0.0114880   -26400.00
        1065   0.0114800   -18800.00
        1066   0.0114720   -13600.00
        1067   0.0114640    -9200.00
        1068   0.0114560    -9200.00
        1069   0.0114480   -12000.00
        1070   0.0114400   -19600.00
        1071   0.0114320   -26400.00
        1072   0.0114240   -32800.00
        1073   0.0114160   -35600.00
        1074   0.0114080   -36400.00
        1075   0.0114000   -32800.00
        1076   0.0113920   -26400.00
        1077   0.0113840   -20400.00
        1078   0.0113760   -16400.00
        1079   0.0113680   -13600.00
        1080   0.0113600   -14000.00
        1081   0.0113520   -18800.00
        1082   0.0113440   -24800.00
        1083   0.0113360   -30000.00
        1084   0.0113280   -34400.00
        1085   0.0113200   -36400.00
        1086   0.0113120   -34800.00
        1087   0.0113040   -30800.00
        1088   0.0112960   -24800.00
        1089   0.0112880   -20000.00
        1090   0.0112800   -16400.00
        1091   0.0112720   -15200.00
        1092   0.0112640   -16800.00
        1093   0.0112560   -21200.00
        1094   0.0112480   -25600.00
        1095   0.0112400   -30000.00
        1096   0.0112320   -32800.00
        1097   0.0112240   -33200.00
        1098   0.0112160   -30000.00
        1099   0.0112080   -25600.00
        1100   0.0112000   -20400.00
        1101   0.0111920   -16400.00
        1102   0.0111840   -13600.00
        1103   0.0111760   -13600.00
        1104   0.0111680   -15600.00
        1105   0.0111600   -18800.00
        1106   0.0111520   -23200.00
        1107   0.0111440   -26400.00
        1108   0.0111360   -27200.00
        1109   0.0111280   -26000.00
        1110   0.0111200   -22400.00
        1111   0.0111120   -18400.00
        1112   0.0111040   -14000.00
        1113   0.0110960   -10400.00
        1114   0.0110880    -8800.00
        1115   0.0110800    -9200.00
        1116   0.0110720   -11200.00
        1117   0.0110640   -14400.00
        1118   0.0110560   -17200.00
        1119   0.0110480   -18800.00
        1120   0.0110400   -18400.00
        1121   0.0110320   -16800.00
        1122   0.0110240   -12800.00
        1123   0.0110160    -8800.00
        1124   0.0110080    -5200.00
        1125   0.0110000    -2400.00
        1126   0.0109920    -1200.00
        1127   0.0109840    -2400.00
        1128   0.0109760    -4400.00
        1129   0.0109680    -6800.00
        1130   0.0109600    -8400.00
        1131   0.0109520    -4400.00
        1132   0.0109440     6800.00
        1133   0.0109360    18000.00
        1134   0.0109280    21600.00
        1135   0.0109200    28400.00
        1136   0.0109120    26800.00
        1137   0.0109040    26000.00
        1138   0.0108960    13600.00
        1139   0.0108880     9600.00
        1140   0.0108800     2800.00
        1141   0.0108720     3600.00
        1142   0.0108640     1200.00
        1143   0.0108560    10400.00
        1144   0.0108480    17200.00
        1145   0.0108400    26000.00
        1146   0.0108320    29600.00
        1147   0.0108240    33200.00
        1148   0.0108160    31600.00
        1149   0.0108080    27600.00
        1150   0.0108000    18800.00
        1151   0.0107920    14800.00
        1152   0.0107840    10000.00
        1153   0.0107760    10400.00
        1154   0.0107680    11600.00
        1155   0.0107600    19600.00
        1156   0.0107520    24800.00
        1157   0.0107440    31200.00
        1158   0.0107360    34000.00
        1159   0.0107280    36000.00
        1160   0.0107200    32400.00
        1161   0.0107120    27600.00
        1162   0.0107040    21200.00
        1163   0.0106960    16800.00
        1164   0.0106880    14400.00
        1165   0.0106800    14400.00
        1166   0.0106720    18000.00
        1167   0.0106640    23600.00
        1168   0.0106560    29200.00
        1169   0.0106480    32800.00
        1170   0.0106400    35200.00
        1171   0.0106320    34400.00
        1172   0.0106240    30800.00
        1173   0.0106160    26000.00
        1174   0.0106080    20800.00
        1175   0.0106000    17200.00
        1176   0.0105920    15200.00
        1177   0.0105840    16800.00
        1178   0.0105760    20000.00
        1179   0.0105680    24400.00
        1180   0.0105600    28400.00
        1181   0.0105520    31600.00
        1182   0.0105440    32400.00
        1183   0.0105360    30400.00
        1184   0.0105280    26000.00
        1185   0.0105200    21200.00
        1186   0.0105120    17200.00
        1187   0.0105040    14400.00
        1188   0.0104960    13600.00
        1189   0.0104880    14800.00
        1190   0.0104800    18000.00
        1191   0.0104720    21600.00
        1192   0.0104640    24800.00
        1193   0.0104560    26400.00
        1194   0.0104480    25600.00
        1195   0.0104400    23200.00
        1196   0.0104320    18800.00
        1197   0.0104240    14800.00
        1198   0.0104160    10800.00
        1199   0.0104080     8800.00
        1200   0.0104000     8400.00
        1201   0.0103920    10400.00
        1202   0.0103840    13200.00
        1203   0.0103760    15600.00
        1204   0.0103680    18000.00
        1205   0.0103600    18000.00
        1206   0.0103520    16800.00
        1207   0.0103440    13600.00
        1208   0.0103360    10000.00
        1209   0.0103280     6000.00
        1210   0.0103200     3200.00
        1211   0.0103120     2000.00
        1212   0.0103040     1200.00
        1213   0.0102960     3600.00
        1214   0.0102880     5600.00
        1215   0.0102800     7200.00
        1216   0.0102720     8400.00
        1217   0.0102640     3200.00
        1218   0.0102560   -10000.00
        1219   0.0102480   -20400.00
        1220   0.0102400   -24400.00
        1221   0.0102320   -30000.00
        1222   0.0102240   -27600.00
        1223   0.0102160   -26000.00
        1224   0.0102080   -12400.00
        1225   0.0102000    -8400.00
        1226   0.0101920    -2400.00
        1227   0.0101840    -2400.00
        1228   0.0101760    -2400.00
        1229   0.0101680   -12400.00
        1230   0.0101600   -19600.00
        1231   0.0101520   -29200.00
        1232   0.0101440   -31600.00
        1233   0.0101360   -34800.00
        1234   0.0101280   -32400.00
        1235   0.0101200   -26000.00
        1236   0.0101120   -18400.00
        1237   0.0101040   -13600.00
        1238   0.0100960    -9200.00
        1239   0.0100880   -10000.00
        1240   0.0100800   -13600.00
        1241   0.0100720   -21600.00
        1242   0.0100640   -28000.00
        1243   0.0100560   -34000.00
        1244   0.0100480   -36400.00
        1245   0.0100400   -36400.00
        1246   0.0100320   -32400.00
        1247   0.0100240   -26000.00
        1248   0.0100160   -20400.00
        1249   0.0100080   -16400.00
        1250   0.0100000   -13600.00
        1251   0.0099920   -15200.00
        1252   0.0099840   -20000.00
        1253   0.0099760   -26000.00
        1254   0.0099680   -31200.00
        1255   0.0099600   -34800.00
        1256   0.0099520   -36400.00
        1257   0.0099440   -34400.00
        1258   0.0099360   -30000.00
        1259   0.0099280   -24400.00
        1260   0.0099200   -19600.00
        1261   0.0099120   -16800.00
        1262   0.0099040   -15200.00
        1263   0.0098960   -18000.00
        1264   0.0098880   -21600.00
        1265   0.0098800   -26800.00
        1266   0.0098720   -30800.00
        1267   0.0098640   -33200.00
        1268   0.0098560   -32800.00
        1269   0.0098480   -29600.00
        1270   0.0098400   -24800.00
        1271   0.0098320   -19600.00
        1272   0.0098240   -15600.00
        1273   0.0098160   -13600.00
        1274   0.0098080   -13600.00
        1275   0.0098000   -16400.00
        1276   0.0097920   -20000.00
        1277   0.0097840   -23600.00
        1278   0.0097760   -26400.00
        1279   0.0097680   -26800.00
        1280   0.0097600   -25200.00
        1281   0.0097520   -21600.00
        1282   0.0097440   -17200.00
        1283   0.0097360   -13200.00
        1284   0.0097280    -9200.00
        1285   0.0097200    -8000.00
        1286   0.0097120    -9200.00
        1287   0.0097040   -12000.00
        1288   0.0096960   -14400.00
        1289   0.0096880   -17200.00
        1290   0.0096800   -18800.00
        1291   0.0096720   -18400.00
        1292   0.0096640   -15600.00
        1293   0.0096560   -12000.00
        1294   0.0096480    -8000.00
        1295   0.0096400    -4400.00
        1296   0.0096320    -2000.00
        1297   0.0096240    -1200.00
        1298   0.0096160    -2400.00
        1299   0.0096080    -4400.00
        1300   0.0096000    -6800.00
        1301   0.0095920    -8400.00
        1302   0.0095840    -3600.00
        1303   0.0095760     8400.00
        1304   0.0095680    19600.00
        1305   0.0095600    22000.00
        1306   0.0095520    29200.00
        1307   0.0095440    26800.00
        1308   0.0095360    25200.00
        1309   0.0095280    12400.00
        1310   0.0095200     9200.00
        1311   0.0095120     2000.00
        1312   0.0095040     4000.00
        1313   0.0094960     1200.00
        1314   0.0094880    12000.00
        1315   0.0094800    18400.00
        1316   0.0094720    26800.00
        1317   0.0094640    30000.00
        1318   0.0094560    34000.00
        1319   0.0094480    31200.00
        1320   0.0094400    26400.00
        1321   0.0094320    18000.00
        1322   0.0094240    14400.00
        1323   0.0094160    10000.00
        1324   0.0094080    10400.00
        1325   0.0094000    12000.00
        1326   0.0093920    20400.00
        1327   0.0093840    26000.00
        1328   0.0093760    32400.00
        1329   0.0093680    34800.00
        1330   0.0093600    36400.00
        1331   0.0093520    32400.00
        1332   0.0093440    26800.00
        1333   0.0093360    21200.00
        1334   0.0093280    16800.00
        1335   0.0093200    14000.00
        1336   0.0093120    15200.00
        1337   0.0093040    18800.00
        1338   0.0092960    24800.00
        1339   0.0092880    29600.00
        1340   0.0092800    34000.00
        1341   0.0092720    36000.00
        1342   0.0092640    34800.00
        1343   0.0092560    30800.00
        1344   0.0092480    25200.00
        1345   0.0092400    20400.00
        1346   0.0092320    16800.00
        1347   0.0092240    15600.00
        1348   0.0092160    17200.00
        1349   0.0092080    21200.00
        1350   0.0092000    25200.00
        1351   0.0091920    29600.00
        1352   0.0091840    32000.00
        1353   0.0091760    32800.00
        1354   0.0091680    30000.00
        1355   0.0091600    26000.00
        1356   0.0091520    21200.00
        1357   0.0091440    16800.00
        1358   0.0091360    14000.00
        1359   0.0091280    13600.00
        1360   0.0091200    15200.00
        1361   0.0091120    18400.00
        1362   0.0091040    22000.00
        1363   0.0090960    25200.00
        1364   0.0090880    26400.00
        1365   0.0090800    25200.00
        1366   0.0090720    22000.00
        1367   0.0090640    18400.00
        1368   0.0090560    14000.00
        1369   0.0090480    10800.00
        1370   0.0090400     8400.00
        1371   0.0090320     8800.00
        1372   0.0090240    10400.00
        1373   0.0090160    13200.00
        1374   0.0090080    15600.00
        1375   0.0090000    18000.00
        1376   0.0089920    18000.00
        1377   0.0089840    16400.00
        1378   0.0089760    13200.00
        1379   0.0089680     8800.00
        1380   0.0089600     5200.00
        1381   0.0089520     2400.00
        1382   0.0089440     1200.00
        1383   0.0089360     2000.00
        1384   0.0089280     4000.00
        1385   0.0089200     5600.00
        1386   0.0089120     7200.00
        1387   0.0089040     8400.00
        1388   0.0088960      800.00
        1389   0.0088880   -11600.00
        1390   0.0088800   -22800.00
        1391   0.0088720   -24400.00
        1392   0.0088640   -31600.00
        1393   0.0088560   -27200.00
        1394   0.0088480   -24400.00
        1395   0.0088400   -11200.00
        1396   0.0088320    -7600.00
        1397   0.0088240    -1600.00
        1398   0.0088160    -2800.00
        1399   0.0088080    -2800.00
        1400   0.0088000   -15200.00
        1401   0.0087920   -21200.00
        1402   0.0087840   -30000.00
        1403   0.0087760   -32800.00
        1404   0.0087680   -35600.00
        1405   0.0087600   -31200.00
        1406   0.0087520   -24800.00
        1407   0.0087440   -17200.00
        1408   0.0087360   -13200.00
        1409   0.0087280    -9200.00
        1410   0.0087200   -10800.00
        1411   0.0087120   -14800.00
        1412   0.0087040   -22800.00
        1413   0.0086960   -29200.00
        1414   0.0086880   -34400.00
        1415   0.0086800   -36400.00
        1416   0.0086720   -36400.00
        1417   0.0086640   -31600.00
        1418   0.0086560   -25200.00
        1419   0.0086480   -20000.00
        1420   0.0086400   -15600.00
        1421   0.0086320   -14000.00
        1422   0.0086240   -16800.00
        1423   0.0086160   -21200.00
        1424   0.0086080   -27600.00
        1425   0.0086000   -32800.00
        1426   0.0085920   -36000.00
        1427   0.0085840   -36800.00
        1428   0.0085760   -34400.00
        1429   0.0085680   -29600.00
        1430   0.0085600   -23600.00
        1431   0.0085520   -19200.00
        1432   0.0085440   -16000.00
        1433   0.0085360   -15600.00
        1434   0.0085280   -18800.00
        1435   0.0085200   -22800.00
        1436   0.0085120   -28000.00
        1437   0.0085040   -31600.00
        1438   0.0084960   -34000.00
        1439   0.0084880   -32800.00
        1440   0.0084800   -29200.00
        1441   0.0084720   -24400.00
        1442   0.0084640   -19600.00
        1443   0.0084560   -15600.00
        1444   0.0084480   -13600.00
        1445   0.0084400   -14000.00
        1446   0.0084320   -17200.00
        1447   0.0084240   -20400.00
        1448   0.0084160   -24800.00
        1449   0.0084080   -26800.00
        1450   0.0084000   -26800.00
        1451   0.0083920   -25200.00
        1452   0.0083840   -21600.00
        1453   0.0083760   -16800.00
        1454   0.0083680   -12400.00
        1455   0.0083600    -9200.00
        1456   0.0083520    -8400.00
        1457   0.0083440    -9200.00
        1458   0.0083360   -12400.00
        1459   0.0083280   -15200.00
        1460   0.0083200   -18000.00
        1461   0.0083120   -18800.00
        1462   0.0083040   -18400.00
        1463   0.0082960   -15200.00
        1464   0.0082880   -11600.00
        1465   0.0082800    -7200.00
        1466   0.0082720    -3600.00
        1467   0.0082640    -1600.00
        1468   0.0082560    -1200.00
        1469   0.0082480    -2400.00
        1470   0.0082400    -5200.00
        1471   0.0082320    -7200.00
        1472   0.0082240    -8000.00
        1473   0.0082160     -400.00
        1474   0.0082080    10400.00
        1475   0.0082000    21200.00
        1476   0.0081920    23200.00
        1477   0.0081840    29600.00
        1478   0.0081760    27200.00
        1479   0.0081680    23200.00
        1480   0.0081600    11600.00
        1481   0.0081520     8400.00
        1482   0.0081440     1200.00
        1483   0.0081360     4000.00
        1484   0.0081280     2800.00
        1485   0.0081200    14000.00
        1486   0.0081120    20400.00
        1487   0.0081040    28000.00
        1488   0.0080960    31200.00
        1489   0.0080880    34000.00
        1490   0.0080800    30000.00
        1491   0.0080720    24400.00
        1492   0.0080640    16800.00
        1493   0.0080560    13600.00
        1494   0.0080480    10000.00
        1495   0.0080400    10400.00
        1496   0.0080320    13600.00
        1497   0.0080240    22000.00
        1498   0.0080160    27200.00
        1499   0.0080080    33200.00
        1500   0.0080000    34800.00
        1501   0.0079920    36000.00
        1502   0.0079840    30800.00
        1503   0.0079760    26000.00
        1504   0.0079680    20000.00
        1505   0.0079600    16400.00
        1506   0.0079520    14000.00
        1507   0.0079440    16400.00
        1508   0.0079360    20000.00
        1509   0.0079280    26000.00
        1510   0.0079200    30800.00
        1511   0.0079120    34400.00
        1512   0.0079040    36000.00
        1513   0.0078960    34000.00
        1514   0.0078880    29600.00
        1515   0.0078800    24800.00
        1516   0.0078720    20000.00
        1517   0.0078640    16800.00
        1518   0.0078560    16000.00
        1519   0.0078480    18000.00
        1520   0.0078400    22000.00
        1521   0.0078320    26400.00
        1522   0.0078240    30400.00
        1523   0.0078160    32800.00
        1524   0.0078080    32400.00
        1525   0.0078000    29600.00
        1526   0.0077920    24800.00
        1527   0.0077840    20800.00
        1528   0.0077760    16400.00
        1529   0.0077680    14000.00
        1530   0.0077600    14800.00
        1531   0.0077520    16800.00
        1532   0.0077440    19600.00
        1533   0.0077360    23200.00
        1534   0.0077280    26000.00
        1535   0.0077200    26800.00
        1536   0.0077120    25200.00
        1537   0.0077040    22000.00
        1538   0.0076960    18000.00
        1539   0.0076880    13600.00
        1540   0.0076800    10400.00
        1541   0.0076720     8800.00
        1542   0.0076640     9600.00
        1543   0.0076560    11600.00
        1544   0.0076480    14400.00
        1545   0.0076400    16800.00
        1546   0.0076320    18400.00
        1547   0.0076240    18000.00
        1548   0.0076160    16400.00
        1549   0.0076080    12400.00
        1550   0.0076000     8400.00
        1551   0.0075920     4800.00
        1552   0.0075840     2400.00
        1553   0.0075760     1200.00
        1554   0.0075680     2400.00
        1555   0.0075600     4000.00
        1556   0.0075520     6800.00
        1557   0.0075440     7600.00
        1558   0.0075360     7200.00
        1559   0.0075280    -1200.00
        1560   0.0075200   -12800.00
        1561   0.0075120   -24400.00
        1562   0.0075040   -24800.00
        1563   0.0074960   -31600.00
        1564   0.0074880   -26800.00
        1565   0.0074800   -22000.00
        1566   0.0074720   -10000.00
        1567   0.0074640    -6800.00
        1568   0.0074560    -1200.00
        1569   0.0074480    -2800.00
        1570   0.0074400    -4400.00
        1571   0.0074320   -16800.00
        1572   0.0074240   -22800.00
        1573   0.0074160   -31200.00
        1574   0.0074080   -33200.00
        1575   0.0074000   -35600.00
        1576   0.0073920   -30000.00
        1577   0.0073840   -23600.00
        1578   0.0073760   -15600.00
        1579   0.0073680   -12400.00
        1580   0.0073600    -8800.00
        1581   0.0073520   -10800.00
        1582   0.0073440   -16400.00
        1583   0.0073360   -24400.00
        1584   0.0073280   -30000.00
        1585   0.0073200   -35600.00
        1586   0.0073120   -37200.00
        1587   0.0073040   -36400.00
        1588   0.0072960   -30000.00
        1589   0.0072880   -24400.00
        1590   0.0072800   -18400.00
        1591   0.0072720   -15200.00
        1592   0.0072640   -14000.00
        1593   0.0072560   -17200.00
        1594   0.0072480   -22000.00
        1595   0.0072400   -28000.00
        1596   0.0072320   -33200.00
        1597   0.0072240   -36400.00
        1598   0.0072160   -36400.00
        1599   0.0072080   -33600.00
        1600   0.0072000   -28400.00
        1601   0.0071920   -23200.00
        1602   0.0071840   -18400.00
        1603   0.0071760   -15600.00
        1604   0.0071680   -16000.00
        1605   0.0071600   -20000.00
        1606   0.0071520   -23600.00
        1607   0.0071440   -29200.00
        1608   0.0071360   -32000.00
        1609   0.0071280   -33600.00
        1610   0.0071200   -32400.00
        1611   0.0071120   -28400.00
        1612   0.0071040   -23600.00
        1613   0.0070960   -18800.00
        1614   0.0070880   -15200.00
        1615   0.0070800   -13600.00
        1616   0.0070720   -14400.00
        1617   0.0070640   -18400.00
        1618   0.0070560   -21600.00
        1619   0.0070480   -25200.00
        1620   0.0070400   -27600.00
        1621   0.0070320   -27600.00
        1622   0.0070240   -24800.00
        1623   0.0070160   -21200.00
        1624   0.0070080   -16400.00
        1625   0.0070000   -12000.00
        1626   0.0069920    -9200.00
        1627   0.0069840    -8800.00
        1628   0.0069760   -10400.00
        1629   0.0069680   -12800.00
        1630   0.0069600   -16400.00
        1631   0.0069520   -18400.00
        1632   0.0069440   -19600.00
        1633   0.0069360   -18400.00
        1634   0.0069280   -15200.00
        1635   0.0069200   -11200.00
        1636   0.0069120    -7200.00
        1637   0.0069040    -3600.00
        1638   0.0068960    -2000.00
        1639   0.0068880    -2000.00
        1640   0.0068800    -3600.00
        1641   0.0068720    -5600.00
        1642   0.0068640    -7600.00
        1643   0.0068560    -8000.00
        1644   0.0068480     1200.00
        1645   0.0068400    11600.00
        1646   0.0068320    21200.00
        1647   0.0068240    24400.00
        1648   0.0068160    28400.00
        1649   0.0068080    26800.00
        1650   0.0068000    20400.00
        1651   0.0067920    10400.00
        1652   0.0067840     7200.00
        1653   0.0067760      800.00
        1654   0.0067680     3600.00
        1655   0.0067600     4000.00
        1656   0.0067520    14800.00
        1657   0.0067440    21600.00
        1658   0.0067360    28800.00
        1659   0.0067280    31600.00
        1660   0.0067200    34000.00
        1661   0.0067120    29600.00
        1662   0.0067040    23200.00
        1663   0.0066960    16800.00
        1664   0.0066880    12400.00
        1665   0.0066800    10000.00
        1666   0.0066720    10400.00
        1667   0.0066640    15200.00
        1668   0.0066560    22800.00
        1669   0.0066480    28400.00
        1670   0.0066400    34000.00
        1671   0.0066320    35600.00
        1672   0.0066240    35600.00
        1673   0.0066160    30000.00
        1674   0.0066080    24800.00
        1675   0.0066000    19600.00
        1676   0.0065920    16400.00
        1677   0.0065840    14000.00
        1678   0.0065760    16400.00
        1679   0.0065680    21200.00
        1680   0.0065600    26800.00
        1681   0.0065520    31200.00
        1682   0.0065440    34800.00
        1683   0.0065360    36000.00
        1684   0.0065280    33600.00
        1685   0.0065200    29200.00
        1686   0.0065120    23600.00
        1687   0.0065040    18800.00
        1688   0.0064960    16400.00
        1689   0.0064880    15600.00
        1690   0.0064800    18800.00
        1691   0.0064720    22800.00
        1692   0.0064640    26800.00
        1693   0.0064560    30800.00
        1694   0.0064480    32800.00
        1695   0.0064400    31600.00
        1696   0.0064320    28400.00
        1697   0.0064240    24400.00
        1698   0.0064160    19600.00
        1699   0.0064080    15600.00
        1700   0.0064000    14000.00
        1701   0.0063920    14000.00
        1702   0.0063840    16800.00
        1703   0.0063760    20400.00
        1704   0.0063680    23600.00
        1705   0.0063600    26000.00
        1706   0.0063520    26800.00
        1707   0.0063440    24800.00
        1708   0.0063360    21600.00
        1709   0.0063280    17200.00
        1710   0.0063200    13200.00
        1711   0.0063120    10000.00
        1712   0.0063040     8800.00
        1713   0.0062960    10000.00
        1714   0.0062880    12000.00
        1715   0.0062800    14800.00
        1716   0.0062720    17200.00
        1717   0.0062640    18400.00
        1718   0.0062560    18000.00
        1719   0.0062480    15600.00
        1720   0.0062400    12400.00
        1721   0.0062320     8400.00
        1722   0.0062240     5200.00
        1723   0.0062160     2400.00
        1724   0.0062080     2000.00
        1725   0.0062000     2800.00
        1726   0.0061920     5200.00
        1727   0.0061840     6800.00
        1728   0.0061760     8400.00
        1729   0.0061680     7200.00
        1730   0.0061600    -2800.00
        1731   0.0061520   -14000.00
        1732   0.0061440   -24800.00
        1733   0.0061360   -25200.00
        1734   0.0061280   -30800.00
        1735   0.0061200   -26400.00
        1736   0.0061120   -19600.00
        1737   0.0061040    -9200.00
        1738   0.0060960    -5200.00
        1739   0.0060880     -800.00
        1740   0.0060800    -2400.00
        1741   0.0060720    -5200.00
        1742   0.0060640   -17200.00
        1743   0.0060560   -23600.00
        1744   0.0060480   -30800.00
        1745   0.0060400   -33200.00
        1746   0.0060320   -34800.00
        1747   0.0060240   -28400.00
        1748   0.0060160   -22000.00
        1749   0.0060080   -14800.00
        1750   0.0060000   -11600.00
        1751   0.0059920    -8800.00
        1752   0.0059840   -10800.00
        1753   0.0059760   -17200.00
        1754   0.0059680   -25200.00
        1755   0.0059600   -31200.00
        1756   0.0059520   -36000.00
        1757   0.0059440   -37200.00
        1758   0.0059360   -34800.00
        1759   0.0059280   -29600.00
        1760   0.0059200   -23200.00
        1761   0.0059120   -17600.00
        1762   0.0059040   -15200.00
        1763   0.0058960   -13600.00
        1764   0.0058880   -18000.00
        1765   0.0058800   -23200.00
        1766   0.0058720   -29600.00
        1767   0.0058640   -34000.00
        1768   0.0058560   -36400.00
        1769   0.0058480   -36400.00
        1770   0.0058400   -32800.00
        1771   0.0058320   -27600.00
        1772   0.0058240   -22400.00
        1773   0.0058160   -17600.00
        1774   0.0058080   -15200.00
        1775   0.0058000   -16800.00
        1776   0.0057920   -20000.00
        1777   0.0057840   -24800.00
        1778   0.0057760   -29200.00
        1779   0.0057680   -32800.00
        1780   0.0057600   -33200.00
        1781   0.0057520   -31600.00
        1782   0.0057440   -28000.00
        1783   0.0057360   -22800.00
        1784   0.0057280   -18000.00
        1785   0.0057200   -14400.00
        1786   0.0057120   -13600.00
        1787   0.0057040   -15200.00
        1788   0.0056960   -18400.00
        1789   0.0056880   -22000.00
        1790   0.0056800   -26000.00
        1791   0.0056720   -28000.00
        1792   0.0056640   -26800.00
        1793   0.0056560   -24400.00
        1794   0.0056480   -20000.00
        1795   0.0056400   -15200.00
        1796   0.0056320   -11600.00
        1797   0.0056240    -8800.00
        1798   0.0056160    -8800.00
        1799   0.0056080   -10400.00
        1800   0.0056000   -13200.00
        1801   0.0055920   -16800.00
        1802   0.0055840   -18800.00
        1803   0.0055760   -19200.00
        1804   0.0055680   -18000.00
        1805   0.0055600   -14400.00
        1806   0.0055520   -10400.00
        1807   0.0055440    -6800.00
        1808   0.0055360    -3600.00
        1809   0.0055280    -2000.00
        1810   0.0055200    -2000.00
        1811   0.0055120    -4000.00
        1812   0.0055040    -6000.00
        1813   0.0054960    -8400.00
        1814   0.0054880    -7600.00
        1815   0.0054800     2800.00
        1816   0.0054720    13600.00
        1817   0.0054640    21200.00
        1818   0.0054560    25200.00
        1819   0.0054480    27600.00
        1820   0.0054400    26400.00
        1821   0.0054320    18000.00
        1822   0.0054240     9200.00
        1823   0.0054160     5600.00
        1824   0.0054080     2000.00
        1825   0.0054000     2000.00
        1826   0.0053920     5600.00
        1827   0.0053840    15200.00
        1828   0.0053760    22800.00
        1829   0.0053680    29200.00
        1830   0.0053600    32000.00
        1831   0.0053520    33200.00
        1832   0.0053440    28400.00
        1833   0.0053360    21200.00
        1834   0.0053280    16000.00
        1835   0.0053200    10800.00
        1836   0.0053120     9200.00
        1837   0.0053040    10400.00
        1838   0.0052960    16400.00
        1839   0.0052880    23200.00
        1840   0.0052800    29200.00
        1841   0.0052720    34000.00
        1842   0.0052640    35600.00
        1843   0.0052560    34400.00
        1844   0.0052480    29200.00
        1845   0.0052400    23200.00
        1846   0.0052320    18400.00
        1847   0.0052240    14800.00
        1848   0.0052160    14000.00
        1849   0.0052080    16800.00
        1850   0.0052000    22000.00
        1851   0.0051920    27600.00
        1852   0.0051840    32400.00
        1853   0.0051760    34800.00
        1854   0.0051680    35600.00
        1855   0.0051600    32800.00
        1856   0.0051520    28000.00
        1857   0.0051440    22800.00
        1858   0.0051360    18400.00
        1859   0.0051280    16400.00
        1860   0.0051200    16000.00
        1861   0.0051120    19600.00
        1862   0.0051040    23200.00
        1863   0.0050960    27600.00
        1864   0.0050880    31200.00
        1865   0.0050800    32800.00
        1866   0.0050720    31200.00
        1867   0.0050640    28400.00
        1868   0.0050560    23600.00
        1869   0.0050480    19200.00
        1870   0.0050400    15200.00
        1871   0.0050320    14000.00
        1872   0.0050240    14800.00
        1873   0.0050160    17200.00
        1874   0.0050080    21200.00
        1875   0.0050000    24400.00
        1876   0.0049920    26400.00
        1877   0.0049840    26800.00
        1878   0.0049760    24400.00
        1879   0.0049680    20800.00
        1880   0.0049600    16400.00
        1881   0.0049520    12400.00
        1882   0.0049440    10000.00
        1883   0.0049360     8400.00
        1884   0.0049280    10000.00
        1885   0.0049200    12000.00
        1886   0.0049120    15600.00
        1887   0.0049040    18000.00
        1888   0.0048960    18800.00
        1889   0.0048880    18000.00
        1890   0.0048800    15200.00
        1891   0.0048720    11600.00
        1892   0.0048640     7600.00
        1893   0.0048560     4000.00
        1894   0.0048480     2400.00
        1895   0.0048400     2000.00
        1896   0.0048320     2800.00
        1897   0.0048240     5200.00
        1898   0.0048160     7200.00
        1899   0.0048080     8400.00
        1900   0.0048000     6800.00
        1901   0.0047920    -6000.00
        1902   0.0047840   -15600.00
        1903   0.0047760   -25200.00
        1904   0.0047680   -26800.00
        1905   0.0047600   -30000.00
        1906   0.0047520   -26800.00
        1907   0.0047440   -16400.00
        1908   0.0047360    -8800.00
        1909   0.0047280    -4000.00
        1910   0.0047200    -1200.00
        1911   0.0047120    -2000.00
        1912   0.0047040    -7600.00
        1913   0.0046960   -18000.00
        1914   0.0046880   -25600.00
        1915   0.0046800   -30800.00
        1916   0.0046720   -34000.00
        1917   0.0046640   -33600.00
        1918   0.0046560   -27200.00
        1919   0.0046480   -20400.00
        1920   0.0046400   -14000.00
        1921   0.0046320   -10400.00
        1922   0.0046240    -8800.00
        1923   0.0046160   -11600.00
        1924   0.0046080   -18400.00
        1925   0.0046000   -25200.00
        1926   0.0045920   -31600.00
        1927   0.0045840   -35600.00
        1928   0.0045760   -36800.00
        1929   0.0045680   -34000.00
        1930   0.0045600   -28000.00
        1931   0.0045520   -21600.00
        1932   0.0045440   -16800.00
        1933   0.0045360   -14000.00
        1934   0.0045280   -14000.00
        1935   0.0045200   -18400.00
        1936   0.0045120   -24400.00
        1937   0.0045040   -29600.00
        1938   0.0044960   -34000.00
        1939   0.0044880   -36400.00
        1940   0.0044800   -35600.00
        1941   0.0044720   -31200.00
        1942   0.0044640   -26400.00
        1943   0.0044560   -21200.00
        1944   0.0044480   -17200.00
        1945   0.0044400   -15200.00
        1946   0.0044320   -17200.00
        1947   0.0044240   -20400.00
        1948   0.0044160   -25200.00
        1949   0.0044080   -30000.00
        1950   0.0044000   -32800.00
        1951   0.0043920   -33200.00
        1952   0.0043840   -31200.00
        1953   0.0043760   -26800.00
        1954   0.0043680   -21600.00
        1955   0.0043600   -17200.00
        1956   0.0043520   -14000.00
        1957   0.0043440   -14000.00
        1958   0.0043360   -15200.00
        1959   0.0043280   -19200.00
        1960   0.0043200   -22800.00
        1961   0.0043120   -26400.00
        1962   0.0043040   -27600.00
        1963   0.0042960   -26800.00
        1964   0.0042880   -23600.00
        1965   0.0042800   -19600.00
        1966   0.0042720   -14800.00
        1967   0.0042640   -10800.00
        1968   0.0042560    -9200.00
        1969   0.0042480    -8800.00
        1970   0.0042400   -10800.00
        1971   0.0042320   -14000.00
        1972   0.0042240   -17200.00
        1973   0.0042160   -18800.00
        1974   0.0042080   -19200.00
        1975   0.0042000   -17200.00
        1976   0.0041920   -14000.00
        1977   0.0041840    -9200.00
        1978   0.0041760    -5600.00
        1979   0.0041680    -2800.00
        1980   0.0041600    -1200.00
        1981   0.0041520    -2400.00
        1982   0.0041440    -4400.00
        1983   0.0041360    -6000.00
        1984   0.0041280    -8400.00
        1985   0.0041200    -6000.00
        1986   0.0041120     4800.00
        1987   0.0041040    15600.00
        1988   0.0040960    21200.00
        1989   0.0040880    26800.00
        1990   0.0040800    27600.00
        1991   0.0040720    26400.00
        1992   0.0040640    16400.00
        1993   0.0040560     9200.00
        1994   0.0040480     4000.00
        1995   0.0040400     2400.00
        1996   0.0040320     1200.00
        1997   0.0040240     8000.00
        1998   0.0040160    16400.00
        1999   0.0040080    24400.00
        2000   0.0040000    29200.00
        2001   0.0039920    32800.00
        2002   0.0039840    32400.00
        2003   0.0039760    28000.00
        2004   0.0039680    20000.00
        2005   0.0039600    15600.00
        2006   0.0039520    10400.00
        2007   0.0039440     9600.00
        2008   0.0039360    10400.00
        2009   0.0039280    17600.00
        2010   0.0039200    24000.00
        2011   0.0039120    30000.00
        2012   0.0039040    34000.00
        2013   0.0038960    36000.00
        2014   0.0038880    33200.00
        2015   0.0038800    28000.00
        2016   0.0038720    22400.00
        2017   0.0038640    18000.00
        2018   0.0038560    14800.00
        2019   0.0038480    14000.00
        2020   0.0038400    16800.00
        2021   0.0038320    22800.00
        2022   0.0038240    27600.00
        2023   0.0038160    32800.00
        2024   0.0038080    34800.00
        2025   0.0038000    34800.00
        2026   0.0037920    31600.00
        2027   0.0037840    26400.00
        2028   0.0037760    21600.00
        2029   0.0037680    18000.00
        2030   0.0037600    15600.00
        2031   0.0037520    16400.00
        2032   0.0037440    19600.00
        2033   0.0037360    23600.00
        2034   0.0037280    28000.00
        2035   0.0037200    31200.00
        2036   0.0037120    32400.00
        2037   0.0037040    30800.00
        2038   0.0036960    27600.00
        2039   0.0036880    22400.00
        2040   0.0036800    18000.00
        2041   0.0036720    14800.00
        2042   0.0036640    13600.00
        2043   0.0036560    14800.00
        2044   0.0036480    17200.00
        2045   0.0036400    21200.00
        2046   0.0036320    24400.00
        2047   0.0036240    26400.00
        2048   0.0036160    26400.00
        2049   0.0036080    23600.00
        2050   0.0036000    20000.00
        2051   0.0035920    15600.00
        2052   0.0035840    12000.00
        2053   0.0035760     9600.00
        2054   0.0035680     8800.00
        2055   0.0035600    10400.00
        2056   0.0035520    13200.00
        2057   0.0035440    15600.00
        2058   0.0035360    18000.00
        2059   0.0035280    18800.00
        2060   0.0035200    17600.00
        2061   0.0035120    14800.00
        2062   0.0035040    10800.00
        2063   0.0034960     6800.00
        2064   0.0034880     3600.00
        2065   0.0034800     2400.00
        2066   0.0034720     2000.00
        2067   0.0034640     3600.00
        2068   0.0034560     5600.00
        2069   0.0034480     7200.00
        2070   0.0034400     8400.00
        2071   0.0034320     5600.00
        2072   0.0034240    -7600.00
        2073   0.0034160   -18000.00
        2074   0.0034080   -25200.00
        2075   0.0034000   -28400.00
        2076   0.0033920   -29200.00
        2077   0.0033840   -26800.00
        2078   0.0033760   -14800.00
        2079   0.0033680    -8800.00
        2080   0.0033600    -2800.00
        2081   0.0033520    -1600.00
        2082   0.0033440    -2400.00
        2083   0.0033360    -9600.00
        2084   0.0033280   -18800.00
        2085   0.0033200   -27600.00
        2086   0.0033120   -31600.00
        2087   0.0033040   -34400.00
        2088   0.0032960   -33200.00
        2089   0.0032880   -26800.00
        2090   0.0032800   -19200.00
        2091   0.0032720   -13600.00
        2092   0.0032640   -10000.00
        2093   0.0032560    -9200.00
        2094   0.0032480   -12000.00
        2095   0.0032400   -19600.00
        2096   0.0032320   -26800.00
        2097   0.0032240   -32800.00
        2098   0.0032160   -36000.00
        2099   0.0032080   -37200.00
        2100   0.0032000   -33200.00
        2101   0.0031920   -26800.00
        2102   0.0031840   -21200.00
        2103   0.0031760   -16400.00
        2104   0.0031680   -14000.00
        2105   0.0031600   -14800.00
        2106   0.0031520   -18800.00
        2107   0.0031440   -24800.00
        2108   0.0031360   -30000.00
        2109   0.0031280   -34800.00
        2110   0.0031200   -36400.00
        2111   0.0031120   -35200.00
        2112   0.0031040   -30800.00
        2113   0.0030960   -25200.00
        2114   0.0030880   -20000.00
        2115   0.0030800   -16800.00
        2116   0.0030720   -15200.00
        2117   0.0030640   -17200.00
        2118   0.0030560   -21200.00
        2119   0.0030480   -26000.00
        2120   0.0030400   -30000.00
        2121   0.0030320   -33200.00
        2122   0.0030240   -32800.00
        2123   0.0030160   -30000.00
        2124   0.0030080   -25600.00
        2125   0.0030000   -21200.00
        2126   0.0029920   -16400.00
        2127   0.0029840   -13600.00
        2128   0.0029760   -13600.00
        2129   0.0029680   -15200.00
        2130   0.0029600   -19600.00
        2131   0.0029520   -23200.00
        2132   0.0029440   -26000.00
        2133   0.0029360   -27200.00
        2134   0.0029280   -26000.00
        2135   0.0029200   -22800.00
        2136   0.0029120   -18000.00
        2137   0.0029040   -14000.00
        2138   0.0028960   -10400.00
        2139   0.0028880    -8400.00
        2140   0.0028800    -8800.00
        2141   0.0028720   -10800.00
        2142   0.0028640   -14000.00
        2143   0.0028560   -17200.00
        2144   0.0028480   -18800.00
        2145   0.0028400   -18800.00
        2146   0.0028320   -16800.00
        2147   0.0028240   -13200.00
        2148   0.0028160    -8800.00
        2149   0.0028080    -5200.00
        2150   0.0028000    -2400.00
        2151   0.0027920    -1200.00
        2152   0.0027840    -2400.00
        2153   0.0027760    -4400.00
        2154   0.0027680    -6800.00
        2155   0.0027600    -8000.00
        2156   0.0027520    -4400.00
        2157   0.0027440     6400.00
        2158   0.0027360    18000.00
        2159   0.0027280    21200.00
        2160   0.0027200    28000.00
        2161   0.0027120    26800.00
        2162   0.0027040    26000.00
        2163   0.0026960    13600.00
        2164   0.0026880     9200.00
        2165   0.0026800     2400.00
        2166   0.0026720     3600.00
        2167   0.0026640      800.00
        2168   0.0026560    10000.00
        2169   0.0026480    17200.00
        2170   0.0026400    25600.00
        2171   0.0026320    29600.00
        2172   0.0026240    33200.00
        2173   0.0026160    31200.00
        2174   0.0026080    27200.00
        2175   0.0026000    18800.00
        2176   0.0025920    15200.00
        2177   0.0025840     9600.00
        2178   0.0025760    10400.00
        2179   0.0025680    11600.00
        2180   0.0025600    19200.00
        2181   0.0025520    24800.00
        2182   0.0025440    31200.00
        2183   0.0025360    34400.00
        2184   0.0025280    36400.00
        2185   0.0025200    32800.00
        2186   0.0025120    27600.00
        2187   0.0025040    21600.00
        2188   0.0024960    17200.00
        2189   0.0024880    14800.00
        2190   0.0024800    14800.00
        2191   0.0024720    18000.00
        2192   0.0024640    23600.00
        2193   0.0024560    28400.00
        2194   0.0024480    33600.00
        2195   0.0024400    35600.00
        2196   0.0024320    34800.00
        2197   0.0024240    31200.00
        2198   0.0024160    26400.00
        2199   0.0024080    21200.00
        2200   0.0024000    17200.00
        2201   0.0023920    15200.00
        2202   0.0023840    16800.00
        2203   0.0023760    20000.00
        2204   0.0023680    24400.00
        2205   0.0023600    28400.00
        2206   0.0023520    31200.00
        2207   0.0023440    32400.00
        2208   0.0023360    30000.00
        2209   0.0023280    26400.00
        2210   0.0023200    21600.00
        2211   0.0023120    17200.00
        2212   0.0023040    14000.00
        2213   0.0022960    13600.00
        2214   0.0022880    15200.00
        2215   0.0022800    18000.00
        2216   0.0022720    21600.00
        2217   0.0022640    24800.00
        2218   0.0022560    26400.00
        2219   0.0022480    26000.00
        2220   0.0022400    23200.00
        2221   0.0022320    19600.00
        2222   0.0022240    14800.00
        2223   0.0022160    11200.00
        2224   0.0022080     8800.00
        2225   0.0022000     8400.00
        2226   0.0021920    10400.00
        2227   0.0021840    13200.00
        2228   0.0021760    15600.00
        2229   0.0021680    18000.00
        2230   0.0021600    18400.00
        2231   0.0021520    16800.00
        2232   0.0021440    13600.00
        2233   0.0021360    10000.00
        2234   0.0021280     6000.00
        2235   0.0021200     2800.00
        2236   0.0021120     1600.00
        2237   0.0021040     2000.00
        2238   0.0020960     3600.00
        2239   0.0020880     5600.00
        2240   0.0020800     7600.00
        2241   0.0020720     8000.00
        2242   0.0020640     3600.00
        2243   0.0020560    -9200.00
        2244   0.0020480   -20000.00
        2245   0.0020400   -24800.00
        2246   0.0020320   -30000.00
        2247   0.0020240   -27600.00
        2248   0.0020160   -26000.00
        2249   0.0020080   -12400.00
        2250   0.0020000    -8400.00
        2251   0.0019920    -2400.00
        2252   0.0019840    -2400.00
        2253   0.0019760    -2400.00
        2254   0.0019680   -12000.00
        2255   0.0019600   -19600.00
        2256   0.0019520   -28400.00
        2257   0.0019440   -31600.00
        2258   0.0019360   -34800.00
        2259   0.0019280   -32400.00
        2260   0.0019200   -25600.00
        2261   0.0019120   -18000.00
        2262   0.0019040   -13200.00
        2263   0.0018960    -9200.00
        2264   0.0018880    -9200.00
        2265   0.0018800   -13200.00
        2266   0.0018720   -21200.00
        2267   0.0018640   -27600.00
        2268   0.0018560   -34000.00
        2269   0.0018480   -36000.00
        2270   0.0018400   -37200.00
        2271   0.0018320   -32400.00
        2272   0.0018240   -26400.00
        2273   0.0018160   -20400.00
        2274   0.0018080   -16000.00
        2275   0.0018000   -13600.00
        2276   0.0017920   -15200.00
        2277   0.0017840   -20400.00
        2278   0.0017760   -26000.00
        2279   0.0017680   -31200.00
        2280   0.0017600   -35600.00
        2281   0.0017520   -36800.00
        2282   0.0017440   -34800.00
        2283   0.0017360   -30000.00
        2284   0.0017280   -24800.00
        2285   0.0017200   -20000.00
        2286   0.0017120   -16400.00
        2287   0.0017040   -15200.00
        2288   0.0016960   -18000.00
        2289   0.0016880   -22000.00
        2290   0.0016800   -26800.00
        2291   0.0016720   -31200.00
        2292   0.0016640   -33200.00
        2293   0.0016560   -32800.00
        2294   0.0016480   -29600.00
        2295   0.0016400   -24800.00
        2296   0.0016320   -20000.00
        2297   0.0016240   -16000.00
        2298   0.0016160   -13200.00
        2299   0.0016080   -13600.00
        2300   0.0016000   -16000.00
        2301   0.0015920   -20000.00
        2302   0.0015840   -23600.00
        2303   0.0015760   -26400.00
        2304   0.0015680   -27600.00
        2305   0.0015600   -25200.00
        2306   0.0015520   -22000.00
        2307   0.0015440   -17200.00
        2308   0.0015360   -13200.00
        2309   0.0015280    -9200.00
        2310   0.0015200    -8400.00
        2311   0.0015120    -8800.00
        2312   0.0015040   -11600.00
        2313   0.0014960   -14000.00
        2314   0.0014880   -17200.00
        2315   0.0014800   -18800.00
        2316   0.0014720   -18400.00
        2317   0.0014640   -15600.00
        2318   0.0014560   -12000.00
        2319   0.0014480    -7600.00
        2320   0.0014400    -4400.00
        2321   0.0014320    -2000.00
        2322   0.0014240    -1200.00
        2323   0.0014160    -2400.00
        2324   0.0014080    -4400.00
        2325   0.0014000    -6800.00
        2326   0.0013920    -8400.00
        2327   0.0013840    -2800.00
        2328   0.0013760     8400.00
        2329   0.0013680    20000.00
        2330   0.0013600    22400.00
        2331   0.0013520    29200.00
        2332   0.0013440    26800.00
        2333   0.0013360    24800.00
        2334   0.0013280    12400.00
        2335   0.0013200     9200.00
        2336   0.0013120     2000.00
        2337   0.0013040     3600.00
        2338   0.0012960     1600.00
        2339   0.0012880    12000.00
        2340   0.0012800    18400.00
        2341   0.0012720    26800.00
        2342   0.0012640    30800.00
        2343   0.0012560    34000.00
        2344   0.0012480    31200.00
        2345   0.0012400    26400.00
        2346   0.0012320    17600.00
        2347   0.0012240    14800.00
        2348   0.0012160     9200.00
        2349   0.0012080    10400.00
        2350   0.0012000    12400.00
        2351   0.0011920    20400.00
        2352   0.0011840    26000.00
        2353   0.0011760    32400.00
        2354   0.0011680    34800.00
        2355   0.0011600    36000.00
        2356   0.0011520    32000.00
        2357   0.0011440    26400.00
        2358   0.0011360    20800.00
        2359   0.0011280    16800.00
        2360   0.0011200    14000.00
        2361   0.0011120    15200.00
        2362   0.0011040    19200.00
        2363   0.0010960    24800.00
        2364   0.0010880    29600.00
        2365   0.0010800    34000.00
        2366   0.0010720    36000.00
        2367   0.0010640    34400.00
        2368   0.0010560    30000.00
        2369   0.0010480    25200.00
        2370   0.0010400    20000.00
        2371   0.0010320    17200.00
        2372   0.0010240    15200.00
        2373   0.0010160    17200.00
        2374   0.0010080    21200.00
        2375   0.0010000    25200.00
        2376   0.0009920    29600.00
        2377   0.0009840    32400.00
        2378   0.0009760    32400.00
        2379   0.0009680    30000.00
        2380   0.0009600    25600.00
        2381   0.0009520    21200.00
        2382   0.0009440    16800.00
        2383   0.0009360    14000.00
        2384   0.0009280    13600.00
        2385   0.0009200    15600.00
        2386   0.0009120    18800.00
        2387   0.0009040    22800.00
        2388   0.0008960    25200.00
        2389   0.0008880    26800.00
        2390   0.0008800    26000.00
        2391   0.0008720    22800.00
        2392   0.0008640    18800.00
        2393   0.0008560    14000.00
        2394   0.0008480    10800.00
        2395   0.0008400     8400.00
        2396   0.0008320     8800.00
        2397   0.0008240    10800.00
        2398   0.0008160    13600.00
        2399   0.0008080    16400.00
        2400   0.0008000    18000.00
        2401   0.0007920    18000.00
        2402   0.0007840    16400.00
        2403   0.0007760    13200.00
        2404   0.0007680     8800.00
        2405   0.0007600     5600.00
        2406   0.0007520     2400.00
        2407   0.0007440     1200.00
        2408   0.0007360     2000.00
        2409   0.0007280     4000.00
        2410   0.0007200     5200.00
        2411   0.0007120     7200.00
        2412   0.0007040     3600.00
        2413   0.0006960    -8800.00
        2414   0.0006880   -18000.00
        2415   0.0006800   -21600.00
        2416   0.0006720   -28000.00
        2417   0.0006640   -26000.00
        2418   0.0006560   -26000.00
        2419   0.0006480   -12400.00
        2420   0.0006400   -10000.00
        2421   0.0006320    -4000.00
        2422   0.0006240    -3600.00
        2423   0.0006160    -2400.00
        2424   0.0006080   -11600.00
        2425   0.0006000   -18400.00
        2426   0.0005920   -26800.00
        2427   0.0005840   -29600.00
        2428   0.0005760   -33200.00
        2429   0.0005680   -31200.00
        2430   0.0005600   -25600.00
        2431   0.0005520   -18800.00
        2432   0.0005440   -14800.00
        2433   0.0005360   -10400.00
        2434   0.0005280   -10400.00
        2435   0.0005200   -13200.00
        2436   0.0005120   -20400.00
        2437   0.0005040   -26000.00
        2438   0.0004960   -31600.00
        2439   0.0004880   -34400.00
        2440   0.0004800   -35600.00
        2441   0.0004720   -31200.00
        2442   0.0004640   -26800.00
        2443   0.0004560   -21200.00
        2444   0.0004480   -17200.00
        2445   0.0004400   -14800.00
        2446   0.0004320   -15200.00
        2447   0.0004240   -20000.00
        2448   0.0004160   -24800.00
        2449   0.0004080   -30000.00
        2450   0.0004000   -33600.00
        2451   0.0003920   -35600.00
        2452   0.0003840   -34400.00
        2453   0.0003760   -30000.00
        2454   0.0003680   -25200.00
        2455   0.0003600   -20400.00
        2456   0.0003520   -17200.00
        2457   0.0003440   -16400.00
        2458   0.0003360   -18000.00
        2459   0.0003280   -21600.00
        2460   0.0003200   -26000.00
        2461   0.0003120   -29600.00
        2462   0.0003040   -32000.00
        2463   0.0002960   -32000.00
        2464   0.0002880   -29600.00
        2465   0.0002800   -25600.00
        2466   0.0002720   -21200.00
        2467   0.0002640   -17200.00
        2468   0.0002560   -14800.00
        2469   0.0002480   -14800.00
        2470   0.0002400   -16800.00
        2471   0.0002320   -20000.00
        2472   0.0002240   -23200.00
        2473   0.0002160   -26000.00
        2474   0.0002080   -26800.00
        2475   0.0002000   -25200.00
        2476   0.0001920   -22400.00
        2477   0.0001840   -18400.00
        2478   0.0001760   -14000.00
        2479   0.0001680   -10800.00
        2480   0.0001600    -9200.00
        2481   0.0001520   -10000.00
        2482   0.0001440   -12000.00
        2483   0.0001360   -14000.00
        2484   0.0001280   -17200.00
        2485   0.0001200   -18400.00
        2486   0.0001120   -18400.00
        2487   0.0001040   -16400.00
        2488   0.0000960   -12400.00
        2489   0.0000880    -8800.00
        2490   0.0000800    -5600.00
        2491   0.0000720    -3600.00
        2492   0.0000640    -2400.00
        2493   0.0000560    -2800.00
        2494   0.0000480    -5200.00
        2495   0.0000400    -6800.00
        2496   0.0000320    -8400.00
        2497   0.0000240    -8400.00
        2498   0.0000160     -400.00
        2499   0.0000080    10800.00
        2500   0.0000000    22800.00
        2501  -0.0000080    24400.00
        2502  -0.0000160    30400.00
        2503  -0.0000240    27600.00
        2504  -0.0000320    22800.00
        2505  -0.0000400    10400.00
        2506  -0.0000480     7200.00
        2507  -0.0000560        0.00
        2508  -0.0000640     2800.00
        2509  -0.0000720     2800.00
        2510  -0.0000800    13600.00
        2511  -0.0000880    21200.00
        2512  -0.0000960    29200.00
        2513  -0.0001040    32400.00
        2514  -0.0001120    34800.00
        2515  -0.0001200    30400.00
        2516  -0.0001280    24400.00
        2517  -0.0001360    16400.00
        2518  -0.0001440    12400.00
        2519  -0.0001520     8400.00
        2520  -0.0001600    10000.00
        2521  -0.0001680    13600.00
        2522  -0.0001760    22800.00
        2523  -0.0001840    28000.00
        2524  -0.0001920    34000.00
        2525  -0.0002000    36000.00
        2526  -0.0002080    36000.00
        2527  -0.0002160    31200.00
        2528  -0.0002240    25200.00
        2529  -0.0002320    18800.00
        2530  -0.0002400    15200.00
        2531  -0.0002480    13200.00
        2532  -0.0002560    15200.00
        2533  -0.0002640    20000.00
        2534  -0.0002720    26400.00
        2535  -0.0002800    31200.00
        2536  -0.0002880    35600.00
        2537  -0.0002960    36000.00
        2538  -0.0003040    34400.00
        2539  -0.0003120    29200.00
        2540  -0.0003200    23600.00
        2541  -0.0003280    18400.00
        2542  -0.0003360    15600.00
        2543  -0.0003440    14800.00
        2544  -0.0003520    17600.00
        2545  -0.0003600    21600.00
        2546  -0.0003680    26400.00
        2547  -0.0003760    30800.00
        2548  -0.0003840    32800.00
        2549  -0.0003920    32400.00
        2550  -0.0004000    29200.00
        2551  -0.0004080    24400.00
        2552  -0.0004160    19600.00
        2553  -0.0004240    15200.00
        2554  -0.0004320    13200.00
        2555  -0.0004400    13600.00
        2556  -0.0004480    16400.00
        2557  -0.0004560    20000.00
        2558  -0.0004640    23600.00
        2559  -0.0004720    26000.00
        2560  -0.0004800    26800.00
        2561  -0.0004880    25200.00
        2562  -0.0004960    21600.00
        2563  -0.0005040    16800.00
        2564  -0.0005120    12400.00
        2565  -0.0005200     9200.00
        2566  -0.0005280     8400.00
        2567  -0.0005360     8800.00
        2568  -0.0005440    11600.00
        2569  -0.0005520    14000.00
        2570  -0.0005600    17200.00
        2571  -0.0005680    18800.00
        2572  -0.0005760    18400.00
        2573  -0.0005840    16000.00
        2574  -0.0005920    12000.00
        2575  -0.0006000     8000.00
        2576  -0.0006080     4000.00
        2577  -0.0006160     2000.00
        2578  -0.0006240      800.00
        2579  -0.0006320     2000.00
        2580  -0.0006400     4400.00
        2581  -0.0006480     6800.00
        2582  -0.0006560     7600.00
        2583  -0.0006640     2400.00
        2584  -0.0006720   -10000.00
        2585  -0.0006800   -20000.00
        2586  -0.0006880   -21600.00
        2587  -0.0006960   -29600.00
        2588  -0.0007040   -26000.00
        2589  -0.0007120   -24800.00
        2590  -0.0007200   -11600.00
        2591  -0.0007280    -8800.00
        2592  -0.0007360    -2800.00
        2593  -0.0007440    -4000.00
        2594  -0.0007520    -2400.00
        2595  -0.0007600   -13600.00
        2596  -0.0007680   -19200.00
        2597  -0.0007760   -28000.00
        2598  -0.0007840   -30000.00
        2599  -0.0007920   -34400.00
        2600  -0.0008000   -30800.00
        2601  -0.0008080   -24800.00
        2602  -0.0008160   -17200.00
        2603  -0.0008240   -14000.00
        2604  -0.0008320   -10000.00
        2605  -0.0008400   -10400.00
        2606  -0.0008480   -14000.00
        2607  -0.0008560   -21600.00
        2608  -0.0008640   -26800.00
        2609  -0.0008720   -33200.00
        2610  -0.0008800   -34800.00
        2611  -0.0008880   -36000.00
        2612  -0.0008960   -31200.00
        2613  -0.0009040   -26000.00
        2614  -0.0009120   -20400.00
        2615  -0.0009200   -16800.00
        2616  -0.0009280   -14000.00
        2617  -0.0009360   -16400.00
        2618  -0.0009440   -20400.00
        2619  -0.0009520   -26000.00
        2620  -0.0009600   -30800.00
        2621  -0.0009680   -34400.00
        2622  -0.0009760   -36000.00
        2623  -0.0009840   -34000.00
        2624  -0.0009920   -29200.00
        2625  -0.0010000   -24800.00
        2626  -0.0010080   -20000.00
        2627  -0.0010160   -16800.00
        2628  -0.0010240   -15600.00
        2629  -0.0010320   -18400.00
        2630  -0.0010400   -22000.00
        2631  -0.0010480   -26800.00
        2632  -0.0010560   -30400.00
        2633  -0.0010640   -32400.00
        2634  -0.0010720   -31600.00
        2635  -0.0010800   -29200.00
        2636  -0.0010880   -24800.00
        2637  -0.0010960   -20000.00
        2638  -0.0011040   -16400.00
        2639  -0.0011120   -14000.00
        2640  -0.0011200   -14000.00
        2641  -0.0011280   -16800.00
        2642  -0.0011360   -20400.00
        2643  -0.0011440   -23600.00
        2644  -0.0011520   -26000.00
        2645  -0.0011600   -26800.00
        2646  -0.0011680   -24800.00
        2647  -0.0011760   -21600.00
        2648  -0.0011840   -17200.00
        2649  -0.0011920   -13600.00
        2650  -0.0012000   -10000.00
        2651  -0.0012080    -9200.00
        2652  -0.0012160   -10000.00
        2653  -0.0012240   -12000.00
        2654  -0.0012320   -15200.00
        2655  -0.0012400   -17200.00
        2656  -0.0012480   -18800.00
        2657  -0.0012560   -18000.00
        2658  -0.0012640   -15600.00
        2659  -0.0012720   -12000.00
        2660  -0.0012800    -8400.00
        2661  -0.0012880    -4800.00
        2662  -0.0012960    -2400.00
        2663  -0.0013040    -2400.00
        2664  -0.0013120    -3600.00
        2665  -0.0013200    -5200.00
        2666  -0.0013280    -7200.00
        2667  -0.0013360    -8800.00
        2668  -0.0013440    -7600.00
        2669  -0.0013520     2000.00
        2670  -0.0013600    13200.00
        2671  -0.0013680    23200.00
        2672  -0.0013760    26000.00
        2673  -0.0013840    30400.00
        2674  -0.0013920    27200.00
        2675  -0.0014000    21200.00
        2676  -0.0014080     9200.00
        2677  -0.0014160     6000.00
        2678  -0.0014240        0.00
        2679  -0.0014320     2400.00
        2680  -0.0014400     4400.00
        2681  -0.0014480    15200.00
        2682  -0.0014560    22800.00
        2683  -0.0014640    30000.00
        2684  -0.0014720    32800.00
        2685  -0.0014800    34000.00
        2686  -0.0014880    29600.00
        2687  -0.0014960    22800.00
        2688  -0.0015040    15200.00
        2689  -0.0015120    11600.00
        2690  -0.0015200     8800.00
        2691  -0.0015280    10000.00
        2692  -0.0015360    15200.00
        2693  -0.0015440    23600.00
        2694  -0.0015520    29600.00
        2695  -0.0015600    34400.00
        2696  -0.0015680    36400.00
        2697  -0.0015760    36000.00
        2698  -0.0015840    30000.00
        2699  -0.0015920    24000.00
        2700  -0.0016000    18400.00
        2701  -0.0016080    14800.00
        2702  -0.0016160    13600.00
        2703  -0.0016240    16400.00
        2704  -0.0016320    21200.00
        2705  -0.0016400    27600.00
        2706  -0.0016480    32400.00
        2707  -0.0016560    36000.00
        2708  -0.0016640    36400.00
        2709  -0.0016720    34000.00
        2710  -0.0016800    28000.00
        2711  -0.0016880    22800.00
        2712  -0.0016960    18000.00
        2713  -0.0017040    15600.00
        2714  -0.0017120    15200.00
        2715  -0.0017200    18400.00
        2716  -0.0017280    23200.00
        2717  -0.0017360    27600.00
        2718  -0.0017440    31200.00
        2719  -0.0017520    32800.00
        2720  -0.0017600    32400.00
        2721  -0.0017680    28400.00
        2722  -0.0017760    23600.00
        2723  -0.0017840    18800.00
        2724  -0.0017920    14800.00
        2725  -0.0018000    13200.00
        2726  -0.0018080    13600.00
        2727  -0.0018160    16400.00
        2728  -0.0018240    20400.00
        2729  -0.0018320    23600.00
        2730  -0.0018400    26400.00
        2731  -0.0018480    26800.00
        2732  -0.0018560    24800.00
        2733  -0.0018640    20800.00
        2734  -0.0018720    16400.00
        2735  -0.0018800    12000.00
        2736  -0.0018880     8400.00
        2737  -0.0018960     7600.00
        2738  -0.0019040     9200.00
        2739  -0.0019120    11600.00
        2740  -0.0019200    14800.00
        2741  -0.0019280    17200.00
        2742  -0.0019360    18400.00
        2743  -0.0019440    18000.00
        2744  -0.0019520    15200.00
        2745  -0.0019600    11600.00
        2746  -0.0019680     7200.00
        2747  -0.0019760     3600.00
        2748  -0.0019840     1200.00
        2749  -0.0019920      800.00
        2750  -0.0020000     2000.00
        2751  -0.0020080     4400.00
        2752  -0.0020160     6800.00
        2753  -0.0020240     7600.00
        2754  -0.0020320      400.00
        2755  -0.0020400   -10800.00
        2756  -0.0020480   -21600.00
        2757  -0.0020560   -22000.00
        2758  -0.0020640   -30400.00
        2759  -0.0020720   -26400.00
        2760  -0.0020800   -23200.00
        2761  -0.0020880   -10800.00
        2762  -0.0020960    -8400.00
        2763  -0.0021040    -2400.00
        2764  -0.0021120    -3600.00
        2765  -0.0021200    -3200.00
        2766  -0.0021280   -15200.00
        2767  -0.0021360   -20400.00
        2768  -0.0021440   -28800.00
        2769  -0.0021520   -31200.00
        2770  -0.0021600   -34400.00
        2771  -0.0021680   -29600.00
        2772  -0.0021760   -24800.00
        2773  -0.0021840   -16800.00
        2774  -0.0021920   -13600.00
        2775  -0.0022000    -9600.00
        2776  -0.0022080   -10400.00
        2777  -0.0022160   -15200.00
        2778  -0.0022240   -22800.00
        2779  -0.0022320   -28000.00
        2780  -0.0022400   -33600.00
        2781  -0.0022480   -35200.00
        2782  -0.0022560   -35600.00
        2783  -0.0022640   -30000.00
        2784  -0.0022720   -25200.00
        2785  -0.0022800   -19600.00
        2786  -0.0022880   -16400.00
        2787  -0.0022960   -14000.00
        2788  -0.0023040   -16800.00
        2789  -0.0023120   -21200.00
        2790  -0.0023200   -27600.00
        2791  -0.0023280   -31200.00
        2792  -0.0023360   -34800.00
        2793  -0.0023440   -36000.00
        2794  -0.0023520   -33200.00
        2795  -0.0023600   -28400.00
        2796  -0.0023680   -24400.00
        2797  -0.0023760   -19600.00
        2798  -0.0023840   -16800.00
        2799  -0.0023920   -16400.00
        2800  -0.0024000   -18800.00
        2801  -0.0024080   -23200.00
        2802  -0.0024160   -27600.00
        2803  -0.0024240   -31200.00
        2804  -0.0024320   -32800.00
        2805  -0.0024400   -31600.00
        2806  -0.0024480   -28400.00
        2807  -0.0024560   -24400.00
        2808  -0.0024640   -20000.00
        2809  -0.0024720   -16400.00
        2810  -0.0024800   -14000.00
        2811  -0.0024880   -14800.00
        2812  -0.0024960   -17200.00
        2813  -0.0025040   -21200.00
        2814  -0.0025120   -24400.00
        2815  -0.0025200   -26400.00
        2816  -0.0025280   -26800.00
        2817  -0.0025360   -24800.00
        2818  -0.0025440   -21200.00
        2819  -0.0025520   -16800.00
        2820  -0.0025600   -13200.00
        2821  -0.0025680   -10000.00
        2822  -0.0025760    -8800.00
        2823  -0.0025840   -10400.00
        2824  -0.0025920   -12400.00
        2825  -0.0026000   -15200.00
        2826  -0.0026080   -17600.00
        2827  -0.0026160   -18800.00
        2828  -0.0026240   -18000.00
        2829  -0.0026320   -15200.00
        2830  -0.0026400   -11600.00
        2831  -0.0026480    -7600.00
        2832  -0.0026560    -4400.00
        2833  -0.0026640    -2400.00
        2834  -0.0026720    -2000.00
        2835  -0.0026800    -3200.00
        2836  -0.0026880    -5600.00
        2837  -0.0026960    -7200.00
        2838  -0.0027040    -8400.00
        2839  -0.0027120    -6800.00
        2840  -0.0027200     4000.00
        2841  -0.0027280    15600.00
        2842  -0.0027360    24400.00
        2843  -0.0027440    27600.00
        2844  -0.0027520    29600.00
        2845  -0.0027600    27600.00
        2846  -0.0027680    18400.00
        2847  -0.0027760     8400.00
        2848  -0.0027840     5200.00
        2849  -0.0027920      800.00
        2850  -0.0028000     2400.00
        2851  -0.0028080     6000.00
        2852  -0.0028160    16400.00
        2853  -0.0028240    24400.00
        2854  -0.0028320    30800.00
        2855  -0.0028400    33200.00
        2856  -0.0028480    34000.00
        2857  -0.0028560    29200.00
        2858  -0.0028640    21200.00
        2859  -0.0028720    15200.00
        2860  -0.0028800    10400.00
        2861  -0.0028880     8800.00
        2862  -0.0028960    10400.00
        2863  -0.0029040    16800.00
        2864  -0.0029120    24400.00
        2865  -0.0029200    30400.00
        2866  -0.0029280    35600.00
        2867  -0.0029360    36400.00
        2868  -0.0029440    34800.00
        2869  -0.0029520    29200.00
        2870  -0.0029600    23200.00
        2871  -0.0029680    18000.00
        2872  -0.0029760    14000.00
        2873  -0.0029840    13600.00
        2874  -0.0029920    16800.00
        2875  -0.0030000    22800.00
        2876  -0.0030080    28400.00
        2877  -0.0030160    33200.00
        2878  -0.0030240    36000.00
        2879  -0.0030320    36000.00
        2880  -0.0030400    32800.00
        2881  -0.0030480    27600.00
        2882  -0.0030560    22000.00
        2883  -0.0030640    17600.00
        2884  -0.0030720    15200.00
        2885  -0.0030800    16000.00
        2886  -0.0030880    18800.00
        2887  -0.0030960    24000.00
        2888  -0.0031040    28400.00
        2889  -0.0031120    31600.00
        2890  -0.0031200    33200.00
        2891  -0.0031280    31600.00
        2892  -0.0031360    27600.00
        2893  -0.0031440    22800.00
        2894  -0.0031520    18000.00
        2895  -0.0031600    14800.00
        2896  -0.0031680    13200.00
        2897  -0.0031760    14800.00
        2898  -0.0031840    17200.00
        2899  -0.0031920    21200.00
        2900  -0.0032000    24800.00
        2901  -0.0032080    26800.00
        2902  -0.0032160    26800.00
        2903  -0.0032240    24400.00
        2904  -0.0032320    20400.00
        2905  -0.0032400    15600.00
        2906  -0.0032480    11600.00
        2907  -0.0032560     8800.00
        2908  -0.0032640     8000.00
        2909  -0.0032720     9200.00
        2910  -0.0032800    12400.00
        2911  -0.0032880    15600.00
        2912  -0.0032960    18400.00
        2913  -0.0033040    18800.00
        2914  -0.0033120    18000.00
        2915  -0.0033200    14800.00
        2916  -0.0033280    10800.00
        2917  -0.0033360     6800.00
        2918  -0.0033440     3200.00
        2919  -0.0033520     1200.00
        2920  -0.0033600     1200.00
        2921  -0.0033680     2800.00
        2922  -0.0033760     5200.00
        2923  -0.0033840     7200.00
        2924  -0.0033920     7200.00
        2925  -0.0034000    -2400.00
        2926  -0.0034080   -12400.00
        2927  -0.0034160   -23200.00
        2928  -0.0034240   -23200.00
        2929  -0.0034320   -30000.00
        2930  -0.0034400   -26800.00
        2931  -0.0034480   -20000.00
        2932  -0.0034560   -10800.00
        2933  -0.0034640    -7200.00
        2934  -0.0034720    -2400.00
        2935  -0.0034800    -3600.00
        2936  -0.0034880    -5200.00
        2937  -0.0034960   -16400.00
        2938  -0.0035040   -22000.00
        2939  -0.0035120   -29200.00
        2940  -0.0035200   -32000.00
        2941  -0.0035280   -34000.00
        2942  -0.0035360   -28400.00
        2943  -0.0035440   -23200.00
        2944  -0.0035520   -16000.00
        2945  -0.0035600   -12400.00
        2946  -0.0035680   -10000.00
        2947  -0.0035760   -11600.00
        2948  -0.0035840   -16800.00
        2949  -0.0035920   -23600.00
        2950  -0.0036000   -29600.00
        2951  -0.0036080   -34400.00
        2952  -0.0036160   -35600.00
        2953  -0.0036240   -34800.00
        2954  -0.0036320   -29600.00
        2955  -0.0036400   -24400.00
        2956  -0.0036480   -18800.00
        2957  -0.0036560   -16400.00
        2958  -0.0036640   -14000.00
        2959  -0.0036720   -18000.00
        2960  -0.0036800   -22000.00
        2961  -0.0036880   -28000.00
        2962  -0.0036960   -32800.00
        2963  -0.0037040   -35600.00
        2964  -0.0037120   -35600.00
        2965  -0.0037200   -32800.00
        2966  -0.0037280   -28000.00
        2967  -0.0037360   -23200.00
        2968  -0.0037440   -18800.00
        2969  -0.0037520   -16400.00
        2970  -0.0037600   -16800.00
        2971  -0.0037680   -19600.00
        2972  -0.0037760   -23600.00
        2973  -0.0037840   -28000.00
        2974  -0.0037920   -31200.00
        2975  -0.0038000   -32800.00
        2976  -0.0038080   -31600.00
        2977  -0.0038160   -27600.00
        2978  -0.0038240   -23200.00
        2979  -0.0038320   -18800.00
        2980  -0.0038400   -15200.00
        2981  -0.0038480   -14000.00
        2982  -0.0038560   -15200.00
        2983  -0.0038640   -18400.00
        2984  -0.0038720   -21600.00
        2985  -0.0038800   -24800.00
        2986  -0.0038880   -26800.00
        2987  -0.0038960   -26800.00
        2988  -0.0039040   -24400.00
        2989  -0.0039120   -20400.00
        2990  -0.0039200   -16400.00
        2991  -0.0039280   -12400.00
        2992  -0.0039360   -10000.00
        2993  -0.0039440    -9200.00
        2994  -0.0039520   -10800.00
        2995  -0.0039600   -13600.00
        2996  -0.0039680   -16000.00
        2997  -0.0039760   -18400.00
        2998  -0.0039840   -18800.00
        2999  -0.0039920   -18000.00
        3000  -0.0040000   -14800.00
        3001  -0.0040080   -11600.00
        3002  -0.0040160    -7600.00
        3003  -0.0040240    -4400.00
        3004  -0.0040320    -2400.00
        3005  -0.0040400    -2400.00
        3006  -0.0040480    -4000.00
        3007  -0.0040560    -6000.00
        3008  -0.0040640    -7600.00
        3009  -0.0040720    -8400.00
        3010  -0.0040800    -5600.00
        3011  -0.0040880     5600.00
        3012  -0.0040960    17200.00
        3013  -0.0041040    24000.00
        3014  -0.0041120    29200.00
        3015  -0.0041200    28400.00
        3016  -0.0041280    26400.00
        3017  -0.0041360    16400.00
        3018  -0.0041440     8400.00
        3019  -0.0041520     3600.00
        3020  -0.0041600     1200.00
        3021  -0.0041680     1200.00
        3022  -0.0041760     8400.00
        3023  -0.0041840    17600.00
        3024  -0.0041920    26000.00
        3025  -0.0042000    31200.00
        3026  -0.0042080    34000.00
        3027  -0.0042160    33600.00
        3028  -0.0042240    28000.00
        3029  -0.0042320    19600.00
        3030  -0.0042400    14800.00
        3031  -0.0042480     9600.00
        3032  -0.0042560     9200.00
        3033  -0.0042640    11200.00
        3034  -0.0042720    18400.00
        3035  -0.0042800    26000.00
        3036  -0.0042880    32000.00
        3037  -0.0042960    36000.00
        3038  -0.0043040    37200.00
        3039  -0.0043120    34400.00
        3040  -0.0043200    28400.00
        3041  -0.0043280    21600.00
        3042  -0.0043360    17200.00
        3043  -0.0043440    14000.00
        3044  -0.0043520    14000.00
        3045  -0.0043600    18000.00
        3046  -0.0043680    23600.00
        3047  -0.0043760    29600.00
        3048  -0.0043840    34000.00
        3049  -0.0043920    36000.00
        3050  -0.0044000    36000.00
        3051  -0.0044080    31600.00
        3052  -0.0044160    26400.00
        3053  -0.0044240    21200.00
        3054  -0.0044320    16800.00
        3055  -0.0044400    14800.00
        3056  -0.0044480    16000.00
        3057  -0.0044560    20000.00
        3058  -0.0044640    24800.00
        3059  -0.0044720    29200.00
        3060  -0.0044800    32400.00
        3061  -0.0044880    33200.00
        3062  -0.0044960    31200.00
        3063  -0.0045040    26800.00
        3064  -0.0045120    22000.00
        3065  -0.0045200    17200.00
        3066  -0.0045280    14000.00
        3067  -0.0045360    13200.00
        3068  -0.0045440    14800.00
        3069  -0.0045520    18000.00
        3070  -0.0045600    21600.00
        3071  -0.0045680    25200.00
        3072  -0.0045760    26800.00
        3073  -0.0045840    26400.00
        3074  -0.0045920    23600.00
        3075  -0.0046000    19600.00
        3076  -0.0046080    15200.00
        3077  -0.0046160    10800.00
        3078  -0.0046240     8400.00
        3079  -0.0046320     8400.00
        3080  -0.0046400    10400.00
        3081  -0.0046480    13200.00
        3082  -0.0046560    16400.00
        3083  -0.0046640    18400.00
        3084  -0.0046720    18800.00
        3085  -0.0046800    17600.00
        3086  -0.0046880    14000.00
        3087  -0.0046960    10000.00
        3088  -0.0047040     5600.00
        3089  -0.0047120     2800.00
        3090  -0.0047200      800.00
        3091  -0.0047280     1600.00
        3092  -0.0047360     3600.00
        3093  -0.0047440     5200.00
        3094  -0.0047520     7200.00
        3095  -0.0047600     6800.00
        3096  -0.0047680    -4400.00
        3097  -0.0047760   -14000.00
        3098  -0.0047840   -22800.00
        3099  -0.0047920   -24800.00
        3100  -0.0048000   -29200.00
        3101  -0.0048080   -26400.00
        3102  -0.0048160   -17200.00
        3103  -0.0048240   -10400.00
        3104  -0.0048320    -5600.00
        3105  -0.0048400    -2400.00
        3106  -0.0048480    -2800.00
        3107  -0.0048560    -6800.00
        3108  -0.0048640   -17200.00
        3109  -0.0048720   -23600.00
        3110  -0.0048800   -29600.00
        3111  -0.0048880   -32800.00
        3112  -0.0048960   -33200.00
        3113  -0.0049040   -27600.00
        3114  -0.0049120   -22000.00
        3115  -0.0049200   -15200.00
        3116  -0.0049280   -12000.00
        3117  -0.0049360   -10000.00
        3118  -0.0049440   -12000.00
        3119  -0.0049520   -18000.00
        3120  -0.0049600   -24800.00
        3121  -0.0049680   -30000.00
        3122  -0.0049760   -34400.00
        3123  -0.0049840   -36000.00
        3124  -0.0049920   -34400.00
        3125  -0.0050000   -28800.00
        3126  -0.0050080   -23600.00
        3127  -0.0050160   -18400.00
        3128  -0.0050240   -15200.00
        3129  -0.0050320   -14800.00
        3130  -0.0050400   -18400.00
        3131  -0.0050480   -23600.00
        3132  -0.0050560   -29200.00
        3133  -0.0050640   -32800.00
        3134  -0.0050720   -35600.00
        3135  -0.0050800   -35600.00
        3136  -0.0050880   -32400.00
        3137  -0.0050960   -27200.00
        3138  -0.0051040   -22400.00
        3139  -0.0051120   -18400.00
        3140  -0.0051200   -16800.00
        3141  -0.0051280   -16800.00
        3142  -0.0051360   -20400.00
        3143  -0.0051440   -24800.00
        3144  -0.0051520   -28400.00
        3145  -0.0051600   -31600.00
        3146  -0.0051680   -33200.00
        3147  -0.0051760   -31200.00
        3148  -0.0051840   -27200.00
        3149  -0.0051920   -22800.00
        3150  -0.0052000   -18400.00
        3151  -0.0052080   -15200.00
        3152  -0.0052160   -14000.00
        3153  -0.0052240   -15600.00
        3154  -0.0052320   -18800.00
        3155  -0.0052400   -22000.00
        3156  -0.0052480   -24800.00
        3157  -0.0052560   -26800.00
        3158  -0.0052640   -26400.00
        3159  -0.0052720   -23600.00
        3160  -0.0052800   -19600.00
        3161  -0.0052880   -15600.00
        3162  -0.0052960   -12000.00
        3163  -0.0053040   -10000.00
        3164  -0.0053120    -9200.00
        3165  -0.0053200   -11200.00
        3166  -0.0053280   -13600.00
        3167  -0.0053360   -16400.00
        3168  -0.0053440   -18400.00
        3169  -0.0053520   -18800.00
        3170  -0.0053600   -17200.00
        3171  -0.0053680   -14400.00
        3172  -0.0053760   -10400.00
        3173  -0.0053840    -6800.00
        3174  -0.0053920    -3600.00
        3175  -0.0054000    -2400.00
        3176  -0.0054080    -2800.00
        3177  -0.0054160    -4000.00
        3178  -0.0054240    -6000.00
        3179  -0.0054320    -7600.00
        3180  -0.0054400    -8400.00
        3181  -0.0054480    -4400.00
        3182  -0.0054560     7200.00
        3183  -0.0054640    19600.00
        3184  -0.0054720    23600.00
        3185  -0.0054800    29600.00
        3186  -0.0054880    28000.00
        3187  -0.0054960    26000.00
        3188  -0.0055040    13600.00
        3189  -0.0055120     7600.00
        3190  -0.0055200     2000.00
        3191  -0.0055280     2000.00
        3192  -0.0055360      800.00
        3193  -0.0055440    10400.00
        3194  -0.0055520    18400.00
        3195  -0.0055600    27600.00
        3196  -0.0055680    31600.00
        3197  -0.0055760    34400.00
        3198  -0.0055840    32400.00
        3199  -0.0055920    26400.00
        3200  -0.0056000    18000.00
        3201  -0.0056080    14000.00
        3202  -0.0056160     8800.00
        3203  -0.0056240     9200.00
        3204  -0.0056320    11600.00
        3205  -0.0056400    19600.00
        3206  -0.0056480    26400.00
        3207  -0.0056560    32800.00
        3208  -0.0056640    36000.00
        3209  -0.0056720    37200.00
        3210  -0.0056800    33200.00
        3211  -0.0056880    27600.00
        3212  -0.0056960    21200.00
        3213  -0.0057040    16800.00
        3214  -0.0057120    13600.00
        3215  -0.0057200    14800.00
        3216  -0.0057280    18400.00
        3217  -0.0057360    24800.00
        3218  -0.0057440    29600.00
        3219  -0.0057520    34400.00
        3220  -0.0057600    36400.00
        3221  -0.0057680    34800.00
        3222  -0.0057760    31200.00
        3223  -0.0057840    26000.00
        3224  -0.0057920    20400.00
        3225  -0.0058000    16400.00
        3226  -0.0058080    15200.00
        3227  -0.0058160    16800.00
        3228  -0.0058240    20800.00
        3229  -0.0058320    25600.00
        3230  -0.0058400    29600.00
        3231  -0.0058480    32800.00
        3232  -0.0058560    33200.00
        3233  -0.0058640    30800.00
        3234  -0.0058720    26400.00
        3235  -0.0058800    21200.00
        3236  -0.0058880    16800.00
        3237  -0.0058960    13600.00
        3238  -0.0059040    13200.00
        3239  -0.0059120    15200.00
        3240  -0.0059200    18800.00
        3241  -0.0059280    22800.00
        3242  -0.0059360    26000.00
        3243  -0.0059440    26800.00
        3244  -0.0059520    26400.00
        3245  -0.0059600    23200.00
        3246  -0.0059680    18800.00
        3247  -0.0059760    14000.00
        3248  -0.0059840    10400.00
        3249  -0.0059920     8400.00
        3250  -0.0060000     8400.00
        3251  -0.0060080    10400.00
        3252  -0.0060160    13600.00
        3253  -0.0060240    16400.00
        3254  -0.0060320    18000.00
        3255  -0.0060400    18400.00
        3256  -0.0060480    16800.00
        3257  -0.0060560    13600.00
        3258  -0.0060640     9200.00
        3259  -0.0060720     5200.00
        3260  -0.0060800     2400.00
        3261  -0.0060880      800.00
        3262  -0.0060960     2000.00
        3263  -0.0061040     3600.00
        3264  -0.0061120     5600.00
        3265  -0.0061200     7600.00
        3266  -0.0061280     5600.00
        3267  -0.0061360    -6800.00
        3268  -0.0061440   -16400.00
        3269  -0.0061520   -23200.00
        3270  -0.0061600   -26400.00
        3271  -0.0061680   -27600.00
        3272  -0.0061760   -26800.00
        3273  -0.0061840   -15200.00
        3274  -0.0061920   -10000.00
        3275  -0.0062000    -4400.00
        3276  -0.0062080    -2400.00
        3277  -0.0062160    -2400.00
        3278  -0.0062240    -9200.00
        3279  -0.0062320   -17200.00
        3280  -0.0062400   -26000.00
        3281  -0.0062480   -29200.00
        3282  -0.0062560   -33200.00
        3283  -0.0062640   -32800.00
        3284  -0.0062720   -26800.00
        3285  -0.0062800   -20000.00
        3286  -0.0062880   -15200.00
        3287  -0.0062960   -10800.00
        3288  -0.0063040    -9600.00
        3289  -0.0063120   -12000.00
        3290  -0.0063200   -18800.00
        3291  -0.0063280   -24800.00
        3292  -0.0063360   -31200.00
        3293  -0.0063440   -34400.00
        3294  -0.0063520   -36000.00
        3295  -0.0063600   -32800.00
        3296  -0.0063680   -27600.00
        3297  -0.0063760   -22400.00
        3298  -0.0063840   -17200.00
        3299  -0.0063920   -15200.00
        3300  -0.0064000   -14800.00
        3301  -0.0064080   -18800.00
        3302  -0.0064160   -23600.00
        3303  -0.0064240   -29600.00
        3304  -0.0064320   -33200.00
        3305  -0.0064400   -36000.00
        3306  -0.0064480   -34800.00
        3307  -0.0064560   -31200.00
        3308  -0.0064640   -26400.00
        3309  -0.0064720   -21600.00
        3310  -0.0064800   -17600.00
        3311  -0.0064880   -16000.00
        3312  -0.0064960   -17200.00
        3313  -0.0065040   -21200.00
        3314  -0.0065120   -25200.00
        3315  -0.0065200   -29200.00
        3316  -0.0065280   -32400.00
        3317  -0.0065360   -32800.00
        3318  -0.0065440   -30800.00
        3319  -0.0065520   -26800.00
        3320  -0.0065600   -22000.00
        3321  -0.0065680   -18000.00
        3322  -0.0065760   -14800.00
        3323  -0.0065840   -14000.00
        3324  -0.0065920   -16000.00
        3325  -0.0066000   -19200.00
        3326  -0.0066080   -22800.00
        3327  -0.0066160   -26000.00
        3328  -0.0066240   -26800.00
        3329  -0.0066320   -26000.00
        3330  -0.0066400   -23200.00
        3331  -0.0066480   -19200.00
        3332  -0.0066560   -15200.00
        3333  -0.0066640   -12000.00
        3334  -0.0066720    -9200.00
        3335  -0.0066800    -9600.00
        3336  -0.0066880   -11600.00
        3337  -0.0066960   -14000.00
        3338  -0.0067040   -16800.00
        3339  -0.0067120   -18400.00
        3340  -0.0067200   -18800.00
        3341  -0.0067280   -16800.00
        3342  -0.0067360   -13600.00
        3343  -0.0067440   -10000.00
        3344  -0.0067520    -6000.00
        3345  -0.0067600    -3600.00
        3346  -0.0067680    -2400.00
        3347  -0.0067760    -2800.00
        3348  -0.0067840    -4400.00
        3349  -0.0067920    -6800.00
        3350  -0.0068000    -8400.00
        3351  -0.0068080    -8400.00
        3352  -0.0068160    -2400.00
        3353  -0.0068240     9200.00
        3354  -0.0068320    21200.00
        3355  -0.0068400    24000.00
        3356  -0.0068480    30800.00
        3357  -0.0068560    27600.00
        3358  -0.0068640    24400.00
        3359  -0.0068720    12000.00
        3360  -0.0068800     7600.00
        3361  -0.0068880      800.00
        3362  -0.0068960     2800.00
        3363  -0.0069040     1600.00
        3364  -0.0069120    12400.00
        3365  -0.0069200    20000.00
        3366  -0.0069280    28400.00
        3367  -0.0069360    32400.00
        3368  -0.0069440    34800.00
        3369  -0.0069520    31200.00
        3370  -0.0069600    26000.00
        3371  -0.0069680    16800.00
        3372  -0.0069760    13200.00
        3373  -0.0069840     8400.00
        3374  -0.0069920    10000.00
        3375  -0.0070000    12400.00
        3376  -0.0070080    21200.00
        3377  -0.0070160    26800.00
        3378  -0.0070240    33600.00
        3379  -0.0070320    36000.00
        3380  -0.0070400    37200.00
        3381  -0.0070480    32000.00
        3382  -0.0070560    26000.00
        3383  -0.0070640    20000.00
        3384  -0.0070720    16000.00
        3385  -0.0070800    13600.00
        3386  -0.0070880    14800.00
        3387  -0.0070960    19600.00
        3388  -0.0071040    25200.00
        3389  -0.0071120    30800.00
        3390  -0.0071200    34800.00
        3391  -0.0071280    36000.00
        3392  -0.0071360    34800.00
        3393  -0.0071440    29600.00
        3394  -0.0071520    24800.00
        3395  -0.0071600    19600.00
        3396  -0.0071680    15600.00
        3397  -0.0071760    15200.00
        3398  -0.0071840    16800.00
        3399  -0.0071920    21200.00
        3400  -0.0072000    26400.00
        3401  -0.0072080    30400.00
        3402  -0.0072160    32800.00
        3403  -0.0072240    32800.00
        3404  -0.0072320    30000.00
        3405  -0.0072400    26000.00
        3406  -0.0072480    20400.00
        3407  -0.0072560    16400.00
        3408  -0.0072640    13200.00
        3409  -0.0072720    13200.00
        3410  -0.0072800    15600.00
        3411  -0.0072880    19600.00
        3412  -0.0072960    22800.00
        3413  -0.0073040    26000.00
        3414  -0.0073120    27200.00
        3415  -0.0073200    26000.00
        3416  -0.0073280    22400.00
        3417  -0.0073360    18000.00
        3418  -0.0073440    13600.00
        3419  -0.0073520    10400.00
        3420  -0.0073600     8400.00
        3421  -0.0073680     8400.00
        3422  -0.0073760    10800.00
        3423  -0.0073840    14000.00
        3424  -0.0073920    16800.00
        3425  -0.0074000    18800.00
        3426  -0.0074080    18800.00
        3427  -0.0074160    16800.00
        3428  -0.0074240    13200.00
        3429  -0.0074320     8400.00
        3430  -0.0074400     5200.00
        3431  -0.0074480     2000.00
        3432  -0.0074560      800.00
        3433  -0.0074640     2400.00
        3434  -0.0074720     4000.00
        3435  -0.0074800     6000.00
        3436  -0.0074880     7600.00
        3437  -0.0074960     4400.00
        3438  -0.0075040    -8400.00
        3439  -0.0075120   -18000.00
        3440  -0.0075200   -22000.00
        3441  -0.0075280   -28000.00
        3442  -0.0075360   -26800.00
        3443  -0.0075440   -26400.00
        3444  -0.0075520   -13200.00
        3445  -0.0075600    -9200.00
        3446  -0.0075680    -3600.00
        3447  -0.0075760    -2800.00
        3448  -0.0075840    -2400.00
        3449  -0.0075920   -11600.00
        3450  -0.0076000   -18000.00
        3451  -0.0076080   -26800.00
        3452  -0.0076160   -30000.00
        3453  -0.0076240   -33600.00
        3454  -0.0076320   -31600.00
        3455  -0.0076400   -26000.00
        3456  -0.0076480   -18400.00
        3457  -0.0076560   -14000.00
        3458  -0.0076640   -10400.00
        3459  -0.0076720   -10000.00
        3460  -0.0076800   -12400.00
        3461  -0.0076880   -20400.00
        3462  -0.0076960   -26000.00
        3463  -0.0077040   -31600.00
        3464  -0.0077120   -34800.00
        3465  -0.0077200   -36000.00
        3466  -0.0077280   -32400.00
        3467  -0.0077360   -26800.00
        3468  -0.0077440   -21600.00
        3469  -0.0077520   -17200.00
        3470  -0.0077600   -14800.00
        3471  -0.0077680   -15200.00
        3472  -0.0077760   -19600.00
        3473  -0.0077840   -24800.00
        3474  -0.0077920   -29600.00
        3475  -0.0078000   -34000.00
        3476  -0.0078080   -36000.00
        3477  -0.0078160   -34400.00
        3478  -0.0078240   -30800.00
        3479  -0.0078320   -25200.00
        3480  -0.0078400   -20400.00
        3481  -0.0078480   -17200.00
        3482  -0.0078560   -15600.00
        3483  -0.0078640   -18000.00
        3484  -0.0078720   -21600.00
        3485  -0.0078800   -25600.00
        3486  -0.0078880   -29600.00
        3487  -0.0078960   -32400.00
        3488  -0.0079040   -32800.00
        3489  -0.0079120   -29600.00
        3490  -0.0079200   -25200.00
        3491  -0.0079280   -21200.00
        3492  -0.0079360   -17200.00
        3493  -0.0079440   -14000.00
        3494  -0.0079520   -14000.00
        3495  -0.0079600   -16400.00
        3496  -0.0079680   -19600.00
        3497  -0.0079760   -22800.00
        3498  -0.0079840   -26000.00
        3499  -0.0079920   -26800.00
        3500  -0.0080000   -25600.00
        3501  -0.0080080   -22000.00
        3502  -0.0080160   -18400.00
        3503  -0.0080240   -14000.00
        3504  -0.0080320   -10800.00
        3505  -0.0080400    -9200.00
        3506  -0.0080480   -10000.00
        3507  -0.0080560   -12000.00
        3508  -0.0080640   -14400.00
        3509  -0.0080720   -17200.00
        3510  -0.0080800   -18800.00
        3511  -0.0080880   -18800.00
        3512  -0.0080960   -16800.00
        3513  -0.0081040   -13200.00
        3514  -0.0081120    -9200.00
        3515  -0.0081200    -5600.00
        3516  -0.0081280    -2800.00
        3517  -0.0081360    -2400.00
        3518  -0.0081440    -2800.00
        3519  -0.0081520    -5200.00
        3520  -0.0081600    -7200.00
        3521  -0.0081680    -8400.00
        3522  -0.0081760    -8400.00
        3523  -0.0081840     -800.00
        3524  -0.0081920    11200.00
        3525  -0.0082000    22400.00
        3526  -0.0082080    24400.00
        3527  -0.0082160    30400.00
        3528  -0.0082240    26800.00
        3529  -0.0082320    22800.00
        3530  -0.0082400    10000.00
        3531  -0.0082480     6800.00
        3532  -0.0082560      400.00
        3533  -0.0082640     2800.00
        3534  -0.0082720     2400.00
        3535  -0.0082800    13600.00
        3536  -0.0082880    21200.00
        3537  -0.0082960    29600.00
        3538  -0.0083040    32400.00
        3539  -0.0083120    34400.00
        3540  -0.0083200    30400.00
        3541  -0.0083280    24400.00
        3542  -0.0083360    16000.00
        3543  -0.0083440    12000.00
        3544  -0.0083520     8400.00
        3545  -0.0083600    10000.00
        3546  -0.0083680    13600.00
        3547  -0.0083760    22400.00
        3548  -0.0083840    28400.00
        3549  -0.0083920    34400.00
        3550  -0.0084000    36000.00
        3551  -0.0084080    36400.00
        3552  -0.0084160    31200.00
        3553  -0.0084240    25200.00
        3554  -0.0084320    19200.00
        3555  -0.0084400    15200.00
        3556  -0.0084480    13600.00
        3557  -0.0084560    15200.00
        3558  -0.0084640    20000.00
        3559  -0.0084720    26400.00
        3560  -0.0084800    31600.00
        3561  -0.0084880    36000.00
        3562  -0.0084960    36400.00
        3563  -0.0085040    34400.00
        3564  -0.0085120    29200.00
        3565  -0.0085200    23600.00
        3566  -0.0085280    18800.00
        3567  -0.0085360    15600.00
        3568  -0.0085440    15200.00
        3569  -0.0085520    18000.00
        3570  -0.0085600    21600.00
        3571  -0.0085680    26800.00
        3572  -0.0085760    30800.00
        3573  -0.0085840    32800.00
        3574  -0.0085920    32400.00
        3575  -0.0086000    29200.00
        3576  -0.0086080    24400.00
        3577  -0.0086160    19600.00
        3578  -0.0086240    15200.00
        3579  -0.0086320    13200.00
        3580  -0.0086400    13600.00
        3581  -0.0086480    16000.00
        3582  -0.0086560    20000.00
        3583  -0.0086640    23600.00
        3584  -0.0086720    26400.00
        3585  -0.0086800    26800.00
        3586  -0.0086880    25200.00
        3587  -0.0086960    21600.00
        3588  -0.0087040    16800.00
        3589  -0.0087120    12400.00
        3590  -0.0087200     9200.00
        3591  -0.0087280     7600.00
        3592  -0.0087360     8800.00
        3593  -0.0087440    11600.00
        3594  -0.0087520    14000.00
        3595  -0.0087600    17200.00
        3596  -0.0087680    18400.00
        3597  -0.0087760    18000.00
        3598  -0.0087840    15600.00
        3599  -0.0087920    12400.00
        3600  -0.0088000     7600.00
        3601  -0.0088080     4400.00
        3602  -0.0088160     2000.00
        3603  -0.0088240     1200.00
        3604  -0.0088320     2000.00
        3605  -0.0088400     4000.00
        3606  -0.0088480     6800.00
        3607  -0.0088560     8000.00
        3608  -0.0088640     2400.00
        3609  -0.0088720    -9200.00
        3610  -0.0088800   -20000.00
        3611  -0.0088880   -21600.00
        3612  -0.0088960   -29600.00
        3613  -0.0089040   -26400.00
        3614  -0.0089120   -24800.00
        3615  -0.0089200   -11600.00
        3616  -0.0089280    -9200.00
        3617  -0.0089360    -2400.00
        3618  -0.0089440    -3600.00
        3619  -0.0089520    -2000.00
        3620  -0.0089600   -13600.00
        3621  -0.0089680   -18800.00
        3622  -0.0089760   -28000.00
        3623  -0.0089840   -30000.00
        3624  -0.0089920   -34400.00
        3625  -0.0090000   -30800.00
        3626  -0.0090080   -25200.00
        3627  -0.0090160   -17600.00
        3628  -0.0090240   -14000.00
        3629  -0.0090320    -9600.00
        3630  -0.0090400   -10400.00
        3631  -0.0090480   -13600.00
        3632  -0.0090560   -21200.00
        3633  -0.0090640   -26800.00
        3634  -0.0090720   -32800.00
        3635  -0.0090800   -34800.00
        3636  -0.0090880   -36000.00
        3637  -0.0090960   -31200.00
        3638  -0.0091040   -26400.00
        3639  -0.0091120   -20400.00
        3640  -0.0091200   -16800.00
        3641  -0.0091280   -14800.00
        3642  -0.0091360   -16000.00
        3643  -0.0091440   -20400.00
        3644  -0.0091520   -26000.00
        3645  -0.0091600   -31200.00
        3646  -0.0091680   -34400.00
        3647  -0.0091760   -36000.00
        3648  -0.0091840   -34000.00
        3649  -0.0091920   -29600.00
        3650  -0.0092000   -24800.00
        3651  -0.0092080   -20000.00
        3652  -0.0092160   -16800.00
        3653  -0.0092240   -15600.00
        3654  -0.0092320   -18400.00
        3655  -0.0092400   -22000.00
        3656  -0.0092480   -26800.00
        3657  -0.0092560   -30000.00
        3658  -0.0092640   -32800.00
        3659  -0.0092720   -32400.00
        3660  -0.0092800   -29600.00
        3661  -0.0092880   -25200.00
        3662  -0.0092960   -20400.00
        3663  -0.0093040   -16400.00
        3664  -0.0093120   -14000.00
        3665  -0.0093200   -14400.00
        3666  -0.0093280   -17200.00
        3667  -0.0093360   -20000.00
        3668  -0.0093440   -23600.00
        3669  -0.0093520   -26000.00
        3670  -0.0093600   -26800.00
        3671  -0.0093680   -25200.00
        3672  -0.0093760   -22000.00
        3673  -0.0093840   -17600.00
        3674  -0.0093920   -13600.00
        3675  -0.0094000   -10400.00
        3676  -0.0094080    -9200.00
        3677  -0.0094160   -10000.00
        3678  -0.0094240   -12000.00
        3679  -0.0094320   -14800.00
        3680  -0.0094400   -17200.00
        3681  -0.0094480   -18400.00
        3682  -0.0094560   -18400.00
        3683  -0.0094640   -15600.00
        3684  -0.0094720   -12000.00
        3685  -0.0094800    -8400.00
        3686  -0.0094880    -5200.00
        3687  -0.0094960    -2400.00
        3688  -0.0095040    -2400.00
        3689  -0.0095120    -2800.00
        3690  -0.0095200    -5200.00
        3691  -0.0095280    -6800.00
        3692  -0.0095360    -7600.00
        3693  -0.0095440    -1200.00
        3694  -0.0095520     8800.00
        3695  -0.0095600    20400.00
        3696  -0.0095680    21600.00
        3697  -0.0095760    28000.00
        3698  -0.0095840    26000.00
        3699  -0.0095920    23200.00
        3700  -0.0096000    11200.00
        3701  -0.0096080     8800.00
        3702  -0.0096160     1200.00
        3703  -0.0096240     4000.00
        3704  -0.0096320     2000.00
        3705  -0.0096400    13200.00
        3706  -0.0096480    19200.00
        3707  -0.0096560    26800.00
        3708  -0.0096640    29600.00
        3709  -0.0096720    33200.00
        3710  -0.0096800    29600.00
        3711  -0.0096880    24400.00
        3712  -0.0096960    16800.00
        3713  -0.0097040    13600.00
        3714  -0.0097120     9200.00
        3715  -0.0097200    10400.00
        3716  -0.0097280    13200.00
        3717  -0.0097360    21200.00
        3718  -0.0097440    26400.00
        3719  -0.0097520    32400.00
        3720  -0.0097600    34000.00
        3721  -0.0097680    34800.00
        3722  -0.0097760    30800.00
        3723  -0.0097840    25200.00
        3724  -0.0097920    20000.00
        3725  -0.0098000    16400.00
        3726  -0.0098080    14000.00
        3727  -0.0098160    15200.00
        3728  -0.0098240    20000.00
        3729  -0.0098320    25200.00
        3730  -0.0098400    29600.00
        3731  -0.0098480    34000.00
        3732  -0.0098560    34800.00
        3733  -0.0098640    34000.00
        3734  -0.0098720    29200.00
        3735  -0.0098800    24400.00
        3736  -0.0098880    19600.00
        3737  -0.0098960    16800.00
        3738  -0.0099040    15200.00
        3739  -0.0099120    18000.00
        3740  -0.0099200    21600.00
        3741  -0.0099280    26000.00
        3742  -0.0099360    29600.00
        3743  -0.0099440    32000.00
        3744  -0.0099520    31600.00
        3745  -0.0099600    29200.00
        3746  -0.0099680    24800.00
        3747  -0.0099760    20400.00
        3748  -0.0099840    16400.00
        3749  -0.0099920    14000.00
        3750  -0.0100000    14000.00
        3751  -0.0100080    16400.00
        3752  -0.0100160    19600.00
        3753  -0.0100240    22800.00
        3754  -0.0100320    25200.00
        3755  -0.0100400    26400.00
        3756  -0.0100480    25200.00
        3757  -0.0100560    22000.00
        3758  -0.0100640    18000.00
        3759  -0.0100720    14000.00
        3760  -0.0100800    10400.00
        3761  -0.0100880     8800.00
        3762  -0.0100960     9200.00
        3763  -0.0101040    11600.00
        3764  -0.0101120    14000.00
        3765  -0.0101200    16800.00
        3766  -0.0101280    18000.00
        3767  -0.0101360    18000.00
        3768  -0.0101440    15600.00
        3769  -0.0101520    12800.00
        3770  -0.0101600     8800.00
        3771  -0.0101680     5200.00
        3772  -0.0101760     2400.00
        3773  -0.0101840     2000.00
        3774  -0.0101920     2400.00
        3775  -0.0102000     4400.00
        3776  -0.0102080     6400.00
        3777  -0.0102160     7600.00
        3778  -0.0102240     7600.00
        3779  -0.0102320     -400.00
        3780  -0.0102400   -12400.00
        3781  -0.0102480   -23600.00
        3782  -0.0102560   -24400.00
        3783  -0.0102640   -31600.00
        3784  -0.0102720   -26800.00
        3785  -0.0102800   -22400.00
        3786  -0.0102880   -10000.00
        3787  -0.0102960    -6400.00
        3788  -0.0103040    -1200.00
        3789  -0.0103120    -2800.00
        3790  -0.0103200    -3600.00
        3791  -0.0103280   -15200.00
        3792  -0.0103360   -21600.00
        3793  -0.0103440   -30000.00
        3794  -0.0103520   -32400.00
        3795  -0.0103600   -34800.00
        3796  -0.0103680   -29600.00
        3797  -0.0103760   -23600.00
        3798  -0.0103840   -15200.00
        3799  -0.0103920   -12000.00
        3800  -0.0104000    -8400.00
        3801  -0.0104080   -10800.00
        3802  -0.0104160   -15200.00
        3803  -0.0104240   -23200.00
        3804  -0.0104320   -29200.00
        3805  -0.0104400   -34800.00
        3806  -0.0104480   -36400.00
        3807  -0.0104560   -35600.00
        3808  -0.0104640   -30000.00
        3809  -0.0104720   -24400.00
        3810  -0.0104800   -18400.00
        3811  -0.0104880   -15200.00
        3812  -0.0104960   -13600.00
        3813  -0.0105040   -16400.00
        3814  -0.0105120   -21200.00
        3815  -0.0105200   -27600.00
        3816  -0.0105280   -32800.00
        3817  -0.0105360   -36000.00
        3818  -0.0105440   -36000.00
        3819  -0.0105520   -33200.00
        3820  -0.0105600   -28000.00
        3821  -0.0105680   -22800.00
        3822  -0.0105760   -18000.00
        3823  -0.0105840   -15200.00
        3824  -0.0105920   -15200.00
        3825  -0.0106000   -18400.00
        3826  -0.0106080   -23200.00
        3827  -0.0106160   -28000.00
        3828  -0.0106240   -31600.00
        3829  -0.0106320   -32800.00
        3830  -0.0106400   -31600.00
        3831  -0.0106480   -28000.00
        3832  -0.0106560   -23200.00
        3833  -0.0106640   -18400.00
        3834  -0.0106720   -15200.00
        3835  -0.0106800   -13200.00
        3836  -0.0106880   -14000.00
        3837  -0.0106960   -17200.00
        3838  -0.0107040   -21200.00
        3839  -0.0107120   -24800.00
        3840  -0.0107200   -27600.00
        3841  -0.0107280   -26800.00
        3842  -0.0107360   -24800.00
        3843  -0.0107440   -20800.00
        3844  -0.0107520   -16400.00
        3845  -0.0107600   -12000.00
        3846  -0.0107680    -8800.00
        3847  -0.0107760    -8800.00
        3848  -0.0107840   -10000.00
        3849  -0.0107920   -12400.00
        3850  -0.0108000   -15600.00
        3851  -0.0108080   -18000.00
        3852  -0.0108160   -18800.00
        3853  -0.0108240   -18000.00
        3854  -0.0108320   -15200.00
        3855  -0.0108400   -11600.00
        3856  -0.0108480    -7200.00
        3857  -0.0108560    -3600.00
        3858  -0.0108640    -2000.00
        3859  -0.0108720    -2000.00
        3860  -0.0108800    -3600.00
        3861  -0.0108880    -5600.00
        3862  -0.0108960    -7600.00
        3863  -0.0109040    -8000.00
        3864  -0.0109120      400.00
        3865  -0.0109200    11600.00
        3866  -0.0109280    21200.00
        3867  -0.0109360    23600.00
        3868  -0.0109440    28400.00
        3869  -0.0109520    26800.00
        3870  -0.0109600    21200.00
        3871  -0.0109680    10400.00
        3872  -0.0109760     7600.00
        3873  -0.0109840      800.00
        3874  -0.0109920     3600.00
        3875  -0.0110000     3600.00
        3876  -0.0110080    14000.00
        3877  -0.0110160    21200.00
        3878  -0.0110240    28400.00
        3879  -0.0110320    31200.00
        3880  -0.0110400    34000.00
        3881  -0.0110480    29600.00
        3882  -0.0110560    23200.00
        3883  -0.0110640    16800.00
        3884  -0.0110720    12400.00
        3885  -0.0110800     9600.00
        3886  -0.0110880    10000.00
        3887  -0.0110960    14800.00
        3888  -0.0111040    22000.00
        3889  -0.0111120    27600.00
        3890  -0.0111200    33200.00
        3891  -0.0111280    34800.00
        3892  -0.0111360    35600.00
        3893  -0.0111440    30400.00
        3894  -0.0111520    24800.00
        3895  -0.0111600    19600.00
        3896  -0.0111680    15600.00
        3897  -0.0111760    13600.00
        3898  -0.0111840    15600.00
        3899  -0.0111920    20000.00
        3900  -0.0112000    26400.00
        3901  -0.0112080    30800.00
        3902  -0.0112160    34000.00
        3903  -0.0112240    35200.00
        3904  -0.0112320    32800.00
        3905  -0.0112400    28400.00
        3906  -0.0112480    23600.00
        3907  -0.0112560    18800.00
        3908  -0.0112640    16400.00
        3909  -0.0112720    15200.00
        3910  -0.0112800    18000.00
        3911  -0.0112880    22000.00
        3912  -0.0112960    26400.00
        3913  -0.0113040    30800.00
        3914  -0.0113120    32000.00
        3915  -0.0113200    31200.00
        3916  -0.0113280    28400.00
        3917  -0.0113360    24400.00
        3918  -0.0113440    19600.00
        3919  -0.0113520    15200.00
        3920  -0.0113600    13600.00
        3921  -0.0113680    13600.00
        3922  -0.0113760    16400.00
        3923  -0.0113840    20000.00
        3924  -0.0113920    23600.00
        3925  -0.0114000    26000.00
        3926  -0.0114080    26400.00
        3927  -0.0114160    24800.00
        3928  -0.0114240    21200.00
        3929  -0.0114320    16800.00
        3930  -0.0114400    13200.00
        3931  -0.0114480    10000.00
        3932  -0.0114560     8400.00
        3933  -0.0114640     8800.00
        3934  -0.0114720    11600.00
        3935  -0.0114800    14000.00
        3936  -0.0114880    16800.00
        3937  -0.0114960    18000.00
        3938  -0.0115040    18000.00
        3939  -0.0115120    15600.00
        3940  -0.0115200    12000.00
        3941  -0.0115280     7600.00
        3942  -0.0115360     4000.00
        3943  -0.0115440     2400.00
        3944  -0.0115520     1200.00
        3945  -0.0115600     2400.00
        3946  -0.0115680     4400.00
        3947  -0.0115760     6800.00
        3948  -0.0115840     8000.00
        3949  -0.0115920     7200.00
        3950  -0.0116000    -2800.00
        3951  -0.0116080   -14000.00
        3952  -0.0116160   -24800.00
        3953  -0.0116240   -25200.00
        3954  -0.0116320   -31600.00
        3955  -0.0116400   -26400.00
        3956  -0.0116480   -20400.00
        3957  -0.0116560    -9600.00
        3958  -0.0116640    -5600.00
        3959  -0.0116720    -1200.00
        3960  -0.0116800    -2800.00
        3961  -0.0116880    -5200.00
        3962  -0.0116960   -17200.00
        3963  -0.0117040   -23600.00
        3964  -0.0117120   -31200.00
        3965  -0.0117200   -33200.00
        3966  -0.0117280   -34800.00
        3967  -0.0117360   -29200.00
        3968  -0.0117440   -22400.00
        3969  -0.0117520   -15200.00
        3970  -0.0117600   -12000.00
        3971  -0.0117680    -8800.00
        3972  -0.0117760   -10800.00
        3973  -0.0117840   -16800.00
        3974  -0.0117920   -24800.00
        3975  -0.0118000   -30800.00
        3976  -0.0118080   -35600.00
        3977  -0.0118160   -37200.00
        3978  -0.0118240   -35200.00
        3979  -0.0118320   -29600.00
        3980  -0.0118400   -23600.00
        3981  -0.0118480   -18000.00
        3982  -0.0118560   -15200.00
        3983  -0.0118640   -13600.00
        3984  -0.0118720   -17200.00
        3985  -0.0118800   -22800.00
        3986  -0.0118880   -28800.00
        3987  -0.0118960   -33200.00
        3988  -0.0119040   -36400.00
        3989  -0.0119120   -36400.00
        3990  -0.0119200   -32800.00
        3991  -0.0119280   -27600.00
        3992  -0.0119360   -22000.00
        3993  -0.0119440   -17200.00
        3994  -0.0119520   -15200.00
        3995  -0.0119600   -16000.00
        3996  -0.0119680   -19600.00
        3997  -0.0119760   -24000.00
        3998  -0.0119840   -28800.00
        3999  -0.0119920   -32000.00
        4000  -0.0120000   -33200.00
        4001  -0.0120080   -31200.00
        4002  -0.0120160   -27600.00
        4003  -0.0120240   -22000.00
        4004  -0.0120320   -18000.00
        4005  -0.0120400   -14400.00
        4006  -0.0120480   -13200.00
        4007  -0.0120560   -14800.00
        4008  -0.0120640   -18000.00
        4009  -0.0120720   -21600.00
        4010  -0.0120800   -24800.00
        4011  -0.0120880   -26800.00
        4012  -0.0120960   -26800.00
        4013  -0.0121040   -24000.00
        4014  -0.0121120   -20000.00
        4015  -0.0121200   -15200.00
        4016  -0.0121280   -10800.00
        4017  -0.0121360    -8800.00
        4018  -0.0121440    -8400.00
        4019  -0.0121520   -10000.00
        4020  -0.0121600   -12800.00
        4021  -0.0121680   -15600.00
        4022  -0.0121760   -18400.00
        4023  -0.0121840   -18400.00
        4024  -0.0121920   -17600.00
        4025  -0.0122000   -14800.00
        4026  -0.0122080   -10000.00
        4027  -0.0122160    -6000.00
        4028  -0.0122240    -3200.00
        4029  -0.0122320    -1200.00
        4030  -0.0122400    -2000.00
        4031  -0.0122480    -3600.00
        4032  -0.0122560    -5600.00
        4033  -0.0122640    -7600.00
        4034  -0.0122720    -7200.00
        4035  -0.0122800     2800.00
        4036  -0.0122880    13600.00
        4037  -0.0122960    22000.00
        4038  -0.0123040    25200.00
        4039  -0.0123120    28000.00
        4040  -0.0123200    27200.00
        4041  -0.0123280    18800.00
        4042  -0.0123360    10000.00
        4043  -0.0123440     6400.00
        4044  -0.0123520     2000.00
        4045  -0.0123600     2400.00
        4046  -0.0123680     5600.00
        4047  -0.0123760    15600.00
        4048  -0.0123840    22800.00
        4049  -0.0123920    29200.00
        4050  -0.0124000    32400.00
        4051  -0.0124080    33200.00
        4052  -0.0124160    29200.00
        4053  -0.0124240    21600.00
        4054  -0.0124320    16800.00
        4055  -0.0124400    11600.00
        4056  -0.0124480    10000.00
        4057  -0.0124560    10400.00
        4058  -0.0124640    16400.00
        4059  -0.0124720    23200.00
        4060  -0.0124800    29200.00
        4061  -0.0124880    34000.00
        4062  -0.0124960    35600.00
        4063  -0.0125040    34800.00
        4064  -0.0125120    29600.00
        4065  -0.0125200    24400.00
        4066  -0.0125280    18800.00
        4067  -0.0125360    15200.00
        4068  -0.0125440    14400.00
        4069  -0.0125520    16800.00
        4070  -0.0125600    21600.00
        4071  -0.0125680    27200.00
        4072  -0.0125760    32400.00
        4073  -0.0125840    34800.00
        4074  -0.0125920    36000.00
        4075  -0.0126000    32800.00
        4076  -0.0126080    28000.00
        4077  -0.0126160    23200.00
        4078  -0.0126240    18400.00
        4079  -0.0126320    16000.00
        4080  -0.0126400    16400.00
        4081  -0.0126480    18800.00
        4082  -0.0126560    23200.00
        4083  -0.0126640    27600.00
        4084  -0.0126720    30800.00
        4085  -0.0126800    32400.00
        4086  -0.0126880    31200.00
        4087  -0.0126960    28000.00
        4088  -0.0127040    23600.00
        4089  -0.0127120    18800.00
        4090  -0.0127200    15600.00
        4091  -0.0127280    13600.00
        4092  -0.0127360    14000.00
        4093  -0.0127440    16800.00
        4094  -0.0127520    20400.00
        4095  -0.0127600    23600.00
        4096  -0.0127680    26000.00
        4097  -0.0127760    26400.00
        4098  -0.0127840    24400.00
        4099  -0.0127920    20400.00
        4100  -0.0128000    16400.00
        4101  -0.0128080    12000.00
        4102  -0.0128160     9600.00
        4103  -0.0128240     8400.00
        4104  -0.0128320    10000.00
        4105  -0.0128400    12000.00
        4106  -0.0128480    14800.00
        4107  -0.0128560    17200.00
        4108  -0.0128640    18400.00
        4109  -0.0128720    17200.00
        4110  -0.0128800    15200.00
        4111  -0.0128880    11600.00
        4112  -0.0128960     7200.00
        4113  -0.0129040     4000.00
        4114  -0.0129120     1600.00
        4115  -0.0129200     1200.00
        4116  -0.0129280     2800.00
        4117  -0.0129360     4400.00
        4118  -0.0129440     6800.00
        4119  -0.0129520     7600.00
        4120  -0.0129600     6400.00
        4121  -0.0129680    -5600.00
        4122  -0.0129760   -15600.00
        4123  -0.0129840   -25200.00
        4124  -0.0129920   -26800.00
        4125  -0.0130000   -30800.00
        4126  -0.0130080   -26800.00
        4127  -0.0130160   -17200.00
        4128  -0.0130240    -9200.00
        4129  -0.0130320    -4400.00
        4130  -0.0130400    -1600.00
        4131  -0.0130480    -2800.00
        4132  -0.0130560    -7600.00
        4133  -0.0130640   -18000.00
        4134  -0.0130720   -25200.00
        4135  -0.0130800   -31200.00
        4136  -0.0130880   -34000.00
        4137  -0.0130960   -34400.00
        4138  -0.0131040   -28000.00
        4139  -0.0131120   -21200.00
        4140  -0.0131200   -14400.00
        4141  -0.0131280   -10800.00
        4142  -0.0131360    -9200.00
        4143  -0.0131440   -11600.00
        4144  -0.0131520   -18400.00
        4145  -0.0131600   -25600.00
        4146  -0.0131680   -31600.00
        4147  -0.0131760   -36000.00
        4148  -0.0131840   -36400.00
        4149  -0.0131920   -34400.00
        4150  -0.0132000   -28000.00
        4151  -0.0132080   -22800.00
        4152  -0.0132160   -17200.00
        4153  -0.0132240   -14800.00
        4154  -0.0132320   -14000.00
        4155  -0.0132400   -18400.00
        4156  -0.0132480   -23600.00
        4157  -0.0132560   -30000.00
        4158  -0.0132640   -34000.00
        4159  -0.0132720   -37200.00
        4160  -0.0132800   -36000.00
        4161  -0.0132880   -32400.00
        4162  -0.0132960   -26800.00
        4163  -0.0133040   -21600.00
        4164  -0.0133120   -17200.00
        4165  -0.0133200   -15600.00
        4166  -0.0133280   -16800.00
        4167  -0.0133360   -20400.00
        4168  -0.0133440   -25200.00
        4169  -0.0133520   -29600.00
        4170  -0.0133600   -32800.00
        4171  -0.0133680   -33600.00
        4172  -0.0133760   -31200.00
        4173  -0.0133840   -26800.00
        4174  -0.0133920   -22000.00
        4175  -0.0134000   -17600.00
        4176  -0.0134080   -14000.00
        4177  -0.0134160   -13600.00
        4178  -0.0134240   -15600.00
        4179  -0.0134320   -18800.00
        4180  -0.0134400   -22800.00
        4181  -0.0134480   -26000.00
        4182  -0.0134560   -27600.00
        4183  -0.0134640   -26800.00
        4184  -0.0134720   -23600.00
        4185  -0.0134800   -19600.00
        4186  -0.0134880   -14800.00
        4187  -0.0134960   -10800.00
        4188  -0.0135040    -8800.00
        4189  -0.0135120    -8800.00
        4190  -0.0135200   -10800.00
        4191  -0.0135280   -13600.00
        4192  -0.0135360   -16800.00
        4193  -0.0135440   -18400.00
        4194  -0.0135520   -19200.00
        4195  -0.0135600   -17200.00
        4196  -0.0135680   -13600.00
        4197  -0.0135760    -9200.00
        4198  -0.0135840    -5600.00
        4199  -0.0135920    -2400.00
        4200  -0.0136000    -1200.00
        4201  -0.0136080    -2000.00
        4202  -0.0136160    -4000.00
        4203  -0.0136240    -6000.00
        4204  -0.0136320    -7600.00
        4205  -0.0136400    -6000.00
        4206  -0.0136480     4400.00
        4207  -0.0136560    16400.00
        4208  -0.0136640    21600.00
        4209  -0.0136720    26800.00
        4210  -0.0136800    27600.00
        4211  -0.0136880    26800.00
        4212  -0.0136960    16800.00
        4213  -0.0137040    10000.00
        4214  -0.0137120     5200.00
        4215  -0.0137200     2400.00
        4216  -0.0137280     2000.00
        4217  -0.0137360     8000.00
        4218  -0.0137440    16800.00
        4219  -0.0137520    24400.00
        4220  -0.0137600    29600.00
        4221  -0.0137680    32800.00
        4222  -0.0137760    32800.00
        4223  -0.0137840    28400.00
        4224  -0.0137920    20400.00
        4225  -0.0138000    16000.00
        4226  -0.0138080    10800.00
        4227  -0.0138160    10400.00
        4228  -0.0138240    10800.00
        4229  -0.0138320    18000.00
        4230  -0.0138400    24400.00
        4231  -0.0138480    30000.00
        4232  -0.0138560    34400.00
        4233  -0.0138640    36400.00
        4234  -0.0138720    34000.00
        4235  -0.0138800    28400.00
        4236  -0.0138880    23200.00
        4237  -0.0138960    18400.00
        4238  -0.0139040    14800.00
        4239  -0.0139120    14800.00
        4240  -0.0139200    17200.00
        4241  -0.0139280    23200.00
        4242  -0.0139360    28000.00
        4243  -0.0139440    32800.00
        4244  -0.0139520    35200.00
        4245  -0.0139600    35600.00
        4246  -0.0139680    32400.00
        4247  -0.0139760    27200.00
        4248  -0.0139840    22000.00
        4249  -0.0139920    18000.00
        4250  -0.0140000    15600.00
        4251  -0.0140080    16400.00
        4252  -0.0140160    19600.00
        4253  -0.0140240    23600.00
        4254  -0.0140320    28400.00
        4255  -0.0140400    31600.00
        4256  -0.0140480    32800.00
        4257  -0.0140560    31200.00
        4258  -0.0140640    27600.00
        4259  -0.0140720    22800.00
        4260  -0.0140800    18400.00
        4261  -0.0140880    14800.00
        4262  -0.0140960    13600.00
        4263  -0.0141040    15200.00
        4264  -0.0141120    18000.00
        4265  -0.0141200    21600.00
        4266  -0.0141280    24400.00
        4267  -0.0141360    26400.00
        4268  -0.0141440    26400.00
        4269  -0.0141520    24400.00
        4270  -0.0141600    20000.00
        4271  -0.0141680    16400.00
        4272  -0.0141760    12000.00
        4273  -0.0141840     9600.00
        4274  -0.0141920     8800.00
        4275  -0.0142000    10400.00
        4276  -0.0142080    12800.00
        4277  -0.0142160    15600.00
        4278  -0.0142240    18000.00
        4279  -0.0142320    18400.00
        4280  -0.0142400    17200.00
        4281  -0.0142480    14800.00
        4282  -0.0142560    10800.00
        4283  -0.0142640     6800.00
        4284  -0.0142720     4000.00
        4285  -0.0142800     2000.00
        4286  -0.0142880     2000.00
        4287  -0.0142960     3200.00
        4288  -0.0143040     5200.00
        4289  -0.0143120     7200.00
        4290  -0.0143200     8000.00
        4291  -0.0143280     5200.00
        4292  -0.0143360    -7600.00
        4293  -0.0143440   -18000.00
        4294  -0.0143520   -25200.00
        4295  -0.0143600   -28400.00
        4296  -0.0143680   -29200.00
        4297  -0.0143760   -26800.00
        4298  -0.0143840   -14800.00
        4299  -0.0143920    -8800.00
        4300  -0.0144000    -3600.00
        4301  -0.0144080    -2000.00
        4302  -0.0144160    -2400.00
        4303  -0.0144240   -10000.00
        4304  -0.0144320   -18800.00
        4305  -0.0144400   -27600.00
        4306  -0.0144480   -31600.00
        4307  -0.0144560   -34800.00
        4308  -0.0144640   -33200.00
        4309  -0.0144720   -26800.00
        4310  -0.0144800   -20000.00
        4311  -0.0144880   -14000.00
        4312  -0.0144960   -10400.00
        4313  -0.0145040    -9600.00
        4314  -0.0145120   -12400.00
        4315  -0.0145200   -20000.00
        4316  -0.0145280   -26800.00
        4317  -0.0145360   -33200.00
        4318  -0.0145440   -36400.00
        4319  -0.0145520   -37600.00
        4320  -0.0145600   -33200.00
        4321  -0.0145680   -27600.00
        4322  -0.0145760   -21600.00
        4323  -0.0145840   -17200.00
        4324  -0.0145920   -14400.00
        4325  -0.0146000   -14800.00
        4326  -0.0146080   -19600.00
        4327  -0.0146160   -24800.00
        4328  -0.0146240   -30800.00
        4329  -0.0146320   -34800.00
        4330  -0.0146400   -37200.00
        4331  -0.0146480   -35600.00
        4332  -0.0146560   -31200.00
        4333  -0.0146640   -26000.00
        4334  -0.0146720   -20400.00
        4335  -0.0146800   -16800.00
        4336  -0.0146880   -15600.00
        4337  -0.0146960   -17200.00
        4338  -0.0147040   -21600.00
        4339  -0.0147120   -26400.00
        4340  -0.0147200   -30400.00
        4341  -0.0147280   -33200.00
        4342  -0.0147360   -33200.00
        4343  -0.0147440   -30800.00
        4344  -0.0147520   -26400.00
        4345  -0.0147600   -21200.00
        4346  -0.0147680   -16800.00
        4347  -0.0147760   -14000.00
        4348  -0.0147840   -13600.00
        4349  -0.0147920   -16400.00
        4350  -0.0148000   -19600.00
        4351  -0.0148080   -23200.00
        4352  -0.0148160   -26400.00
        4353  -0.0148240   -27600.00
        4354  -0.0148320   -26400.00
        4355  -0.0148400   -22800.00
        4356  -0.0148480   -18800.00
        4357  -0.0148560   -14000.00
        4358  -0.0148640   -10400.00
        4359  -0.0148720    -9200.00
        4360  -0.0148800    -9200.00
        4361  -0.0148880   -11600.00
        4362  -0.0148960   -14800.00
        4363  -0.0149040   -17200.00
        4364  -0.0149120   -19600.00
        4365  -0.0149200   -18800.00
        4366  -0.0149280   -17200.00
        4367  -0.0149360   -13200.00
        4368  -0.0149440    -9200.00
        4369  -0.0149520    -5600.00
        4370  -0.0149600    -2400.00
        4371  -0.0149680    -2000.00
        4372  -0.0149760    -2400.00
        4373  -0.0149840    -4400.00
        4374  -0.0149920    -6800.00
        4375  -0.0150000    -8400.00
        4376  -0.0150080    -5200.00
        4377  -0.0150160     6000.00
        4378  -0.0150240    18000.00
        4379  -0.0150320    21200.00
        4380  -0.0150400    28000.00
        4381  -0.0150480    27200.00
        4382  -0.0150560    26000.00
        4383  -0.0150640    14800.00
        4384  -0.0150720     9600.00
        4385  -0.0150800     3600.00
        4386  -0.0150880     3600.00
        4387  -0.0150960      800.00
        4388  -0.0151040    10000.00
        4389  -0.0151120    17200.00
        4390  -0.0151200    26000.00
        4391  -0.0151280    29600.00
        4392  -0.0151360    33200.00
        4393  -0.0151440    32000.00
        4394  -0.0151520    27600.00
        4395  -0.0151600    18800.00
        4396  -0.0151680    15600.00
        4397  -0.0151760    10400.00
        4398  -0.0151840    10400.00
        4399  -0.0151920    11600.00
        4400  -0.0152000    18800.00
        4401  -0.0152080    24800.00
        4402  -0.0152160    31200.00
        4403  -0.0152240    34400.00
        4404  -0.0152320    36400.00
        4405  -0.0152400    33200.00
        4406  -0.0152480    28000.00
        4407  -0.0152560    22000.00
        4408  -0.0152640    18000.00
        4409  -0.0152720    14800.00
        4410  -0.0152800    14800.00
        4411  -0.0152880    18400.00
        4412  -0.0152960    24000.00
        4413  -0.0153040    29200.00
        4414  -0.0153120    33600.00
        4415  -0.0153200    36000.00
        4416  -0.0153280    35600.00
        4417  -0.0153360    31600.00
        4418  -0.0153440    26400.00
        4419  -0.0153520    21200.00
        4420  -0.0153600    17600.00
        4421  -0.0153680    16000.00
        4422  -0.0153760    16800.00
        4423  -0.0153840    20000.00
        4424  -0.0153920    24800.00
        4425  -0.0154000    29200.00
        4426  -0.0154080    31600.00
        4427  -0.0154160    32800.00
        4428  -0.0154240    30800.00
        4429  -0.0154320    26800.00
        4430  -0.0154400    22000.00
        4431  -0.0154480    18000.00
        4432  -0.0154560    14800.00
        4433  -0.0154640    13600.00
        4434  -0.0154720    15200.00
        4435  -0.0154800    18400.00
        4436  -0.0154880    22000.00
        4437  -0.0154960    25200.00
        4438  -0.0155040    26400.00
        4439  -0.0155120    26400.00
        4440  -0.0155200    23600.00
        4441  -0.0155280    20000.00
        4442  -0.0155360    15200.00
        4443  -0.0155440    11600.00
        4444  -0.0155520     9200.00
        4445  -0.0155600     8800.00
        4446  -0.0155680    10800.00
        4447  -0.0155760    13200.00
        4448  -0.0155840    16400.00
        4449  -0.0155920    18400.00
        4450  -0.0156000    18400.00
        4451  -0.0156080    17200.00
        4452  -0.0156160    14000.00
        4453  -0.0156240    10400.00
        4454  -0.0156320     6000.00
        4455  -0.0156400     3600.00
        4456  -0.0156480     2000.00
        4457  -0.0156560     2400.00
        4458  -0.0156640     4000.00
        4459  -0.0156720     5600.00
        4460  -0.0156800     7600.00
        4461  -0.0156880     8400.00
        4462  -0.0156960     4000.00
        4463  -0.0157040    -9200.00
        4464  -0.0157120   -19600.00
        4465  -0.0157200   -24400.00
        4466  -0.0157280   -30000.00
        4467  -0.0157360   -28000.00
        4468  -0.0157440   -26000.00
        4469  -0.0157520   -12400.00
        4470  -0.0157600    -8400.00
        4471  -0.0157680    -2400.00
        4472  -0.0157760    -2000.00
        4473  -0.0157840    -2400.00
        4474  -0.0157920   -12000.00
        4475  -0.0158000   -19600.00
        4476  -0.0158080   -28000.00
        4477  -0.0158160   -31600.00
        4478  -0.0158240   -34400.00
        4479  -0.0158320   -31600.00
        4480  -0.0158400   -26000.00
        4481  -0.0158480   -18000.00
        4482  -0.0158560   -13200.00
        4483  -0.0158640    -9200.00
        4484  -0.0158720    -9200.00
        4485  -0.0158800   -13200.00
        4486  -0.0158880   -21200.00
        4487  -0.0158960   -27600.00
        4488  -0.0159040   -34000.00
        4489  -0.0159120   -36400.00
        4490  -0.0159200   -37200.00
        4491  -0.0159280   -32800.00
        4492  -0.0159360   -26800.00
        4493  -0.0159440   -20400.00
        4494  -0.0159520   -16400.00
        4495  -0.0159600   -14000.00
        4496  -0.0159680   -14800.00
        4497  -0.0159760   -20000.00
        4498  -0.0159840   -26000.00
        4499  -0.0159920   -31600.00
        4500  -0.0160000   -35600.00
        4501  -0.0160080   -37200.00
        4502  -0.0160160   -35600.00
        4503  -0.0160240   -30800.00
        4504  -0.0160320   -24800.00
        4505  -0.0160400   -20000.00
        4506  -0.0160480   -16400.00
        4507  -0.0160560   -15600.00
        4508  -0.0160640   -18000.00
        4509  -0.0160720   -22000.00
        4510  -0.0160800   -26800.00
        4511  -0.0160880   -31200.00
        4512  -0.0160960   -33200.00
        4513  -0.0161040   -33200.00
        4514  -0.0161120   -30000.00
        4515  -0.0161200   -25600.00
        4516  -0.0161280   -20400.00
        4517  -0.0161360   -16400.00
        4518  -0.0161440   -14000.00
        4519  -0.0161520   -14000.00
        4520  -0.0161600   -16800.00
        4521  -0.0161680   -20400.00
        4522  -0.0161760   -23600.00
        4523  -0.0161840   -26800.00
        4524  -0.0161920   -28000.00
        4525  -0.0162000   -26400.00
        4526  -0.0162080   -22400.00
        4527  -0.0162160   -18400.00
        4528  -0.0162240   -13200.00
        4529  -0.0162320   -10000.00
        4530  -0.0162400    -8800.00
        4531  -0.0162480    -9200.00
        4532  -0.0162560   -12000.00
        4533  -0.0162640   -15200.00
        4534  -0.0162720   -17200.00
        4535  -0.0162800   -19200.00
        4536  -0.0162880   -18800.00
        4537  -0.0162960   -16400.00
        4538  -0.0163040   -12400.00
        4539  -0.0163120    -8800.00
        4540  -0.0163200    -4400.00
        4541  -0.0163280    -2400.00
        4542  -0.0163360    -2000.00
        4543  -0.0163440    -2800.00
        4544  -0.0163520    -4400.00
        4545  -0.0163600    -7200.00
        4546  -0.0163680    -8400.00
        4547  -0.0163760    -4000.00
        4548  -0.0163840     7600.00
        4549  -0.0163920    19600.00
        4550  -0.0164000    21600.00
        4551  -0.0164080    28400.00
        4552  -0.0164160    26400.00
        4553  -0.0164240    24800.00
        4554  -0.0164320    12800.00
        4555  -0.0164400     8800.00
        4556  -0.0164480     2000.00
        4557  -0.0164560     3600.00
        4558  -0.0164640      800.00
        4559  -0.0164720    11600.00
        4560  -0.0164800    18000.00
        4561  -0.0164880    26400.00
        4562  -0.0164960    30000.00
        4563  -0.0165040    33600.00
        4564  -0.0165120    30800.00
        4565  -0.0165200    26400.00
        4566  -0.0165280    17600.00
        4567  -0.0165360    14400.00
        4568  -0.0165440     8800.00
        4569  -0.0165520    10000.00
        4570  -0.0165600    12000.00
        4571  -0.0165680    20000.00
        4572  -0.0165760    25200.00
        4573  -0.0165840    32400.00
        4574  -0.0165920    34400.00
        4575  -0.0166000    36400.00
        4576  -0.0166080    32400.00
        4577  -0.0166160    26800.00
        4578  -0.0166240    21200.00
        4579  -0.0166320    16800.00
        4580  -0.0166400    14000.00
        4581  -0.0166480    15200.00
        4582  -0.0166560    18800.00
        4583  -0.0166640    24800.00
        4584  -0.0166720    30000.00
        4585  -0.0166800    34000.00
        4586  -0.0166880    35600.00
        4587  -0.0166960    34400.00
        4588  -0.0167040    30800.00
        4589  -0.0167120    26000.00
        4590  -0.0167200    20800.00
        4591  -0.0167280    17200.00
        4592  -0.0167360    15200.00
        4593  -0.0167440    17200.00
        4594  -0.0167520    21200.00
        4595  -0.0167600    25200.00
        4596  -0.0167680    29600.00
        4597  -0.0167760    32400.00
        4598  -0.0167840    32400.00
        4599  -0.0167920    30400.00
        4600  -0.0168000    26400.00
        4601  -0.0168080    21600.00
        4602  -0.0168160    17200.00
        4603  -0.0168240    14800.00
        4604  -0.0168320    14000.00
        4605  -0.0168400    15600.00
        4606  -0.0168480    18800.00
        4607  -0.0168560    22800.00
        4608  -0.0168640    26000.00
        4609  -0.0168720    26800.00
        4610  -0.0168800    26000.00
        4611  -0.0168880    23200.00
        4612  -0.0168960    19200.00
        4613  -0.0169040    14800.00
        4614  -0.0169120    11200.00
        4615  -0.0169200     9200.00
        4616  -0.0169280     9200.00
        4617  -0.0169360    11200.00
        4618  -0.0169440    13600.00
        4619  -0.0169520    16400.00
        4620  -0.0169600    18000.00
        4621  -0.0169680    18400.00
        4622  -0.0169760    16800.00
        4623  -0.0169840    13600.00
        4624  -0.0169920    10000.00
        4625  -0.0170000     5600.00
        4626  -0.0170080     3200.00
        4627  -0.0170160     2000.00
        4628  -0.0170240     2000.00
        4629  -0.0170320     4000.00
        4630  -0.0170400     6000.00
        4631  -0.0170480     7600.00
        4632  -0.0170560     8400.00
        4633  -0.0170640     2000.00
        4634  -0.0170720   -10400.00
        4635  -0.0170800   -21600.00
        4636  -0.0170880   -24400.00
        4637  -0.0170960   -31200.00
        4638  -0.0171040   -26800.00
        4639  -0.0171120   -24800.00
        4640  -0.0171200   -10800.00
        4641  -0.0171280    -7200.00
        4642  -0.0171360    -1200.00
        4643  -0.0171440    -2400.00
        4644  -0.0171520    -2400.00
        4645  -0.0171600   -13600.00
        4646  -0.0171680   -20400.00
        4647  -0.0171760   -29600.00
        4648  -0.0171840   -31600.00
        4649  -0.0171920   -34800.00
        4650  -0.0172000   -31200.00
        4651  -0.0172080   -24800.00
        4652  -0.0172160   -16800.00
        4653  -0.0172240   -12400.00
        4654  -0.0172320    -8800.00
        4655  -0.0172400   -10000.00
        4656  -0.0172480   -13600.00
        4657  -0.0172560   -22000.00
        4658  -0.0172640   -28400.00
        4659  -0.0172720   -34000.00
        4660  -0.0172800   -36400.00
        4661  -0.0172880   -36400.00
        4662  -0.0172960   -31200.00
        4663  -0.0173040   -25200.00
        4664  -0.0173120   -18800.00
        4665  -0.0173200   -15600.00
        4666  -0.0173280   -13600.00
        4667  -0.0173360   -15600.00
        4668  -0.0173440   -20400.00
        4669  -0.0173520   -26800.00
        4670  -0.0173600   -31600.00
        4671  -0.0173680   -35600.00
        4672  -0.0173760   -36400.00
        4673  -0.0173840   -34400.00
        4674  -0.0173920   -29200.00
        4675  -0.0174000   -23600.00
        4676  -0.0174080   -18800.00
        4677  -0.0174160   -15600.00
        4678  -0.0174240   -15200.00
        4679  -0.0174320   -18400.00
        4680  -0.0174400   -22800.00
        4681  -0.0174480   -27600.00
        4682  -0.0174560   -31600.00
        4683  -0.0174640   -33200.00
        4684  -0.0174720   -32800.00
        4685  -0.0174800   -29200.00
        4686  -0.0174880   -24800.00
        4687  -0.0174960   -19600.00
        4688  -0.0175040   -15600.00
        4689  -0.0175120   -13600.00
        4690  -0.0175200   -14000.00
        4691  -0.0175280   -17200.00
        4692  -0.0175360   -20400.00
        4693  -0.0175440   -24400.00
        4694  -0.0175520   -26800.00
        4695  -0.0175600   -27600.00
        4696  -0.0175680   -25600.00
        4697  -0.0175760   -21600.00
        4698  -0.0175840   -17200.00
        4699  -0.0175920   -13200.00
        4700  -0.0176000    -9200.00
        4701  -0.0176080    -8800.00
        4702  -0.0176160   -10000.00
        4703  -0.0176240   -12000.00
        4704  -0.0176320   -15200.00
        4705  -0.0176400   -18000.00
        4706  -0.0176480   -19200.00
        4707  -0.0176560   -18400.00
        4708  -0.0176640   -15600.00
        4709  -0.0176720   -12000.00
        4710  -0.0176800    -7600.00
        4711  -0.0176880    -4400.00
        4712  -0.0176960    -2000.00
        4713  -0.0177040    -2000.00
        4714  -0.0177120    -2800.00
        4715  -0.0177200    -5200.00
        4716  -0.0177280    -7600.00
        4717  -0.0177360    -8800.00
        4718  -0.0177440    -1600.00
        4719  -0.0177520     9200.00
        4720  -0.0177600    20400.00
        4721  -0.0177680    22000.00
        4722  -0.0177760    29200.00
        4723  -0.0177840    26400.00
        4724  -0.0177920    23200.00
        4725  -0.0178000    11600.00
        4726  -0.0178080     8800.00
        4727  -0.0178160     1200.00
        4728  -0.0178240     3600.00
        4729  -0.0178320     1200.00
        4730  -0.0178400    13200.00
        4731  -0.0178480    19200.00
        4732  -0.0178560    27600.00
        4733  -0.0178640    30800.00
        4734  -0.0178720    33600.00
        4735  -0.0178800    30400.00
        4736  -0.0178880    24800.00
        4737  -0.0178960    16800.00
        4738  -0.0179040    13600.00
        4739  -0.0179120     9200.00
        4740  -0.0179200    10400.00
        4741  -0.0179280    13200.00
        4742  -0.0179360    21200.00
        4743  -0.0179440    26400.00
        4744  -0.0179520    32800.00
        4745  -0.0179600    34800.00
        4746  -0.0179680    36000.00
        4747  -0.0179760    31200.00
        4748  -0.0179840    26000.00
        4749  -0.0179920    20000.00
        4750  -0.0180000    16400.00
        4751  -0.0180080    14000.00
        4752  -0.0180160    15200.00
        4753  -0.0180240    19600.00
        4754  -0.0180320    25200.00
        4755  -0.0180400    29600.00
        4756  -0.0180480    34000.00
        4757  -0.0180560    35200.00
        4758  -0.0180640    34000.00
        4759  -0.0180720    29600.00
        4760  -0.0180800    24800.00
        4761  -0.0180880    19600.00
        4762  -0.0180960    16400.00
        4763  -0.0181040    15200.00
        4764  -0.0181120    17200.00
        4765  -0.0181200    21200.00
        4766  -0.0181280    26000.00
        4767  -0.0181360    29600.00
        4768  -0.0181440    32400.00
        4769  -0.0181520    31600.00
        4770  -0.0181600    29600.00
        4771  -0.0181680    25200.00
        4772  -0.0181760    20800.00
        4773  -0.0181840    16400.00
        4774  -0.0181920    14000.00
        4775  -0.0182000    13600.00
        4776  -0.0182080    16400.00
        4777  -0.0182160    18800.00
        4778  -0.0182240    23200.00
        4779  -0.0182320    26000.00
        4780  -0.0182400    26400.00
        4781  -0.0182480    25600.00
        4782  -0.0182560    22000.00
        4783  -0.0182640    18000.00
        4784  -0.0182720    13600.00
        4785  -0.0182800    10800.00
        4786  -0.0182880     8400.00
        4787  -0.0182960     9600.00
        4788  -0.0183040    11600.00
        4789  -0.0183120    14000.00
        4790  -0.0183200    16800.00
        4791  -0.0183280    18800.00
        4792  -0.0183360    18400.00
        4793  -0.0183440    16400.00
        4794  -0.0183520    13200.00
        4795  -0.0183600     9200.00
        4796  -0.0183680     5200.00
        4797  -0.0183760     2800.00
        4798  -0.0183840     2000.00
        4799  -0.0183920     2400.00
        4800  -0.0184000     4000.00
        4801  -0.0184080     6800.00
        4802  -0.0184160     8000.00
        4803  -0.0184240     7600.00
        4804  -0.0184320     -400.00
        4805  -0.0184400   -11600.00
        4806  -0.0184480   -23600.00
        4807  -0.0184560   -24400.00
        4808  -0.0184640   -31200.00
        4809  -0.0184720   -26800.00
        4810  -0.0184800   -22800.00
        4811  -0.0184880   -10400.00
        4812  -0.0184960    -6400.00
        4813  -0.0185040    -1200.00
        4814  -0.0185120    -2800.00
        4815  -0.0185200    -3600.00
        4816  -0.0185280   -15200.00
        4817  -0.0185360   -21600.00
        4818  -0.0185440   -30000.00
        4819  -0.0185520   -32800.00
        4820  -0.0185600   -34800.00
        4821  -0.0185680   -30000.00
        4822  -0.0185760   -23600.00
        4823  -0.0185840   -15600.00
        4824  -0.0185920   -12400.00
        4825  -0.0186000    -8800.00
        4826  -0.0186080   -10400.00
        4827  -0.0186160   -14800.00
        4828  -0.0186240   -23600.00
        4829  -0.0186320   -29200.00
        4830  -0.0186400   -34800.00
        4831  -0.0186480   -36400.00
        4832  -0.0186560   -36000.00
        4833  -0.0186640   -30000.00
        4834  -0.0186720   -24800.00
        4835  -0.0186800   -18400.00
        4836  -0.0186880   -15200.00
        4837  -0.0186960   -13200.00
        4838  -0.0187040   -16400.00
        4839  -0.0187120   -21600.00
        4840  -0.0187200   -27600.00
        4841  -0.0187280   -32400.00
        4842  -0.0187360   -36000.00
        4843  -0.0187440   -36400.00
        4844  -0.0187520   -33200.00
        4845  -0.0187600   -28400.00
        4846  -0.0187680   -22800.00
        4847  -0.0187760   -18400.00
        4848  -0.0187840   -15200.00
        4849  -0.0187920   -16000.00
        4850  -0.0188000   -18400.00
        4851  -0.0188080   -23200.00
        4852  -0.0188160   -28000.00
        4853  -0.0188240   -31600.00
        4854  -0.0188320   -33200.00
        4855  -0.0188400   -32000.00
        4856  -0.0188480   -28000.00
        4857  -0.0188560   -23600.00
        4858  -0.0188640   -18800.00
        4859  -0.0188720   -15200.00
        4860  -0.0188800   -13200.00
        4861  -0.0188880   -14400.00
        4862  -0.0188960   -17200.00
        4863  -0.0189040   -21200.00
        4864  -0.0189120   -24800.00
        4865  -0.0189200   -26800.00
        4866  -0.0189280   -26800.00
        4867  -0.0189360   -24800.00
        4868  -0.0189440   -20800.00
        4869  -0.0189520   -16400.00
        4870  -0.0189600   -12000.00
        4871  -0.0189680    -8800.00
        4872  -0.0189760    -8800.00
        4873  -0.0189840   -10000.00
        4874  -0.0189920   -12400.00
        4875  -0.0190000   -15200.00
        4876  -0.0190080   -18000.00
        4877  -0.0190160   -19600.00
        4878  -0.0190240   -18400.00
        4879  -0.0190320   -15200.00
        4880  -0.0190400   -11600.00
        4881  -0.0190480    -7200.00
        4882  -0.0190560    -3600.00
        4883  -0.0190640    -2000.00
        4884  -0.0190720    -2000.00
        4885  -0.0190800    -3600.00
        4886  -0.0190880    -5600.00
        4887  -0.0190960    -7600.00
        4888  -0.0191040    -8000.00
        4889  -0.0191120      400.00
        4890  -0.0191200    10800.00
        4891  -0.0191280    21200.00
        4892  -0.0191360    23200.00
        4893  -0.0191440    28800.00
        4894  -0.0191520    26400.00
        4895  -0.0191600    21600.00
        4896  -0.0191680    10400.00
        4897  -0.0191760     7600.00
        4898  -0.0191840      800.00
        4899  -0.0191920     3200.00
        4900  -0.0192000     2800.00
        4901  -0.0192080    14000.00
        4902  -0.0192160    20400.00
        4903  -0.0192240    28000.00
        4904  -0.0192320    30800.00
        4905  -0.0192400    34000.00
        4906  -0.0192480    29600.00
        4907  -0.0192560    23600.00
        4908  -0.0192640    16800.00
        4909  -0.0192720    12400.00
        4910  -0.0192800     9600.00
        4911  -0.0192880    10400.00
        4912  -0.0192960    14000.00
        4913  -0.0193040    22000.00
        4914  -0.0193120    27600.00
        4915  -0.0193200    33600.00
        4916  -0.0193280    35200.00
        4917  -0.0193360    36000.00
        4918  -0.0193440    30800.00
        4919  -0.0193520    24800.00
        4920  -0.0193600    19600.00
        4921  -0.0193680    16000.00
        4922  -0.0193760    13600.00
        4923  -0.0193840    15600.00
        4924  -0.0193920    20400.00
        4925  -0.0194000    26000.00
        4926  -0.0194080    30800.00
        4927  -0.0194160    34800.00
        4928  -0.0194240    35200.00
        4929  -0.0194320    33200.00
        4930  -0.0194400    29200.00
        4931  -0.0194480    23600.00
        4932  -0.0194560    18800.00
        4933  -0.0194640    16400.00
        4934  -0.0194720    15200.00
        4935  -0.0194800    18000.00
        4936  -0.0194880    22000.00
        4937  -0.0194960    26400.00
        4938  -0.0195040    30000.00
        4939  -0.0195120    32400.00
        4940  -0.0195200    31600.00
        4941  -0.0195280    29200.00
        4942  -0.0195360    24400.00
        4943  -0.0195440    19600.00
        4944  -0.0195520    15600.00
        4945  -0.0195600    13600.00
        4946  -0.0195680    13600.00
        4947  -0.0195760    16400.00
        4948  -0.0195840    19600.00
        4949  -0.0195920    23200.00
        4950  -0.0196000    26000.00
        4951  -0.0196080    26400.00
        4952  -0.0196160    24800.00
        4953  -0.0196240    21200.00
        4954  -0.0196320    17200.00
        4955  -0.0196400    13200.00
        4956  -0.0196480    10400.00
        4957  -0.0196560     8400.00
        4958  -0.0196640     9200.00
        4959  -0.0196720    11600.00
        4960  -0.0196800    14000.00
        4961  -0.0196880    16800.00
        4962  -0.0196960    18400.00
        4963  -0.0197040    18000.00
        4964  -0.0197120    15200.00
        4965  -0.0197200    12000.00
        4966  -0.0197280     8000.00
        4967  -0.0197360     4400.00
        4968  -0.0197440     2000.00
        4969  -0.0197520     1600.00
        4970  -0.0197600     2400.00
        4971  -0.0197680     4400.00
        4972  -0.0197760     6800.00
        4973  -0.0197840     8400.00
        4974  -0.0197920     7200.00
        4975  -0.0198000    -2800.00
        4976  -0.0198080   -14000.00
        4977  -0.0198160   -24800.00
        4978  -0.0198240   -25200.00
        4979  -0.0198320   -31200.00
        4980  -0.0198400   -26800.00
        4981  -0.0198480   -20400.00
        4982  -0.0198560    -9600.00
        4983  -0.0198640    -5600.00
        4984  -0.0198720    -1200.00
        4985  -0.0198800    -2400.00
        4986  -0.0198880    -5200.00
        4987  -0.0198960   -17200.00
        4988  -0.0199040   -23200.00
        4989  -0.0199120   -31200.00
        4990  -0.0199200   -33200.00
        4991  -0.0199280   -34800.00
        4992  -0.0199360   -29200.00
        4993  -0.0199440   -22400.00
        4994  -0.0199520   -14800.00
        4995  -0.0199600   -11600.00
        4996  -0.0199680    -8800.00
        4997  -0.0199760   -10400.00
        4998  -0.0199840   -16800.00
        4999  -0.0199920   -24800.00
