           #    Time(ms)     CH1(mV)
           0   0.0050000     -440.00
           1   0.0049980     -640.00
           2   0.0049960     -880.00
           3   0.0049940    -1080.00
           4   0.0049920    -1280.00
           5   0.0049900    -1520.00
           6   0.0049880    -1720.00
           7   0.0049860    -1880.00
           8   0.0049840    -2120.00
           9   0.0049820    -2280.00
          10   0.0049800    -2480.00
          11   0.0049780    -2680.00
          12   0.0049760    -2840.00
          13   0.0049740    -3040.00
          14   0.0049720    -3200.00
          15   0.0049700    -3400.00
          16   0.0049680    -3480.00
          17   0.0049660    -3640.00
          18   0.0049640    -3800.00
          19   0.0049620    -3920.00
          20   0.0049600    -4080.00
          21   0.0049580    -4200.00
          22   0.0049560    -4280.00
          23   0.0049540    -4400.00
          24   0.0049520    -4520.00
          25   0.0049500    -4600.00
          26   0.0049480    -4680.00
          27   0.0049460    -4720.00
          28   0.0049440    -4760.00
          29   0.0049420    -4840.00
          30   0.0049400    -4880.00
          31   0.0049380    -4920.00
          32   0.0049360    -4920.00
          33   0.0049340    -5000.00
          34   0.0049320    -4920.00
          35   0.0049300    -4920.00
          36   0.0049280    -4920.00
          37   0.0049260    -4920.00
          38   0.0049240    -4880.00
          39   0.0049220    -4840.00
          40   0.0049200    -4760.00
          41   0.0049180    -4720.00
          42   0.0049160    -4640.00
          43   0.0049140    -4560.00
          44   0.0049120    -4480.00
          45   0.0049100    -4360.00
          46   0.0049080    -4280.00
          47   0.0049060    -4200.00
          48   0.0049040    -4040.00
          49   0.0049020    -3920.00
          50   0.0049000    -3760.00
          51   0.0048980    -3640.00
          52   0.0048960    -3480.00
          53   0.0048940    -3320.00
          54   0.0048920    -3160.00
          55   0.0048900    -2960.00
          56   0.0048880    -2800.00
          57   0.0048860    -2640.00
          58   0.0048840    -2440.00
          59   0.0048820    -2240.00
          60   0.0048800    -2040.00
          61   0.0048780    -1840.00
          62   0.0048760    -1680.00
          63   0.0048740    -1400.00
          64   0.0048720    -1240.00
          65   0.0048700    -1040.00
          66   0.0048680     -760.00
          67   0.0048660     -600.00
          68   0.0048640     -400.00
          69   0.0048620     -120.00
          70   0.0048600       80.00
          71   0.0048580      280.00
          72   0.0048560      520.00
          73   0.0048540      720.00
          74   0.0048520      920.00
          75   0.0048500     1160.00
          76   0.0048480     1360.00
          77   0.0048460     1520.00
          78   0.0048440     1800.00
          79   0.0048420     1960.00
          80   0.0048400     2120.00
          81   0.0048380     2360.00
          82   0.0048360     2520.00
          83   0.0048340     2760.00
          84   0.0048320     2960.00
          85   0.0048300     3080.00
          86   0.0048280     3280.00
          87   0.0048260     3400.00
          88   0.0048240     3560.00
          89   0.0048220     3720.00
          90   0.0048200     3880.00
          91   0.0048180     4040.00
          92   0.0048160     4080.00
          93   0.0048140     4240.00
          94   0.0048120     4360.00
          95   0.0048100     4400.00
          96   0.0048080     4520.00
          97   0.0048060     4560.00
          98   0.0048040     4680.00
          99   0.0048020     4720.00
         100   0.0048000     4760.00
         101   0.0047980     4840.00
         102   0.0047960     4880.00
         103   0.0047940     4880.00
         104   0.0047920     4880.00
         105   0.0047900     4920.00
         106   0.0047880     4920.00
         107   0.0047860     4880.00
         108   0.0047840     4880.00
         109   0.0047820     4880.00
         110   0.0047800     4840.00
         111   0.0047780     4760.00
         112   0.0047760     4680.00
         113   0.0047740     4640.00
         114   0.0047720     4560.00
         115   0.0047700     4520.00
         116   0.0047680     4400.00
         117   0.0047660     4280.00
         118   0.0047640     4120.00
         119   0.0047620     4040.00
         120   0.0047600     3920.00
         121   0.0047580     3760.00
         122   0.0047560     3600.00
         123   0.0047540     3480.00
         124   0.0047520     3360.00
         125   0.0047500     3200.00
         126   0.0047480     3040.00
         127   0.0047460     2840.00
         128   0.0047440     2640.00
         129   0.0047420     2480.00
         130   0.0047400     2320.00
         131   0.0047380     2080.00
         132   0.0047360     1880.00
         133   0.0047340     1680.00
         134   0.0047320     1480.00
         135   0.0047300     1320.00
         136   0.0047280     1040.00
         137   0.0047260      840.00
         138   0.0047240      600.00
         139   0.0047220      400.00
         140   0.0047200      200.00
         141   0.0047180      -40.00
         142   0.0047160     -240.00
         143   0.0047140     -440.00
         144   0.0047120     -720.00
         145   0.0047100     -880.00
         146   0.0047080    -1080.00
         147   0.0047060    -1320.00
         148   0.0047040    -1520.00
         149   0.0047020    -1720.00
         150   0.0047000    -1960.00
         151   0.0046980    -2160.00
         152   0.0046960    -2280.00
         153   0.0046940    -2520.00
         154   0.0046920    -2680.00
         155   0.0046900    -2840.00
         156   0.0046880    -3040.00
         157   0.0046860    -3240.00
         158   0.0046840    -3400.00
         159   0.0046820    -3560.00
         160   0.0046800    -3640.00
         161   0.0046780    -3840.00
         162   0.0046760    -3960.00
         163   0.0046740    -4080.00
         164   0.0046720    -4240.00
         165   0.0046700    -4280.00
         166   0.0046680    -4400.00
         167   0.0046660    -4560.00
         168   0.0046640    -4600.00
         169   0.0046620    -4680.00
         170   0.0046600    -4720.00
         171   0.0046580    -4800.00
         172   0.0046560    -4840.00
         173   0.0046540    -4920.00
         174   0.0046520    -4920.00
         175   0.0046500    -4920.00
         176   0.0046480    -5000.00
         177   0.0046460    -4920.00
         178   0.0046440    -4920.00
         179   0.0046420    -4920.00
         180   0.0046400    -4920.00
         181   0.0046380    -4880.00
         182   0.0046360    -4840.00
         183   0.0046340    -4760.00
         184   0.0046320    -4720.00
         185   0.0046300    -4680.00
         186   0.0046280    -4560.00
         187   0.0046260    -4480.00
         188   0.0046240    -4400.00
         189   0.0046220    -4280.00
         190   0.0046200    -4160.00
         191   0.0046180    -4040.00
         192   0.0046160    -3920.00
         193   0.0046140    -3760.00
         194   0.0046120    -3600.00
         195   0.0046100    -3440.00
         196   0.0046080    -3320.00
         197   0.0046060    -3160.00
         198   0.0046040    -2960.00
         199   0.0046020    -2800.00
         200   0.0046000    -2600.00
         201   0.0045980    -2480.00
         202   0.0045960    -2200.00
         203   0.0045940    -2000.00
         204   0.0045920    -1840.00
         205   0.0045900    -1640.00
         206   0.0045880    -1400.00
         207   0.0045860    -1200.00
         208   0.0045840    -1000.00
         209   0.0045820     -760.00
         210   0.0045800     -560.00
         211   0.0045780     -360.00
         212   0.0045760     -120.00
         213   0.0045740       80.00
         214   0.0045720      320.00
         215   0.0045700      520.00
         216   0.0045680      720.00
         217   0.0045660     1000.00
         218   0.0045640     1160.00
         219   0.0045620     1400.00
         220   0.0045600     1640.00
         221   0.0045580     1800.00
         222   0.0045560     2000.00
         223   0.0045540     2200.00
         224   0.0045520     2400.00
         225   0.0045500     2600.00
         226   0.0045480     2760.00
         227   0.0045460     2960.00
         228   0.0045440     3120.00
         229   0.0045420     3280.00
         230   0.0045400     3440.00
         231   0.0045380     3600.00
         232   0.0045360     3760.00
         233   0.0045340     3880.00
         234   0.0045320     4000.00
         235   0.0045300     4120.00
         236   0.0045280     4240.00
         237   0.0045260     4360.00
         238   0.0045240     4440.00
         239   0.0045220     4520.00
         240   0.0045200     4600.00
         241   0.0045180     4680.00
         242   0.0045160     4720.00
         243   0.0045140     4840.00
         244   0.0045120     4840.00
         245   0.0045100     4880.00
         246   0.0045080     4880.00
         247   0.0045060     4920.00
         248   0.0045040     4880.00
         249   0.0045020     4920.00
         250   0.0045000     4880.00
         251   0.0044980     4880.00
         252   0.0044960     4800.00
         253   0.0044940     4840.00
         254   0.0044920     4720.00
         255   0.0044900     4680.00
         256   0.0044880     4600.00
         257   0.0044860     4560.00
         258   0.0044840     4440.00
         259   0.0044820     4360.00
         260   0.0044800     4280.00
         261   0.0044780     4120.00
         262   0.0044760     4040.00
         263   0.0044740     3920.00
         264   0.0044720     3760.00
         265   0.0044700     3600.00
         266   0.0044680     3480.00
         267   0.0044660     3280.00
         268   0.0044640     3160.00
         269   0.0044620     2960.00
         270   0.0044600     2800.00
         271   0.0044580     2640.00
         272   0.0044560     2440.00
         273   0.0044540     2280.00
         274   0.0044520     2040.00
         275   0.0044500     1840.00
         276   0.0044480     1640.00
         277   0.0044460     1480.00
         278   0.0044440     1240.00
         279   0.0044420     1040.00
         280   0.0044400      840.00
         281   0.0044380      600.00
         282   0.0044360      400.00
         283   0.0044340      160.00
         284   0.0044320      -40.00
         285   0.0044300     -280.00
         286   0.0044280     -480.00
         287   0.0044260     -680.00
         288   0.0044240     -920.00
         289   0.0044220    -1120.00
         290   0.0044200    -1320.00
         291   0.0044180    -1520.00
         292   0.0044160    -1760.00
         293   0.0044140    -1960.00
         294   0.0044120    -2160.00
         295   0.0044100    -2320.00
         296   0.0044080    -2520.00
         297   0.0044060    -2680.00
         298   0.0044040    -2920.00
         299   0.0044020    -3080.00
         300   0.0044000    -3280.00
         301   0.0043980    -3400.00
         302   0.0043960    -3560.00
         303   0.0043940    -3680.00
         304   0.0043920    -3800.00
         305   0.0043900    -4040.00
         306   0.0043880    -4080.00
         307   0.0043860    -4240.00
         308   0.0043840    -4320.00
         309   0.0043820    -4440.00
         310   0.0043800    -4520.00
         311   0.0043780    -4600.00
         312   0.0043760    -4680.00
         313   0.0043740    -4720.00
         314   0.0043720    -4840.00
         315   0.0043700    -4880.00
         316   0.0043680    -4920.00
         317   0.0043660    -4920.00
         318   0.0043640    -5000.00
         319   0.0043620    -4960.00
         320   0.0043600    -4920.00
         321   0.0043580    -5000.00
         322   0.0043560    -4920.00
         323   0.0043540    -4920.00
         324   0.0043520    -4880.00
         325   0.0043500    -4840.00
         326   0.0043480    -4800.00
         327   0.0043460    -4720.00
         328   0.0043440    -4680.00
         329   0.0043420    -4560.00
         330   0.0043400    -4520.00
         331   0.0043380    -4360.00
         332   0.0043360    -4280.00
         333   0.0043340    -4160.00
         334   0.0043320    -3960.00
         335   0.0043300    -3920.00
         336   0.0043280    -3760.00
         337   0.0043260    -3600.00
         338   0.0043240    -3440.00
         339   0.0043220    -3280.00
         340   0.0043200    -3120.00
         341   0.0043180    -2960.00
         342   0.0043160    -2760.00
         343   0.0043140    -2600.00
         344   0.0043120    -2320.00
         345   0.0043100    -2200.00
         346   0.0043080    -2000.00
         347   0.0043060    -1800.00
         348   0.0043040    -1560.00
         349   0.0043020    -1400.00
         350   0.0043000    -1160.00
         351   0.0042980    -1000.00
         352   0.0042960     -720.00
         353   0.0042940     -560.00
         354   0.0042920     -280.00
         355   0.0042900      -80.00
         356   0.0042880      120.00
         357   0.0042860      360.00
         358   0.0042840      560.00
         359   0.0042820      760.00
         360   0.0042800     1040.00
         361   0.0042780     1200.00
         362   0.0042760     1480.00
         363   0.0042740     1640.00
         364   0.0042720     1840.00
         365   0.0042700     2040.00
         366   0.0042680     2240.00
         367   0.0042660     2440.00
         368   0.0042640     2600.00
         369   0.0042620     2800.00
         370   0.0042600     2960.00
         371   0.0042580     3120.00
         372   0.0042560     3280.00
         373   0.0042540     3440.00
         374   0.0042520     3600.00
         375   0.0042500     3760.00
         376   0.0042480     3880.00
         377   0.0042460     4000.00
         378   0.0042440     4160.00
         379   0.0042420     4240.00
         380   0.0042400     4360.00
         381   0.0042380     4440.00
         382   0.0042360     4520.00
         383   0.0042340     4600.00
         384   0.0042320     4680.00
         385   0.0042300     4720.00
         386   0.0042280     4840.00
         387   0.0042260     4840.00
         388   0.0042240     4880.00
         389   0.0042220     4880.00
         390   0.0042200     4880.00
         391   0.0042180     4880.00
         392   0.0042160     4880.00
         393   0.0042140     4920.00
         394   0.0042120     4880.00
         395   0.0042100     4840.00
         396   0.0042080     4760.00
         397   0.0042060     4760.00
         398   0.0042040     4680.00
         399   0.0042020     4600.00
         400   0.0042000     4520.00
         401   0.0041980     4440.00
         402   0.0041960     4320.00
         403   0.0041940     4240.00
         404   0.0041920     4120.00
         405   0.0041900     4040.00
         406   0.0041880     3880.00
         407   0.0041860     3720.00
         408   0.0041840     3600.00
         409   0.0041820     3480.00
         410   0.0041800     3280.00
         411   0.0041780     3120.00
         412   0.0041760     2960.00
         413   0.0041740     2800.00
         414   0.0041720     2600.00
         415   0.0041700     2440.00
         416   0.0041680     2240.00
         417   0.0041660     2040.00
         418   0.0041640     1840.00
         419   0.0041620     1640.00
         420   0.0041600     1400.00
         421   0.0041580     1200.00
         422   0.0041560     1000.00
         423   0.0041540      760.00
         424   0.0041520      560.00
         425   0.0041500      360.00
         426   0.0041480      120.00
         427   0.0041460      -80.00
         428   0.0041440     -280.00
         429   0.0041420     -520.00
         430   0.0041400     -720.00
         431   0.0041380     -920.00
         432   0.0041360    -1160.00
         433   0.0041340    -1360.00
         434   0.0041320    -1560.00
         435   0.0041300    -1800.00
         436   0.0041280    -2000.00
         437   0.0041260    -2160.00
         438   0.0041240    -2360.00
         439   0.0041220    -2520.00
         440   0.0041200    -2760.00
         441   0.0041180    -2960.00
         442   0.0041160    -3120.00
         443   0.0041140    -3280.00
         444   0.0041120    -3440.00
         445   0.0041100    -3600.00
         446   0.0041080    -3760.00
         447   0.0041060    -3880.00
         448   0.0041040    -4040.00
         449   0.0041020    -4120.00
         450   0.0041000    -4240.00
         451   0.0040980    -4400.00
         452   0.0040960    -4440.00
         453   0.0040940    -4560.00
         454   0.0040920    -4600.00
         455   0.0040900    -4720.00
         456   0.0040880    -4760.00
         457   0.0040860    -4880.00
         458   0.0040840    -4880.00
         459   0.0040820    -4920.00
         460   0.0040800    -4920.00
         461   0.0040780    -5000.00
         462   0.0040760    -5000.00
         463   0.0040740    -4960.00
         464   0.0040720    -5000.00
         465   0.0040700    -4920.00
         466   0.0040680    -4960.00
         467   0.0040660    -4880.00
         468   0.0040640    -4840.00
         469   0.0040620    -4760.00
         470   0.0040600    -4720.00
         471   0.0040580    -4600.00
         472   0.0040560    -4560.00
         473   0.0040540    -4440.00
         474   0.0040520    -4360.00
         475   0.0040500    -4240.00
         476   0.0040480    -4080.00
         477   0.0040460    -4040.00
         478   0.0040440    -3880.00
         479   0.0040420    -3760.00
         480   0.0040400    -3600.00
         481   0.0040380    -3400.00
         482   0.0040360    -3280.00
         483   0.0040340    -3120.00
         484   0.0040320    -2920.00
         485   0.0040300    -2720.00
         486   0.0040280    -2520.00
         487   0.0040260    -2360.00
         488   0.0040240    -2160.00
         489   0.0040220    -1960.00
         490   0.0040200    -1760.00
         491   0.0040180    -1520.00
         492   0.0040160    -1360.00
         493   0.0040140    -1160.00
         494   0.0040120     -920.00
         495   0.0040100     -680.00
         496   0.0040080     -520.00
         497   0.0040060     -280.00
         498   0.0040040      -40.00
         499   0.0040020      200.00
         500   0.0040000      400.00
         501   0.0039980      600.00
         502   0.0039960      840.00
         503   0.0039940     1040.00
         504   0.0039920     1200.00
         505   0.0039900     1480.00
         506   0.0039880     1640.00
         507   0.0039860     1880.00
         508   0.0039840     2040.00
         509   0.0039820     2280.00
         510   0.0039800     2440.00
         511   0.0039780     2640.00
         512   0.0039760     2800.00
         513   0.0039740     2960.00
         514   0.0039720     3160.00
         515   0.0039700     3280.00
         516   0.0039680     3480.00
         517   0.0039660     3600.00
         518   0.0039640     3720.00
         519   0.0039620     3880.00
         520   0.0039600     4040.00
         521   0.0039580     4200.00
         522   0.0039560     4240.00
         523   0.0039540     4360.00
         524   0.0039520     4440.00
         525   0.0039500     4520.00
         526   0.0039480     4600.00
         527   0.0039460     4680.00
         528   0.0039440     4720.00
         529   0.0039420     4800.00
         530   0.0039400     4840.00
         531   0.0039380     4880.00
         532   0.0039360     4880.00
         533   0.0039340     4920.00
         534   0.0039320     4880.00
         535   0.0039300     4920.00
         536   0.0039280     4880.00
         537   0.0039260     4880.00
         538   0.0039240     4840.00
         539   0.0039220     4760.00
         540   0.0039200     4720.00
         541   0.0039180     4680.00
         542   0.0039160     4600.00
         543   0.0039140     4560.00
         544   0.0039120     4400.00
         545   0.0039100     4360.00
         546   0.0039080     4240.00
         547   0.0039060     4120.00
         548   0.0039040     4040.00
         549   0.0039020     3880.00
         550   0.0039000     3720.00
         551   0.0038980     3600.00
         552   0.0038960     3440.00
         553   0.0038940     3280.00
         554   0.0038920     3120.00
         555   0.0038900     2920.00
         556   0.0038880     2760.00
         557   0.0038860     2600.00
         558   0.0038840     2400.00
         559   0.0038820     2200.00
         560   0.0038800     2000.00
         561   0.0038780     1800.00
         562   0.0038760     1640.00
         563   0.0038740     1400.00
         564   0.0038720     1160.00
         565   0.0038700      960.00
         566   0.0038680      760.00
         567   0.0038660      560.00
         568   0.0038640      360.00
         569   0.0038620       80.00
         570   0.0038600     -120.00
         571   0.0038580     -320.00
         572   0.0038560     -560.00
         573   0.0038540     -760.00
         574   0.0038520    -1000.00
         575   0.0038500    -1200.00
         576   0.0038480    -1400.00
         577   0.0038460    -1640.00
         578   0.0038440    -1840.00
         579   0.0038420    -2040.00
         580   0.0038400    -2200.00
         581   0.0038380    -2440.00
         582   0.0038360    -2600.00
         583   0.0038340    -2800.00
         584   0.0038320    -3000.00
         585   0.0038300    -3120.00
         586   0.0038280    -3320.00
         587   0.0038260    -3440.00
         588   0.0038240    -3640.00
         589   0.0038220    -3760.00
         590   0.0038200    -3920.00
         591   0.0038180    -4040.00
         592   0.0038160    -4120.00
         593   0.0038140    -4280.00
         594   0.0038120    -4400.00
         595   0.0038100    -4440.00
         596   0.0038080    -4600.00
         597   0.0038060    -4640.00
         598   0.0038040    -4720.00
         599   0.0038020    -4760.00
         600   0.0038000    -4840.00
         601   0.0037980    -4920.00
         602   0.0037960    -4880.00
         603   0.0037940    -4920.00
         604   0.0037920    -4920.00
         605   0.0037900    -4920.00
         606   0.0037880    -5000.00
         607   0.0037860    -5000.00
         608   0.0037840    -4920.00
         609   0.0037820    -4880.00
         610   0.0037800    -4880.00
         611   0.0037780    -4840.00
         612   0.0037760    -4760.00
         613   0.0037740    -4680.00
         614   0.0037720    -4600.00
         615   0.0037700    -4520.00
         616   0.0037680    -4440.00
         617   0.0037660    -4360.00
         618   0.0037640    -4200.00
         619   0.0037620    -4080.00
         620   0.0037600    -3960.00
         621   0.0037580    -3840.00
         622   0.0037560    -3640.00
         623   0.0037540    -3560.00
         624   0.0037520    -3400.00
         625   0.0037500    -3240.00
         626   0.0037480    -3000.00
         627   0.0037460    -2920.00
         628   0.0037440    -2680.00
         629   0.0037420    -2520.00
         630   0.0037400    -2320.00
         631   0.0037380    -2120.00
         632   0.0037360    -1920.00
         633   0.0037340    -1720.00
         634   0.0037320    -1520.00
         635   0.0037300    -1320.00
         636   0.0037280    -1080.00
         637   0.0037260     -880.00
         638   0.0037240     -720.00
         639   0.0037220     -440.00
         640   0.0037200     -240.00
         641   0.0037180      -40.00
         642   0.0037160      200.00
         643   0.0037140      400.00
         644   0.0037120      600.00
         645   0.0037100      840.00
         646   0.0037080     1080.00
         647   0.0037060     1240.00
         648   0.0037040     1480.00
         649   0.0037020     1680.00
         650   0.0037000     1840.00
         651   0.0036980     2080.00
         652   0.0036960     2280.00
         653   0.0036940     2440.00
         654   0.0036920     2640.00
         655   0.0036900     2840.00
         656   0.0036880     3000.00
         657   0.0036860     3160.00
         658   0.0036840     3320.00
         659   0.0036820     3480.00
         660   0.0036800     3640.00
         661   0.0036780     3760.00
         662   0.0036760     3920.00
         663   0.0036740     4080.00
         664   0.0036720     4200.00
         665   0.0036700     4240.00
         666   0.0036680     4360.00
         667   0.0036660     4480.00
         668   0.0036640     4560.00
         669   0.0036620     4680.00
         670   0.0036600     4720.00
         671   0.0036580     4760.00
         672   0.0036560     4840.00
         673   0.0036540     4840.00
         674   0.0036520     4880.00
         675   0.0036500     4880.00
         676   0.0036480     4920.00
         677   0.0036460     4880.00
         678   0.0036440     4920.00
         679   0.0036420     4880.00
         680   0.0036400     4880.00
         681   0.0036380     4880.00
         682   0.0036360     4760.00
         683   0.0036340     4720.00
         684   0.0036320     4680.00
         685   0.0036300     4600.00
         686   0.0036280     4520.00
         687   0.0036260     4400.00
         688   0.0036240     4360.00
         689   0.0036220     4240.00
         690   0.0036200     4120.00
         691   0.0036180     3960.00
         692   0.0036160     3880.00
         693   0.0036140     3720.00
         694   0.0036120     3600.00
         695   0.0036100     3400.00
         696   0.0036080     3280.00
         697   0.0036060     3080.00
         698   0.0036040     2920.00
         699   0.0036020     2760.00
         700   0.0036000     2600.00
         701   0.0035980     2400.00
         702   0.0035960     2160.00
         703   0.0035940     1960.00
         704   0.0035920     1800.00
         705   0.0035900     1560.00
         706   0.0035880     1360.00
         707   0.0035860     1160.00
         708   0.0035840      920.00
         709   0.0035820      720.00
         710   0.0035800      520.00
         711   0.0035780      280.00
         712   0.0035760       80.00
         713   0.0035740     -120.00
         714   0.0035720     -360.00
         715   0.0035700     -560.00
         716   0.0035680     -760.00
         717   0.0035660    -1040.00
         718   0.0035640    -1240.00
         719   0.0035620    -1400.00
         720   0.0035600    -1680.00
         721   0.0035580    -1840.00
         722   0.0035560    -2040.00
         723   0.0035540    -2240.00
         724   0.0035520    -2480.00
         725   0.0035500    -2640.00
         726   0.0035480    -2800.00
         727   0.0035460    -2960.00
         728   0.0035440    -3160.00
         729   0.0035420    -3320.00
         730   0.0035400    -3440.00
         731   0.0035380    -3600.00
         732   0.0035360    -3760.00
         733   0.0035340    -3880.00
         734   0.0035320    -4000.00
         735   0.0035300    -4160.00
         736   0.0035280    -4280.00
         737   0.0035260    -4360.00
         738   0.0035240    -4480.00
         739   0.0035220    -4600.00
         740   0.0035200    -4680.00
         741   0.0035180    -4720.00
         742   0.0035160    -4760.00
         743   0.0035140    -4840.00
         744   0.0035120    -4880.00
         745   0.0035100    -4920.00
         746   0.0035080    -4920.00
         747   0.0035060    -4920.00
         748   0.0035040    -4920.00
         749   0.0035020    -4960.00
         750   0.0035000    -4920.00
         751   0.0034980    -4920.00
         752   0.0034960    -4880.00
         753   0.0034940    -4880.00
         754   0.0034920    -4760.00
         755   0.0034900    -4760.00
         756   0.0034880    -4680.00
         757   0.0034860    -4600.00
         758   0.0034840    -4520.00
         759   0.0034820    -4400.00
         760   0.0034800    -4280.00
         761   0.0034780    -4240.00
         762   0.0034760    -4080.00
         763   0.0034740    -3960.00
         764   0.0034720    -3800.00
         765   0.0034700    -3640.00
         766   0.0034680    -3520.00
         767   0.0034660    -3360.00
         768   0.0034640    -3200.00
         769   0.0034620    -3000.00
         770   0.0034600    -2840.00
         771   0.0034580    -2680.00
         772   0.0034560    -2480.00
         773   0.0034540    -2320.00
         774   0.0034520    -2160.00
         775   0.0034500    -1960.00
         776   0.0034480    -1720.00
         777   0.0034460    -1520.00
         778   0.0034440    -1240.00
         779   0.0034420    -1080.00
         780   0.0034400     -880.00
         781   0.0034380     -680.00
         782   0.0034360     -440.00
         783   0.0034340     -240.00
         784   0.0034320       40.00
         785   0.0034300      200.00
         786   0.0034280      400.00
         787   0.0034260      600.00
         788   0.0034240      880.00
         789   0.0034220     1080.00
         790   0.0034200     1320.00
         791   0.0034180     1480.00
         792   0.0034160     1720.00
         793   0.0034140     1960.00
         794   0.0034120     2120.00
         795   0.0034100     2320.00
         796   0.0034080     2480.00
         797   0.0034060     2680.00
         798   0.0034040     2840.00
         799   0.0034020     3040.00
         800   0.0034000     3160.00
         801   0.0033980     3320.00
         802   0.0033960     3560.00
         803   0.0033940     3680.00
         804   0.0033920     3800.00
         805   0.0033900     3920.00
         806   0.0033880     4080.00
         807   0.0033860     4200.00
         808   0.0033840     4280.00
         809   0.0033820     4400.00
         810   0.0033800     4520.00
         811   0.0033780     4560.00
         812   0.0033760     4680.00
         813   0.0033740     4680.00
         814   0.0033720     4760.00
         815   0.0033700     4840.00
         816   0.0033680     4840.00
         817   0.0033660     4880.00
         818   0.0033640     4920.00
         819   0.0033620     4920.00
         820   0.0033600     4920.00
         821   0.0033580     4920.00
         822   0.0033560     4880.00
         823   0.0033540     4880.00
         824   0.0033520     4840.00
         825   0.0033500     4760.00
         826   0.0033480     4720.00
         827   0.0033460     4680.00
         828   0.0033440     4560.00
         829   0.0033420     4520.00
         830   0.0033400     4440.00
         831   0.0033380     4360.00
         832   0.0033360     4240.00
         833   0.0033340     4080.00
         834   0.0033320     3920.00
         835   0.0033300     3840.00
         836   0.0033280     3720.00
         837   0.0033260     3520.00
         838   0.0033240     3400.00
         839   0.0033220     3240.00
         840   0.0033200     3080.00
         841   0.0033180     2880.00
         842   0.0033160     2680.00
         843   0.0033140     2520.00
         844   0.0033120     2320.00
         845   0.0033100     2160.00
         846   0.0033080     1960.00
         847   0.0033060     1720.00
         848   0.0033040     1520.00
         849   0.0033020     1320.00
         850   0.0033000     1120.00
         851   0.0032980      880.00
         852   0.0032960      680.00
         853   0.0032940      440.00
         854   0.0032920      240.00
         855   0.0032900       40.00
         856   0.0032880     -200.00
         857   0.0032860     -440.00
         858   0.0032840     -600.00
         859   0.0032820     -840.00
         860   0.0032800    -1040.00
         861   0.0032780    -1240.00
         862   0.0032760    -1440.00
         863   0.0032740    -1680.00
         864   0.0032720    -1840.00
         865   0.0032700    -2040.00
         866   0.0032680    -2280.00
         867   0.0032660    -2480.00
         868   0.0032640    -2640.00
         869   0.0032620    -2840.00
         870   0.0032600    -3000.00
         871   0.0032580    -3160.00
         872   0.0032560    -3320.00
         873   0.0032540    -3480.00
         874   0.0032520    -3640.00
         875   0.0032500    -3800.00
         876   0.0032480    -3960.00
         877   0.0032460    -4040.00
         878   0.0032440    -4160.00
         879   0.0032420    -4280.00
         880   0.0032400    -4400.00
         881   0.0032380    -4520.00
         882   0.0032360    -4560.00
         883   0.0032340    -4680.00
         884   0.0032320    -4720.00
         885   0.0032300    -4760.00
         886   0.0032280    -4840.00
         887   0.0032260    -4880.00
         888   0.0032240    -4920.00
         889   0.0032220    -4920.00
         890   0.0032200    -5000.00
         891   0.0032180    -4920.00
         892   0.0032160    -4920.00
         893   0.0032140    -4960.00
         894   0.0032120    -4920.00
         895   0.0032100    -4880.00
         896   0.0032080    -4880.00
         897   0.0032060    -4760.00
         898   0.0032040    -4720.00
         899   0.0032020    -4680.00
         900   0.0032000    -4600.00
         901   0.0031980    -4520.00
         902   0.0031960    -4400.00
         903   0.0031940    -4280.00
         904   0.0031920    -4200.00
         905   0.0031900    -4080.00
         906   0.0031880    -3920.00
         907   0.0031860    -3800.00
         908   0.0031840    -3640.00
         909   0.0031820    -3480.00
         910   0.0031800    -3360.00
         911   0.0031780    -3200.00
         912   0.0031760    -3000.00
         913   0.0031740    -2800.00
         914   0.0031720    -2680.00
         915   0.0031700    -2480.00
         916   0.0031680    -2320.00
         917   0.0031660    -2080.00
         918   0.0031640    -1880.00
         919   0.0031620    -1680.00
         920   0.0031600    -1480.00
         921   0.0031580    -1240.00
         922   0.0031560    -1040.00
         923   0.0031540     -840.00
         924   0.0031520     -600.00
         925   0.0031500     -400.00
         926   0.0031480     -200.00
         927   0.0031460       40.00
         928   0.0031440      240.00
         929   0.0031420      440.00
         930   0.0031400      720.00
         931   0.0031380      880.00
         932   0.0031360     1120.00
         933   0.0031340     1320.00
         934   0.0031320     1520.00
         935   0.0031300     1720.00
         936   0.0031280     1960.00
         937   0.0031260     2120.00
         938   0.0031240     2320.00
         939   0.0031220     2520.00
         940   0.0031200     2720.00
         941   0.0031180     2880.00
         942   0.0031160     3080.00
         943   0.0031140     3240.00
         944   0.0031120     3400.00
         945   0.0031100     3560.00
         946   0.0031080     3680.00
         947   0.0031060     3880.00
         948   0.0031040     3960.00
         949   0.0031020     4080.00
         950   0.0031000     4240.00
         951   0.0030980     4360.00
         952   0.0030960     4440.00
         953   0.0030940     4520.00
         954   0.0030920     4560.00
         955   0.0030900     4680.00
         956   0.0030880     4720.00
         957   0.0030860     4760.00
         958   0.0030840     4840.00
         959   0.0030820     4880.00
         960   0.0030800     4880.00
         961   0.0030780     4920.00
         962   0.0030760     4880.00
         963   0.0030740     4880.00
         964   0.0030720     4920.00
         965   0.0030700     4880.00
         966   0.0030680     4880.00
         967   0.0030660     4840.00
         968   0.0030640     4760.00
         969   0.0030620     4680.00
         970   0.0030600     4680.00
         971   0.0030580     4560.00
         972   0.0030560     4520.00
         973   0.0030540     4400.00
         974   0.0030520     4280.00
         975   0.0030500     4200.00
         976   0.0030480     4040.00
         977   0.0030460     3920.00
         978   0.0030440     3800.00
         979   0.0030420     3680.00
         980   0.0030400     3520.00
         981   0.0030380     3320.00
         982   0.0030360     3160.00
         983   0.0030340     3040.00
         984   0.0030320     2880.00
         985   0.0030300     2680.00
         986   0.0030280     2520.00
         987   0.0030260     2280.00
         988   0.0030240     2120.00
         989   0.0030220     1920.00
         990   0.0030200     1720.00
         991   0.0030180     1520.00
         992   0.0030160     1320.00
         993   0.0030140     1080.00
         994   0.0030120      840.00
         995   0.0030100      680.00
         996   0.0030080      400.00
         997   0.0030060      240.00
         998   0.0030040       40.00
         999   0.0030020     -240.00
        1000   0.0030000     -440.00
        1001   0.0029980     -640.00
        1002   0.0029960     -840.00
        1003   0.0029940    -1040.00
        1004   0.0029920    -1240.00
        1005   0.0029900    -1480.00
        1006   0.0029880    -1680.00
        1007   0.0029860    -1880.00
        1008   0.0029840    -2080.00
        1009   0.0029820    -2280.00
        1010   0.0029800    -2520.00
        1011   0.0029780    -2680.00
        1012   0.0029760    -2840.00
        1013   0.0029740    -3000.00
        1014   0.0029720    -3200.00
        1015   0.0029700    -3320.00
        1016   0.0029680    -3560.00
        1017   0.0029660    -3640.00
        1018   0.0029640    -3760.00
        1019   0.0029620    -3960.00
        1020   0.0029600    -4080.00
        1021   0.0029580    -4200.00
        1022   0.0029560    -4280.00
        1023   0.0029540    -4400.00
        1024   0.0029520    -4520.00
        1025   0.0029500    -4600.00
        1026   0.0029480    -4680.00
        1027   0.0029460    -4720.00
        1028   0.0029440    -4760.00
        1029   0.0029420    -4880.00
        1030   0.0029400    -4880.00
        1031   0.0029380    -4920.00
        1032   0.0029360    -4920.00
        1033   0.0029340    -4960.00
        1034   0.0029320    -5000.00
        1035   0.0029300    -5000.00
        1036   0.0029280    -4920.00
        1037   0.0029260    -4920.00
        1038   0.0029240    -4880.00
        1039   0.0029220    -4840.00
        1040   0.0029200    -4760.00
        1041   0.0029180    -4720.00
        1042   0.0029160    -4680.00
        1043   0.0029140    -4600.00
        1044   0.0029120    -4480.00
        1045   0.0029100    -4400.00
        1046   0.0029080    -4280.00
        1047   0.0029060    -4160.00
        1048   0.0029040    -4040.00
        1049   0.0029020    -3960.00
        1050   0.0029000    -3760.00
        1051   0.0028980    -3640.00
        1052   0.0028960    -3480.00
        1053   0.0028940    -3320.00
        1054   0.0028920    -3160.00
        1055   0.0028900    -3000.00
        1056   0.0028880    -2800.00
        1057   0.0028860    -2640.00
        1058   0.0028840    -2440.00
        1059   0.0028820    -2200.00
        1060   0.0028800    -2040.00
        1061   0.0028780    -1840.00
        1062   0.0028760    -1680.00
        1063   0.0028740    -1400.00
        1064   0.0028720    -1200.00
        1065   0.0028700    -1000.00
        1066   0.0028680     -760.00
        1067   0.0028660     -600.00
        1068   0.0028640     -360.00
        1069   0.0028620     -120.00
        1070   0.0028600       80.00
        1071   0.0028580      280.00
        1072   0.0028560      520.00
        1073   0.0028540      720.00
        1074   0.0028520      960.00
        1075   0.0028500     1160.00
        1076   0.0028480     1400.00
        1077   0.0028460     1560.00
        1078   0.0028440     1800.00
        1079   0.0028420     2000.00
        1080   0.0028400     2160.00
        1081   0.0028380     2360.00
        1082   0.0028360     2520.00
        1083   0.0028340     2760.00
        1084   0.0028320     2920.00
        1085   0.0028300     3120.00
        1086   0.0028280     3280.00
        1087   0.0028260     3400.00
        1088   0.0028240     3560.00
        1089   0.0028220     3720.00
        1090   0.0028200     3880.00
        1091   0.0028180     4000.00
        1092   0.0028160     4080.00
        1093   0.0028140     4240.00
        1094   0.0028120     4360.00
        1095   0.0028100     4440.00
        1096   0.0028080     4520.00
        1097   0.0028060     4560.00
        1098   0.0028040     4680.00
        1099   0.0028020     4720.00
        1100   0.0028000     4760.00
        1101   0.0027980     4840.00
        1102   0.0027960     4880.00
        1103   0.0027940     4880.00
        1104   0.0027920     4880.00
        1105   0.0027900     4920.00
        1106   0.0027880     4880.00
        1107   0.0027860     4880.00
        1108   0.0027840     4880.00
        1109   0.0027820     4840.00
        1110   0.0027800     4840.00
        1111   0.0027780     4760.00
        1112   0.0027760     4720.00
        1113   0.0027740     4600.00
        1114   0.0027720     4560.00
        1115   0.0027700     4440.00
        1116   0.0027680     4400.00
        1117   0.0027660     4280.00
        1118   0.0027640     4160.00
        1119   0.0027620     4080.00
        1120   0.0027600     3920.00
        1121   0.0027580     3800.00
        1122   0.0027560     3640.00
        1123   0.0027540     3520.00
        1124   0.0027520     3320.00
        1125   0.0027500     3160.00
        1126   0.0027480     3000.00
        1127   0.0027460     2840.00
        1128   0.0027440     2640.00
        1129   0.0027420     2480.00
        1130   0.0027400     2280.00
        1131   0.0027380     2080.00
        1132   0.0027360     1880.00
        1133   0.0027340     1680.00
        1134   0.0027320     1520.00
        1135   0.0027300     1320.00
        1136   0.0027280     1080.00
        1137   0.0027260      840.00
        1138   0.0027240      680.00
        1139   0.0027220      400.00
        1140   0.0027200      200.00
        1141   0.0027180      -40.00
        1142   0.0027160     -240.00
        1143   0.0027140     -440.00
        1144   0.0027120     -680.00
        1145   0.0027100     -840.00
        1146   0.0027080    -1080.00
        1147   0.0027060    -1280.00
        1148   0.0027040    -1520.00
        1149   0.0027020    -1720.00
        1150   0.0027000    -1960.00
        1151   0.0026980    -2120.00
        1152   0.0026960    -2320.00
        1153   0.0026940    -2480.00
        1154   0.0026920    -2680.00
        1155   0.0026900    -2920.00
        1156   0.0026880    -3080.00
        1157   0.0026860    -3240.00
        1158   0.0026840    -3400.00
        1159   0.0026820    -3560.00
        1160   0.0026800    -3640.00
        1161   0.0026780    -3800.00
        1162   0.0026760    -3960.00
        1163   0.0026740    -4080.00
        1164   0.0026720    -4200.00
        1165   0.0026700    -4360.00
        1166   0.0026680    -4440.00
        1167   0.0026660    -4560.00
        1168   0.0026640    -4600.00
        1169   0.0026620    -4680.00
        1170   0.0026600    -4720.00
        1171   0.0026580    -4800.00
        1172   0.0026560    -4880.00
        1173   0.0026540    -4880.00
        1174   0.0026520    -4920.00
        1175   0.0026500    -5000.00
        1176   0.0026480    -4960.00
        1177   0.0026460    -4920.00
        1178   0.0026440    -4920.00
        1179   0.0026420    -5000.00
        1180   0.0026400    -4920.00
        1181   0.0026380    -4880.00
        1182   0.0026360    -4840.00
        1183   0.0026340    -4800.00
        1184   0.0026320    -4720.00
        1185   0.0026300    -4680.00
        1186   0.0026280    -4560.00
        1187   0.0026260    -4480.00
        1188   0.0026240    -4400.00
        1189   0.0026220    -4280.00
        1190   0.0026200    -4200.00
        1191   0.0026180    -4040.00
        1192   0.0026160    -3880.00
        1193   0.0026140    -3760.00
        1194   0.0026120    -3600.00
        1195   0.0026100    -3440.00
        1196   0.0026080    -3320.00
        1197   0.0026060    -3120.00
        1198   0.0026040    -2960.00
        1199   0.0026020    -2760.00
        1200   0.0026000    -2600.00
        1201   0.0025980    -2360.00
        1202   0.0025960    -2200.00
        1203   0.0025940    -2000.00
        1204   0.0025920    -1840.00
        1205   0.0025900    -1640.00
        1206   0.0025880    -1400.00
        1207   0.0025860    -1200.00
        1208   0.0025840    -1000.00
        1209   0.0025820     -760.00
        1210   0.0025800     -560.00
        1211   0.0025780     -280.00
        1212   0.0025760     -120.00
        1213   0.0025740       80.00
        1214   0.0025720      280.00
        1215   0.0025700      560.00
        1216   0.0025680      720.00
        1217   0.0025660     1000.00
        1218   0.0025640     1200.00
        1219   0.0025620     1400.00
        1220   0.0025600     1560.00
        1221   0.0025580     1840.00
        1222   0.0025560     2000.00
        1223   0.0025540     2200.00
        1224   0.0025520     2360.00
        1225   0.0025500     2560.00
        1226   0.0025480     2760.00
        1227   0.0025460     2960.00
        1228   0.0025440     3080.00
        1229   0.0025420     3280.00
        1230   0.0025400     3440.00
        1231   0.0025380     3600.00
        1232   0.0025360     3720.00
        1233   0.0025340     3880.00
        1234   0.0025320     3960.00
        1235   0.0025300     4120.00
        1236   0.0025280     4240.00
        1237   0.0025260     4360.00
        1238   0.0025240     4440.00
        1239   0.0025220     4520.00
        1240   0.0025200     4560.00
        1241   0.0025180     4680.00
        1242   0.0025160     4720.00
        1243   0.0025140     4760.00
        1244   0.0025120     4840.00
        1245   0.0025100     4880.00
        1246   0.0025080     4880.00
        1247   0.0025060     4880.00
        1248   0.0025040     4920.00
        1249   0.0025020     4880.00
        1250   0.0025000     4880.00
        1251   0.0024980     4880.00
        1252   0.0024960     4840.00
        1253   0.0024940     4840.00
        1254   0.0024920     4760.00
        1255   0.0024900     4720.00
        1256   0.0024880     4680.00
        1257   0.0024860     4560.00
        1258   0.0024840     4440.00
        1259   0.0024820     4360.00
        1260   0.0024800     4240.00
        1261   0.0024780     4160.00
        1262   0.0024760     4040.00
        1263   0.0024740     3920.00
        1264   0.0024720     3800.00
        1265   0.0024700     3640.00
        1266   0.0024680     3480.00
        1267   0.0024660     3320.00
        1268   0.0024640     3160.00
        1269   0.0024620     2960.00
        1270   0.0024600     2840.00
        1271   0.0024580     2640.00
        1272   0.0024560     2440.00
        1273   0.0024540     2280.00
        1274   0.0024520     2120.00
        1275   0.0024500     1880.00
        1276   0.0024480     1680.00
        1277   0.0024460     1480.00
        1278   0.0024440     1240.00
        1279   0.0024420     1040.00
        1280   0.0024400      840.00
        1281   0.0024380      560.00
        1282   0.0024360      400.00
        1283   0.0024340      160.00
        1284   0.0024320      -80.00
        1285   0.0024300     -280.00
        1286   0.0024280     -440.00
        1287   0.0024260     -720.00
        1288   0.0024240     -920.00
        1289   0.0024220    -1080.00
        1290   0.0024200    -1360.00
        1291   0.0024180    -1560.00
        1292   0.0024160    -1720.00
        1293   0.0024140    -2000.00
        1294   0.0024120    -2160.00
        1295   0.0024100    -2360.00
        1296   0.0024080    -2560.00
        1297   0.0024060    -2760.00
        1298   0.0024040    -2920.00
        1299   0.0024020    -3080.00
        1300   0.0024000    -3280.00
        1301   0.0023980    -3400.00
        1302   0.0023960    -3600.00
        1303   0.0023940    -3720.00
        1304   0.0023920    -3880.00
        1305   0.0023900    -4000.00
        1306   0.0023880    -4120.00
        1307   0.0023860    -4240.00
        1308   0.0023840    -4360.00
        1309   0.0023820    -4440.00
        1310   0.0023800    -4560.00
        1311   0.0023780    -4600.00
        1312   0.0023760    -4720.00
        1313   0.0023740    -4760.00
        1314   0.0023720    -4840.00
        1315   0.0023700    -4920.00
        1316   0.0023680    -4920.00
        1317   0.0023660    -4920.00
        1318   0.0023640    -4920.00
        1319   0.0023620    -5000.00
        1320   0.0023600    -4960.00
        1321   0.0023580    -4960.00
        1322   0.0023560    -4920.00
        1323   0.0023540    -4880.00
        1324   0.0023520    -4880.00
        1325   0.0023500    -4840.00
        1326   0.0023480    -4760.00
        1327   0.0023460    -4720.00
        1328   0.0023440    -4600.00
        1329   0.0023420    -4560.00
        1330   0.0023400    -4440.00
        1331   0.0023380    -4400.00
        1332   0.0023360    -4240.00
        1333   0.0023340    -4080.00
        1334   0.0023320    -3960.00
        1335   0.0023300    -3880.00
        1336   0.0023280    -3760.00
        1337   0.0023260    -3600.00
        1338   0.0023240    -3440.00
        1339   0.0023220    -3280.00
        1340   0.0023200    -3120.00
        1341   0.0023180    -2920.00
        1342   0.0023160    -2760.00
        1343   0.0023140    -2600.00
        1344   0.0023120    -2360.00
        1345   0.0023100    -2160.00
        1346   0.0023080    -2000.00
        1347   0.0023060    -1800.00
        1348   0.0023040    -1560.00
        1349   0.0023020    -1360.00
        1350   0.0023000    -1160.00
        1351   0.0022980     -920.00
        1352   0.0022960     -720.00
        1353   0.0022940     -520.00
        1354   0.0022920     -280.00
        1355   0.0022900      -80.00
        1356   0.0022880      120.00
        1357   0.0022860      360.00
        1358   0.0022840      560.00
        1359   0.0022820      720.00
        1360   0.0022800     1000.00
        1361   0.0022780     1200.00
        1362   0.0022760     1440.00
        1363   0.0022740     1640.00
        1364   0.0022720     1800.00
        1365   0.0022700     2000.00
        1366   0.0022680     2200.00
        1367   0.0022660     2440.00
        1368   0.0022640     2600.00
        1369   0.0022620     2760.00
        1370   0.0022600     2960.00
        1371   0.0022580     3120.00
        1372   0.0022560     3280.00
        1373   0.0022540     3440.00
        1374   0.0022520     3600.00
        1375   0.0022500     3760.00
        1376   0.0022480     3880.00
        1377   0.0022460     4040.00
        1378   0.0022440     4120.00
        1379   0.0022420     4240.00
        1380   0.0022400     4360.00
        1381   0.0022380     4400.00
        1382   0.0022360     4520.00
        1383   0.0022340     4600.00
        1384   0.0022320     4680.00
        1385   0.0022300     4720.00
        1386   0.0022280     4800.00
        1387   0.0022260     4880.00
        1388   0.0022240     4880.00
        1389   0.0022220     4880.00
        1390   0.0022200     4920.00
        1391   0.0022180     4920.00
        1392   0.0022160     4880.00
        1393   0.0022140     4920.00
        1394   0.0022120     4880.00
        1395   0.0022100     4840.00
        1396   0.0022080     4840.00
        1397   0.0022060     4760.00
        1398   0.0022040     4680.00
        1399   0.0022020     4640.00
        1400   0.0022000     4560.00
        1401   0.0021980     4480.00
        1402   0.0021960     4360.00
        1403   0.0021940     4240.00
        1404   0.0021920     4160.00
        1405   0.0021900     4040.00
        1406   0.0021880     3920.00
        1407   0.0021860     3760.00
        1408   0.0021840     3600.00
        1409   0.0021820     3480.00
        1410   0.0021800     3280.00
        1411   0.0021780     3160.00
        1412   0.0021760     2960.00
        1413   0.0021740     2800.00
        1414   0.0021720     2600.00
        1415   0.0021700     2440.00
        1416   0.0021680     2200.00
        1417   0.0021660     2040.00
        1418   0.0021640     1840.00
        1419   0.0021620     1680.00
        1420   0.0021600     1400.00
        1421   0.0021580     1200.00
        1422   0.0021560     1040.00
        1423   0.0021540      760.00
        1424   0.0021520      560.00
        1425   0.0021500      360.00
        1426   0.0021480      120.00
        1427   0.0021460      -80.00
        1428   0.0021440     -320.00
        1429   0.0021420     -560.00
        1430   0.0021400     -720.00
        1431   0.0021380     -920.00
        1432   0.0021360    -1200.00
        1433   0.0021340    -1360.00
        1434   0.0021320    -1560.00
        1435   0.0021300    -1800.00
        1436   0.0021280    -2000.00
        1437   0.0021260    -2160.00
        1438   0.0021240    -2360.00
        1439   0.0021220    -2520.00
        1440   0.0021200    -2760.00
        1441   0.0021180    -2960.00
        1442   0.0021160    -3120.00
        1443   0.0021140    -3280.00
        1444   0.0021120    -3440.00
        1445   0.0021100    -3600.00
        1446   0.0021080    -3720.00
        1447   0.0021060    -3880.00
        1448   0.0021040    -4040.00
        1449   0.0021020    -4120.00
        1450   0.0021000    -4280.00
        1451   0.0020980    -4360.00
        1452   0.0020960    -4440.00
        1453   0.0020940    -4600.00
        1454   0.0020920    -4600.00
        1455   0.0020900    -4720.00
        1456   0.0020880    -4800.00
        1457   0.0020860    -4840.00
        1458   0.0020840    -4880.00
        1459   0.0020820    -4920.00
        1460   0.0020800    -4920.00
        1461   0.0020780    -4920.00
        1462   0.0020760    -5000.00
        1463   0.0020740    -4960.00
        1464   0.0020720    -4920.00
        1465   0.0020700    -4920.00
        1466   0.0020680    -4880.00
        1467   0.0020660    -4880.00
        1468   0.0020640    -4760.00
        1469   0.0020620    -4760.00
        1470   0.0020600    -4680.00
        1471   0.0020580    -4680.00
        1472   0.0020560    -4560.00
        1473   0.0020540    -4440.00
        1474   0.0020520    -4400.00
        1475   0.0020500    -4240.00
        1476   0.0020480    -4120.00
        1477   0.0020460    -3960.00
        1478   0.0020440    -3880.00
        1479   0.0020420    -3720.00
        1480   0.0020400    -3560.00
        1481   0.0020380    -3440.00
        1482   0.0020360    -3200.00
        1483   0.0020340    -3080.00
        1484   0.0020320    -2920.00
        1485   0.0020300    -2760.00
        1486   0.0020280    -2600.00
        1487   0.0020260    -2360.00
        1488   0.0020240    -2160.00
        1489   0.0020220    -1960.00
        1490   0.0020200    -1800.00
        1491   0.0020180    -1560.00
        1492   0.0020160    -1360.00
        1493   0.0020140    -1160.00
        1494   0.0020120     -920.00
        1495   0.0020100     -720.00
        1496   0.0020080     -520.00
        1497   0.0020060     -280.00
        1498   0.0020040      -80.00
        1499   0.0020020      120.00
        1500   0.0020000      360.00
        1501   0.0019980      560.00
        1502   0.0019960      800.00
        1503   0.0019940     1040.00
        1504   0.0019920     1240.00
        1505   0.0019900     1440.00
        1506   0.0019880     1680.00
        1507   0.0019860     1840.00
        1508   0.0019840     2040.00
        1509   0.0019820     2240.00
        1510   0.0019800     2440.00
        1511   0.0019780     2640.00
        1512   0.0019760     2800.00
        1513   0.0019740     2960.00
        1514   0.0019720     3120.00
        1515   0.0019700     3320.00
        1516   0.0019680     3480.00
        1517   0.0019660     3640.00
        1518   0.0019640     3760.00
        1519   0.0019620     3920.00
        1520   0.0019600     4040.00
        1521   0.0019580     4120.00
        1522   0.0019560     4240.00
        1523   0.0019540     4360.00
        1524   0.0019520     4480.00
        1525   0.0019500     4560.00
        1526   0.0019480     4600.00
        1527   0.0019460     4720.00
        1528   0.0019440     4760.00
        1529   0.0019420     4840.00
        1530   0.0019400     4880.00
        1531   0.0019380     4880.00
        1532   0.0019360     4880.00
        1533   0.0019340     4920.00
        1534   0.0019320     4920.00
        1535   0.0019300     4920.00
        1536   0.0019280     4920.00
        1537   0.0019260     4880.00
        1538   0.0019240     4840.00
        1539   0.0019220     4840.00
        1540   0.0019200     4720.00
        1541   0.0019180     4720.00
        1542   0.0019160     4600.00
        1543   0.0019140     4520.00
        1544   0.0019120     4440.00
        1545   0.0019100     4360.00
        1546   0.0019080     4240.00
        1547   0.0019060     4120.00
        1548   0.0019040     3960.00
        1549   0.0019020     3880.00
        1550   0.0019000     3720.00
        1551   0.0018980     3600.00
        1552   0.0018960     3440.00
        1553   0.0018940     3240.00
        1554   0.0018920     3120.00
        1555   0.0018900     2960.00
        1556   0.0018880     2760.00
        1557   0.0018860     2600.00
        1558   0.0018840     2360.00
        1559   0.0018820     2160.00
        1560   0.0018800     2000.00
        1561   0.0018780     1800.00
        1562   0.0018760     1560.00
        1563   0.0018740     1360.00
        1564   0.0018720     1200.00
        1565   0.0018700      920.00
        1566   0.0018680      720.00
        1567   0.0018660      520.00
        1568   0.0018640      280.00
        1569   0.0018620       80.00
        1570   0.0018600     -120.00
        1571   0.0018580     -400.00
        1572   0.0018560     -560.00
        1573   0.0018540     -760.00
        1574   0.0018520     -960.00
        1575   0.0018500    -1200.00
        1576   0.0018480    -1400.00
        1577   0.0018460    -1680.00
        1578   0.0018440    -1840.00
        1579   0.0018420    -2040.00
        1580   0.0018400    -2200.00
        1581   0.0018380    -2400.00
        1582   0.0018360    -2600.00
        1583   0.0018340    -2800.00
        1584   0.0018320    -3000.00
        1585   0.0018300    -3120.00
        1586   0.0018280    -3280.00
        1587   0.0018260    -3440.00
        1588   0.0018240    -3640.00
        1589   0.0018220    -3760.00
        1590   0.0018200    -3920.00
        1591   0.0018180    -4040.00
        1592   0.0018160    -4120.00
        1593   0.0018140    -4240.00
        1594   0.0018120    -4400.00
        1595   0.0018100    -4440.00
        1596   0.0018080    -4560.00
        1597   0.0018060    -4680.00
        1598   0.0018040    -4720.00
        1599   0.0018020    -4760.00
        1600   0.0018000    -4840.00
        1601   0.0017980    -4880.00
        1602   0.0017960    -4920.00
        1603   0.0017940    -4920.00
        1604   0.0017920    -4920.00
        1605   0.0017900    -4920.00
        1606   0.0017880    -4960.00
        1607   0.0017860    -4960.00
        1608   0.0017840    -4920.00
        1609   0.0017820    -4920.00
        1610   0.0017800    -4880.00
        1611   0.0017780    -4840.00
        1612   0.0017760    -4720.00
        1613   0.0017740    -4680.00
        1614   0.0017720    -4600.00
        1615   0.0017700    -4560.00
        1616   0.0017680    -4400.00
        1617   0.0017660    -4360.00
        1618   0.0017640    -4200.00
        1619   0.0017620    -4080.00
        1620   0.0017600    -4000.00
        1621   0.0017580    -3840.00
        1622   0.0017560    -3680.00
        1623   0.0017540    -3560.00
        1624   0.0017520    -3400.00
        1625   0.0017500    -3240.00
        1626   0.0017480    -3080.00
        1627   0.0017460    -2880.00
        1628   0.0017440    -2680.00
        1629   0.0017420    -2600.00
        1630   0.0017400    -2320.00
        1631   0.0017380    -2160.00
        1632   0.0017360    -1960.00
        1633   0.0017340    -1720.00
        1634   0.0017320    -1520.00
        1635   0.0017300    -1320.00
        1636   0.0017280    -1120.00
        1637   0.0017260     -880.00
        1638   0.0017240     -680.00
        1639   0.0017220     -440.00
        1640   0.0017200     -280.00
        1641   0.0017180      -40.00
        1642   0.0017160      200.00
        1643   0.0017140      400.00
        1644   0.0017120      600.00
        1645   0.0017100      840.00
        1646   0.0017080     1080.00
        1647   0.0017060     1320.00
        1648   0.0017040     1480.00
        1649   0.0017020     1680.00
        1650   0.0017000     1840.00
        1651   0.0016980     2040.00
        1652   0.0016960     2280.00
        1653   0.0016940     2440.00
        1654   0.0016920     2640.00
        1655   0.0016900     2840.00
        1656   0.0016880     3000.00
        1657   0.0016860     3160.00
        1658   0.0016840     3360.00
        1659   0.0016820     3480.00
        1660   0.0016800     3640.00
        1661   0.0016780     3760.00
        1662   0.0016760     3920.00
        1663   0.0016740     4040.00
        1664   0.0016720     4200.00
        1665   0.0016700     4280.00
        1666   0.0016680     4400.00
        1667   0.0016660     4520.00
        1668   0.0016640     4560.00
        1669   0.0016620     4640.00
        1670   0.0016600     4680.00
        1671   0.0016580     4760.00
        1672   0.0016560     4840.00
        1673   0.0016540     4840.00
        1674   0.0016520     4880.00
        1675   0.0016500     4880.00
        1676   0.0016480     4920.00
        1677   0.0016460     4920.00
        1678   0.0016440     4880.00
        1679   0.0016420     4880.00
        1680   0.0016400     4880.00
        1681   0.0016380     4840.00
        1682   0.0016360     4800.00
        1683   0.0016340     4720.00
        1684   0.0016320     4680.00
        1685   0.0016300     4560.00
        1686   0.0016280     4520.00
        1687   0.0016260     4400.00
        1688   0.0016240     4280.00
        1689   0.0016220     4200.00
        1690   0.0016200     4120.00
        1691   0.0016180     3960.00
        1692   0.0016160     3880.00
        1693   0.0016140     3720.00
        1694   0.0016120     3560.00
        1695   0.0016100     3400.00
        1696   0.0016080     3240.00
        1697   0.0016060     3080.00
        1698   0.0016040     2920.00
        1699   0.0016020     2680.00
        1700   0.0016000     2520.00
        1701   0.0015980     2320.00
        1702   0.0015960     2160.00
        1703   0.0015940     1960.00
        1704   0.0015920     1760.00
        1705   0.0015900     1560.00
        1706   0.0015880     1360.00
        1707   0.0015860     1160.00
        1708   0.0015840      880.00
        1709   0.0015820      720.00
        1710   0.0015800      520.00
        1711   0.0015780      240.00
        1712   0.0015760       80.00
        1713   0.0015740     -160.00
        1714   0.0015720     -400.00
        1715   0.0015700     -560.00
        1716   0.0015680     -800.00
        1717   0.0015660    -1000.00
        1718   0.0015640    -1240.00
        1719   0.0015620    -1440.00
        1720   0.0015600    -1640.00
        1721   0.0015580    -1840.00
        1722   0.0015560    -2040.00
        1723   0.0015540    -2200.00
        1724   0.0015520    -2440.00
        1725   0.0015500    -2600.00
        1726   0.0015480    -2800.00
        1727   0.0015460    -3000.00
        1728   0.0015440    -3160.00
        1729   0.0015420    -3320.00
        1730   0.0015400    -3440.00
        1731   0.0015380    -3640.00
        1732   0.0015360    -3760.00
        1733   0.0015340    -3920.00
        1734   0.0015320    -4040.00
        1735   0.0015300    -4200.00
        1736   0.0015280    -4280.00
        1737   0.0015260    -4400.00
        1738   0.0015240    -4440.00
        1739   0.0015220    -4560.00
        1740   0.0015200    -4680.00
        1741   0.0015180    -4760.00
        1742   0.0015160    -4760.00
        1743   0.0015140    -4840.00
        1744   0.0015120    -4880.00
        1745   0.0015100    -4920.00
        1746   0.0015080    -5000.00
        1747   0.0015060    -5000.00
        1748   0.0015040    -5000.00
        1749   0.0015020    -4960.00
        1750   0.0015000    -4960.00
        1751   0.0014980    -4920.00
        1752   0.0014960    -4920.00
        1753   0.0014940    -4880.00
        1754   0.0014920    -4840.00
        1755   0.0014900    -4760.00
        1756   0.0014880    -4680.00
        1757   0.0014860    -4600.00
        1758   0.0014840    -4560.00
        1759   0.0014820    -4400.00
        1760   0.0014800    -4360.00
        1761   0.0014780    -4200.00
        1762   0.0014760    -4080.00
        1763   0.0014740    -3960.00
        1764   0.0014720    -3840.00
        1765   0.0014700    -3680.00
        1766   0.0014680    -3520.00
        1767   0.0014660    -3400.00
        1768   0.0014640    -3240.00
        1769   0.0014620    -3000.00
        1770   0.0014600    -2920.00
        1771   0.0014580    -2680.00
        1772   0.0014560    -2480.00
        1773   0.0014540    -2320.00
        1774   0.0014520    -2120.00
        1775   0.0014500    -1880.00
        1776   0.0014480    -1720.00
        1777   0.0014460    -1480.00
        1778   0.0014440    -1320.00
        1779   0.0014420    -1080.00
        1780   0.0014400     -880.00
        1781   0.0014380     -680.00
        1782   0.0014360     -440.00
        1783   0.0014340     -200.00
        1784   0.0014320      -40.00
        1785   0.0014300      240.00
        1786   0.0014280      400.00
        1787   0.0014260      680.00
        1788   0.0014240      840.00
        1789   0.0014220     1080.00
        1790   0.0014200     1320.00
        1791   0.0014180     1520.00
        1792   0.0014160     1720.00
        1793   0.0014140     1880.00
        1794   0.0014120     2120.00
        1795   0.0014100     2320.00
        1796   0.0014080     2480.00
        1797   0.0014060     2680.00
        1798   0.0014040     2880.00
        1799   0.0014020     3080.00
        1800   0.0014000     3200.00
        1801   0.0013980     3360.00
        1802   0.0013960     3480.00
        1803   0.0013940     3680.00
        1804   0.0013920     3800.00
        1805   0.0013900     3960.00
        1806   0.0013880     4040.00
        1807   0.0013860     4200.00
        1808   0.0013840     4320.00
        1809   0.0013820     4360.00
        1810   0.0013800     4520.00
        1811   0.0013780     4560.00
        1812   0.0013760     4680.00
        1813   0.0013740     4680.00
        1814   0.0013720     4760.00
        1815   0.0013700     4840.00
        1816   0.0013680     4840.00
        1817   0.0013660     4880.00
        1818   0.0013640     4880.00
        1819   0.0013620     4880.00
        1820   0.0013600     4880.00
        1821   0.0013580     4880.00
        1822   0.0013560     4880.00
        1823   0.0013540     4840.00
        1824   0.0013520     4840.00
        1825   0.0013500     4760.00
        1826   0.0013480     4720.00
        1827   0.0013460     4600.00
        1828   0.0013440     4560.00
        1829   0.0013420     4520.00
        1830   0.0013400     4400.00
        1831   0.0013380     4280.00
        1832   0.0013360     4200.00
        1833   0.0013340     4080.00
        1834   0.0013320     3960.00
        1835   0.0013300     3840.00
        1836   0.0013280     3640.00
        1837   0.0013260     3560.00
        1838   0.0013240     3400.00
        1839   0.0013220     3160.00
        1840   0.0013200     3080.00
        1841   0.0013180     2920.00
        1842   0.0013160     2680.00
        1843   0.0013140     2520.00
        1844   0.0013120     2360.00
        1845   0.0013100     2120.00
        1846   0.0013080     1960.00
        1847   0.0013060     1720.00
        1848   0.0013040     1560.00
        1849   0.0013020     1360.00
        1850   0.0013000     1160.00
        1851   0.0012980      880.00
        1852   0.0012960      680.00
        1853   0.0012940      480.00
        1854   0.0012920      280.00
        1855   0.0012900       40.00
        1856   0.0012880     -160.00
        1857   0.0012860     -400.00
        1858   0.0012840     -600.00
        1859   0.0012820     -840.00
        1860   0.0012800    -1040.00
        1861   0.0012780    -1240.00
        1862   0.0012760    -1480.00
        1863   0.0012740    -1680.00
        1864   0.0012720    -1880.00
        1865   0.0012700    -2080.00
        1866   0.0012680    -2280.00
        1867   0.0012660    -2440.00
        1868   0.0012640    -2640.00
        1869   0.0012620    -2800.00
        1870   0.0012600    -3000.00
        1871   0.0012580    -3160.00
        1872   0.0012560    -3320.00
        1873   0.0012540    -3480.00
        1874   0.0012520    -3640.00
        1875   0.0012500    -3800.00
        1876   0.0012480    -3920.00
        1877   0.0012460    -4080.00
        1878   0.0012440    -4200.00
        1879   0.0012420    -4280.00
        1880   0.0012400    -4400.00
        1881   0.0012380    -4520.00
        1882   0.0012360    -4600.00
        1883   0.0012340    -4680.00
        1884   0.0012320    -4720.00
        1885   0.0012300    -4760.00
        1886   0.0012280    -4880.00
        1887   0.0012260    -4920.00
        1888   0.0012240    -4920.00
        1889   0.0012220    -4960.00
        1890   0.0012200    -4960.00
        1891   0.0012180    -4920.00
        1892   0.0012160    -5000.00
        1893   0.0012140    -4960.00
        1894   0.0012120    -4920.00
        1895   0.0012100    -4880.00
        1896   0.0012080    -4880.00
        1897   0.0012060    -4800.00
        1898   0.0012040    -4760.00
        1899   0.0012020    -4680.00
        1900   0.0012000    -4600.00
        1901   0.0011980    -4520.00
        1902   0.0011960    -4400.00
        1903   0.0011940    -4280.00
        1904   0.0011920    -4200.00
        1905   0.0011900    -4080.00
        1906   0.0011880    -3960.00
        1907   0.0011860    -3800.00
        1908   0.0011840    -3640.00
        1909   0.0011820    -3480.00
        1910   0.0011800    -3360.00
        1911   0.0011780    -3160.00
        1912   0.0011760    -3000.00
        1913   0.0011740    -2840.00
        1914   0.0011720    -2640.00
        1915   0.0011700    -2480.00
        1916   0.0011680    -2240.00
        1917   0.0011660    -2080.00
        1918   0.0011640    -1880.00
        1919   0.0011620    -1680.00
        1920   0.0011600    -1480.00
        1921   0.0011580    -1240.00
        1922   0.0011560    -1040.00
        1923   0.0011540     -840.00
        1924   0.0011520     -600.00
        1925   0.0011500     -400.00
        1926   0.0011480     -200.00
        1927   0.0011460       40.00
        1928   0.0011440      240.00
        1929   0.0011420      520.00
        1930   0.0011400      680.00
        1931   0.0011380      920.00
        1932   0.0011360     1160.00
        1933   0.0011340     1360.00
        1934   0.0011320     1560.00
        1935   0.0011300     1760.00
        1936   0.0011280     1960.00
        1937   0.0011260     2160.00
        1938   0.0011240     2320.00
        1939   0.0011220     2520.00
        1940   0.0011200     2760.00
        1941   0.0011180     2840.00
        1942   0.0011160     3080.00
        1943   0.0011140     3240.00
        1944   0.0011120     3400.00
        1945   0.0011100     3560.00
        1946   0.0011080     3720.00
        1947   0.0011060     3800.00
        1948   0.0011040     3960.00
        1949   0.0011020     4080.00
        1950   0.0011000     4200.00
        1951   0.0010980     4320.00
        1952   0.0010960     4400.00
        1953   0.0010940     4520.00
        1954   0.0010920     4560.00
        1955   0.0010900     4640.00
        1956   0.0010880     4680.00
        1957   0.0010860     4760.00
        1958   0.0010840     4840.00
        1959   0.0010820     4880.00
        1960   0.0010800     4840.00
        1961   0.0010780     4880.00
        1962   0.0010760     4880.00
        1963   0.0010740     4920.00
        1964   0.0010720     4880.00
        1965   0.0010700     4880.00
        1966   0.0010680     4840.00
        1967   0.0010660     4840.00
        1968   0.0010640     4760.00
        1969   0.0010620     4720.00
        1970   0.0010600     4680.00
        1971   0.0010580     4560.00
        1972   0.0010560     4440.00
        1973   0.0010540     4400.00
        1974   0.0010520     4360.00
        1975   0.0010500     4200.00
        1976   0.0010480     4080.00
        1977   0.0010460     3920.00
        1978   0.0010440     3800.00
        1979   0.0010420     3640.00
        1980   0.0010400     3480.00
        1981   0.0010380     3400.00
        1982   0.0010360     3240.00
        1983   0.0010340     3000.00
        1984   0.0010320     2880.00
        1985   0.0010300     2680.00
        1986   0.0010280     2480.00
        1987   0.0010260     2320.00
        1988   0.0010240     2120.00
        1989   0.0010220     1880.00
        1990   0.0010200     1720.00
        1991   0.0010180     1520.00
        1992   0.0010160     1320.00
        1993   0.0010140     1080.00
        1994   0.0010120      880.00
        1995   0.0010100      680.00
        1996   0.0010080      440.00
        1997   0.0010060      240.00
        1998   0.0010040       40.00
        1999   0.0010020     -200.00
        2000   0.0010000     -440.00
        2001   0.0009980     -640.00
        2002   0.0009960     -880.00
        2003   0.0009940    -1040.00
        2004   0.0009920    -1240.00
        2005   0.0009900    -1480.00
        2006   0.0009880    -1680.00
        2007   0.0009860    -1880.00
        2008   0.0009840    -2080.00
        2009   0.0009820    -2320.00
        2010   0.0009800    -2480.00
        2011   0.0009780    -2680.00
        2012   0.0009760    -2880.00
        2013   0.0009740    -3080.00
        2014   0.0009720    -3200.00
        2015   0.0009700    -3400.00
        2016   0.0009680    -3520.00
        2017   0.0009660    -3640.00
        2018   0.0009640    -3800.00
        2019   0.0009620    -3960.00
        2020   0.0009600    -4080.00
        2021   0.0009580    -4200.00
        2022   0.0009560    -4360.00
        2023   0.0009540    -4400.00
        2024   0.0009520    -4520.00
        2025   0.0009500    -4600.00
        2026   0.0009480    -4720.00
        2027   0.0009460    -4760.00
        2028   0.0009440    -4800.00
        2029   0.0009420    -4840.00
        2030   0.0009400    -4920.00
        2031   0.0009380    -4960.00
        2032   0.0009360    -4920.00
        2033   0.0009340    -4920.00
        2034   0.0009320    -5000.00
        2035   0.0009300    -4960.00
        2036   0.0009280    -4920.00
        2037   0.0009260    -4920.00
        2038   0.0009240    -4880.00
        2039   0.0009220    -4840.00
        2040   0.0009200    -4760.00
        2041   0.0009180    -4720.00
        2042   0.0009160    -4680.00
        2043   0.0009140    -4560.00
        2044   0.0009120    -4520.00
        2045   0.0009100    -4400.00
        2046   0.0009080    -4280.00
        2047   0.0009060    -4160.00
        2048   0.0009040    -4040.00
        2049   0.0009020    -3880.00
        2050   0.0009000    -3760.00
        2051   0.0008980    -3600.00
        2052   0.0008960    -3480.00
        2053   0.0008940    -3320.00
        2054   0.0008920    -3160.00
        2055   0.0008900    -3000.00
        2056   0.0008880    -2800.00
        2057   0.0008860    -2600.00
        2058   0.0008840    -2440.00
        2059   0.0008820    -2200.00
        2060   0.0008800    -2040.00
        2061   0.0008780    -1840.00
        2062   0.0008760    -1680.00
        2063   0.0008740    -1400.00
        2064   0.0008720    -1240.00
        2065   0.0008700    -1000.00
        2066   0.0008680     -760.00
        2067   0.0008660     -560.00
        2068   0.0008640     -400.00
        2069   0.0008620     -120.00
        2070   0.0008600       80.00
        2071   0.0008580      280.00
        2072   0.0008560      520.00
        2073   0.0008540      720.00
        2074   0.0008520      920.00
        2075   0.0008500     1160.00
        2076   0.0008480     1360.00
        2077   0.0008460     1560.00
        2078   0.0008440     1720.00
        2079   0.0008420     1960.00
        2080   0.0008400     2160.00
        2081   0.0008380     2360.00
        2082   0.0008360     2520.00
        2083   0.0008340     2760.00
        2084   0.0008320     2920.00
        2085   0.0008300     3080.00
        2086   0.0008280     3240.00
        2087   0.0008260     3440.00
        2088   0.0008240     3560.00
        2089   0.0008220     3720.00
        2090   0.0008200     3840.00
        2091   0.0008180     3920.00
        2092   0.0008160     4120.00
        2093   0.0008140     4200.00
        2094   0.0008120     4280.00
        2095   0.0008100     4400.00
        2096   0.0008080     4520.00
        2097   0.0008060     4560.00
        2098   0.0008040     4680.00
        2099   0.0008020     4720.00
        2100   0.0008000     4760.00
        2101   0.0007980     4840.00
        2102   0.0007960     4880.00
        2103   0.0007940     4920.00
        2104   0.0007920     4880.00
        2105   0.0007900     4920.00
        2106   0.0007880     4920.00
        2107   0.0007860     4880.00
        2108   0.0007840     4880.00
        2109   0.0007820     4840.00
        2110   0.0007800     4840.00
        2111   0.0007780     4760.00
        2112   0.0007760     4720.00
        2113   0.0007740     4640.00
        2114   0.0007720     4600.00
        2115   0.0007700     4440.00
        2116   0.0007680     4360.00
        2117   0.0007660     4280.00
        2118   0.0007640     4200.00
        2119   0.0007620     4080.00
        2120   0.0007600     3920.00
        2121   0.0007580     3800.00
        2122   0.0007560     3680.00
        2123   0.0007540     3560.00
        2124   0.0007520     3320.00
        2125   0.0007500     3160.00
        2126   0.0007480     3000.00
        2127   0.0007460     2840.00
        2128   0.0007440     2640.00
        2129   0.0007420     2480.00
        2130   0.0007400     2280.00
        2131   0.0007380     2120.00
        2132   0.0007360     1920.00
        2133   0.0007340     1680.00
        2134   0.0007320     1480.00
        2135   0.0007300     1320.00
        2136   0.0007280     1080.00
        2137   0.0007260      840.00
        2138   0.0007240      600.00
        2139   0.0007220      400.00
        2140   0.0007200      200.00
        2141   0.0007180        0.00
        2142   0.0007160     -240.00
        2143   0.0007140     -440.00
        2144   0.0007120     -680.00
        2145   0.0007100     -880.00
        2146   0.0007080    -1080.00
        2147   0.0007060    -1360.00
        2148   0.0007040    -1520.00
        2149   0.0007020    -1720.00
        2150   0.0007000    -1920.00
        2151   0.0006980    -2160.00
        2152   0.0006960    -2320.00
        2153   0.0006940    -2520.00
        2154   0.0006920    -2680.00
        2155   0.0006900    -2920.00
        2156   0.0006880    -3080.00
        2157   0.0006860    -3200.00
        2158   0.0006840    -3400.00
        2159   0.0006820    -3560.00
        2160   0.0006800    -3680.00
        2161   0.0006780    -3800.00
        2162   0.0006760    -3960.00
        2163   0.0006740    -4120.00
        2164   0.0006720    -4240.00
        2165   0.0006700    -4360.00
        2166   0.0006680    -4400.00
        2167   0.0006660    -4560.00
        2168   0.0006640    -4600.00
        2169   0.0006620    -4680.00
        2170   0.0006600    -4720.00
        2171   0.0006580    -4840.00
        2172   0.0006560    -4880.00
        2173   0.0006540    -4880.00
        2174   0.0006520    -4920.00
        2175   0.0006500    -4920.00
        2176   0.0006480    -4920.00
        2177   0.0006460    -4960.00
        2178   0.0006440    -4920.00
        2179   0.0006420    -4920.00
        2180   0.0006400    -4920.00
        2181   0.0006380    -4840.00
        2182   0.0006360    -4840.00
        2183   0.0006340    -4760.00
        2184   0.0006320    -4720.00
        2185   0.0006300    -4680.00
        2186   0.0006280    -4520.00
        2187   0.0006260    -4440.00
        2188   0.0006240    -4360.00
        2189   0.0006220    -4240.00
        2190   0.0006200    -4120.00
        2191   0.0006180    -4040.00
        2192   0.0006160    -3880.00
        2193   0.0006140    -3760.00
        2194   0.0006120    -3600.00
        2195   0.0006100    -3440.00
        2196   0.0006080    -3320.00
        2197   0.0006060    -3120.00
        2198   0.0006040    -2960.00
        2199   0.0006020    -2760.00
        2200   0.0006000    -2600.00
        2201   0.0005980    -2440.00
        2202   0.0005960    -2200.00
        2203   0.0005940    -2000.00
        2204   0.0005920    -1840.00
        2205   0.0005900    -1640.00
        2206   0.0005880    -1400.00
        2207   0.0005860    -1200.00
        2208   0.0005840    -1000.00
        2209   0.0005820     -760.00
        2210   0.0005800     -560.00
        2211   0.0005780     -360.00
        2212   0.0005760     -120.00
        2213   0.0005740      120.00
        2214   0.0005720      320.00
        2215   0.0005700      520.00
        2216   0.0005680      720.00
        2217   0.0005660     1000.00
        2218   0.0005640     1160.00
        2219   0.0005620     1360.00
        2220   0.0005600     1640.00
        2221   0.0005580     1800.00
        2222   0.0005560     2000.00
        2223   0.0005540     2160.00
        2224   0.0005520     2440.00
        2225   0.0005500     2560.00
        2226   0.0005480     2760.00
        2227   0.0005460     2920.00
        2228   0.0005440     3080.00
        2229   0.0005420     3280.00
        2230   0.0005400     3400.00
        2231   0.0005380     3560.00
        2232   0.0005360     3760.00
        2233   0.0005340     3880.00
        2234   0.0005320     4040.00
        2235   0.0005300     4120.00
        2236   0.0005280     4240.00
        2237   0.0005260     4360.00
        2238   0.0005240     4440.00
        2239   0.0005220     4560.00
        2240   0.0005200     4600.00
        2241   0.0005180     4680.00
        2242   0.0005160     4720.00
        2243   0.0005140     4760.00
        2244   0.0005120     4840.00
        2245   0.0005100     4880.00
        2246   0.0005080     4880.00
        2247   0.0005060     4920.00
        2248   0.0005040     4920.00
        2249   0.0005020     4920.00
        2250   0.0005000     4920.00
        2251   0.0004980     4880.00
        2252   0.0004960     4840.00
        2253   0.0004940     4840.00
        2254   0.0004920     4760.00
        2255   0.0004900     4720.00
        2256   0.0004880     4600.00
        2257   0.0004860     4560.00
        2258   0.0004840     4480.00
        2259   0.0004820     4400.00
        2260   0.0004800     4280.00
        2261   0.0004780     4160.00
        2262   0.0004760     4040.00
        2263   0.0004740     3920.00
        2264   0.0004720     3760.00
        2265   0.0004700     3640.00
        2266   0.0004680     3480.00
        2267   0.0004660     3320.00
        2268   0.0004640     3160.00
        2269   0.0004620     3000.00
        2270   0.0004600     2800.00
        2271   0.0004580     2640.00
        2272   0.0004560     2440.00
        2273   0.0004540     2240.00
        2274   0.0004520     2080.00
        2275   0.0004500     1840.00
        2276   0.0004480     1680.00
        2277   0.0004460     1480.00
        2278   0.0004440     1240.00
        2279   0.0004420     1000.00
        2280   0.0004400      800.00
        2281   0.0004380      600.00
        2282   0.0004360      400.00
        2283   0.0004340      200.00
        2284   0.0004320      -80.00
        2285   0.0004300     -280.00
        2286   0.0004280     -520.00
        2287   0.0004260     -720.00
        2288   0.0004240     -920.00
        2289   0.0004220    -1160.00
        2290   0.0004200    -1360.00
        2291   0.0004180    -1560.00
        2292   0.0004160    -1720.00
        2293   0.0004140    -2000.00
        2294   0.0004120    -2160.00
        2295   0.0004100    -2320.00
        2296   0.0004080    -2520.00
        2297   0.0004060    -2680.00
        2298   0.0004040    -2920.00
        2299   0.0004020    -3080.00
        2300   0.0004000    -3240.00
        2301   0.0003980    -3400.00
        2302   0.0003960    -3600.00
        2303   0.0003940    -3760.00
        2304   0.0003920    -3840.00
        2305   0.0003900    -4000.00
        2306   0.0003880    -4120.00
        2307   0.0003860    -4240.00
        2308   0.0003840    -4280.00
        2309   0.0003820    -4440.00
        2310   0.0003800    -4520.00
        2311   0.0003780    -4600.00
        2312   0.0003760    -4680.00
        2313   0.0003740    -4760.00
        2314   0.0003720    -4800.00
        2315   0.0003700    -4840.00
        2316   0.0003680    -4920.00
        2317   0.0003660    -4920.00
        2318   0.0003640    -5000.00
        2319   0.0003620    -4920.00
        2320   0.0003600    -4920.00
        2321   0.0003580    -5000.00
        2322   0.0003560    -4920.00
        2323   0.0003540    -4880.00
        2324   0.0003520    -4880.00
        2325   0.0003500    -4840.00
        2326   0.0003480    -4760.00
        2327   0.0003460    -4720.00
        2328   0.0003440    -4640.00
        2329   0.0003420    -4560.00
        2330   0.0003400    -4440.00
        2331   0.0003380    -4400.00
        2332   0.0003360    -4240.00
        2333   0.0003340    -4120.00
        2334   0.0003320    -4040.00
        2335   0.0003300    -3880.00
        2336   0.0003280    -3760.00
        2337   0.0003260    -3600.00
        2338   0.0003240    -3440.00
        2339   0.0003220    -3320.00
        2340   0.0003200    -3160.00
        2341   0.0003180    -2920.00
        2342   0.0003160    -2760.00
        2343   0.0003140    -2600.00
        2344   0.0003120    -2440.00
        2345   0.0003100    -2160.00
        2346   0.0003080    -2000.00
        2347   0.0003060    -1840.00
        2348   0.0003040    -1600.00
        2349   0.0003020    -1400.00
        2350   0.0003000    -1200.00
        2351   0.0002980     -920.00
        2352   0.0002960     -760.00
        2353   0.0002940     -560.00
        2354   0.0002920     -360.00
        2355   0.0002900     -120.00
        2356   0.0002880      120.00
        2357   0.0002860      360.00
        2358   0.0002840      520.00
        2359   0.0002820      720.00
        2360   0.0002800     1000.00
        2361   0.0002780     1200.00
        2362   0.0002760     1400.00
        2363   0.0002740     1640.00
        2364   0.0002720     1840.00
        2365   0.0002700     2000.00
        2366   0.0002680     2280.00
        2367   0.0002660     2440.00
        2368   0.0002640     2600.00
        2369   0.0002620     2760.00
        2370   0.0002600     2960.00
        2371   0.0002580     3120.00
        2372   0.0002560     3280.00
        2373   0.0002540     3440.00
        2374   0.0002520     3640.00
        2375   0.0002500     3720.00
        2376   0.0002480     3880.00
        2377   0.0002460     4040.00
        2378   0.0002440     4160.00
        2379   0.0002420     4240.00
        2380   0.0002400     4360.00
        2381   0.0002380     4520.00
        2382   0.0002360     4560.00
        2383   0.0002340     4600.00
        2384   0.0002320     4680.00
        2385   0.0002300     4760.00
        2386   0.0002280     4800.00
        2387   0.0002260     4840.00
        2388   0.0002240     4880.00
        2389   0.0002220     4880.00
        2390   0.0002200     4920.00
        2391   0.0002180     4920.00
        2392   0.0002160     4920.00
        2393   0.0002140     4920.00
        2394   0.0002120     4880.00
        2395   0.0002100     4840.00
        2396   0.0002080     4840.00
        2397   0.0002060     4760.00
        2398   0.0002040     4680.00
        2399   0.0002020     4600.00
        2400   0.0002000     4560.00
        2401   0.0001980     4440.00
        2402   0.0001960     4360.00
        2403   0.0001940     4240.00
        2404   0.0001920     4120.00
        2405   0.0001900     4040.00
        2406   0.0001880     3880.00
        2407   0.0001860     3760.00
        2408   0.0001840     3600.00
        2409   0.0001820     3400.00
        2410   0.0001800     3280.00
        2411   0.0001780     3120.00
        2412   0.0001760     2960.00
        2413   0.0001740     2800.00
        2414   0.0001720     2640.00
        2415   0.0001700     2400.00
        2416   0.0001680     2200.00
        2417   0.0001660     2000.00
        2418   0.0001640     1800.00
        2419   0.0001620     1640.00
        2420   0.0001600     1400.00
        2421   0.0001580     1200.00
        2422   0.0001560     1000.00
        2423   0.0001540      760.00
        2424   0.0001520      560.00
        2425   0.0001500      360.00
        2426   0.0001480      120.00
        2427   0.0001460      -80.00
        2428   0.0001440     -280.00
        2429   0.0001420     -520.00
        2430   0.0001400     -720.00
        2431   0.0001380     -920.00
        2432   0.0001360    -1160.00
        2433   0.0001340    -1360.00
        2434   0.0001320    -1560.00
        2435   0.0001300    -1800.00
        2436   0.0001280    -2000.00
        2437   0.0001260    -2200.00
        2438   0.0001240    -2360.00
        2439   0.0001220    -2560.00
        2440   0.0001200    -2760.00
        2441   0.0001180    -2920.00
        2442   0.0001160    -3080.00
        2443   0.0001140    -3280.00
        2444   0.0001120    -3400.00
        2445   0.0001100    -3600.00
        2446   0.0001080    -3680.00
        2447   0.0001060    -3880.00
        2448   0.0001040    -3960.00
        2449   0.0001020    -4120.00
        2450   0.0001000    -4240.00
        2451   0.0000980    -4360.00
        2452   0.0000960    -4440.00
        2453   0.0000940    -4560.00
        2454   0.0000920    -4600.00
        2455   0.0000900    -4720.00
        2456   0.0000880    -4720.00
        2457   0.0000860    -4840.00
        2458   0.0000840    -4880.00
        2459   0.0000820    -4880.00
        2460   0.0000800    -4920.00
        2461   0.0000780    -4920.00
        2462   0.0000760    -4960.00
        2463   0.0000740    -4920.00
        2464   0.0000720    -4920.00
        2465   0.0000700    -4920.00
        2466   0.0000680    -4880.00
        2467   0.0000660    -4880.00
        2468   0.0000640    -4840.00
        2469   0.0000620    -4760.00
        2470   0.0000600    -4720.00
        2471   0.0000580    -4600.00
        2472   0.0000560    -4560.00
        2473   0.0000540    -4480.00
        2474   0.0000520    -4360.00
        2475   0.0000500    -4240.00
        2476   0.0000480    -4120.00
        2477   0.0000460    -3960.00
        2478   0.0000440    -3880.00
        2479   0.0000420    -3760.00
        2480   0.0000400    -3560.00
        2481   0.0000380    -3440.00
        2482   0.0000360    -3280.00
        2483   0.0000340    -3120.00
        2484   0.0000320    -2920.00
        2485   0.0000300    -2760.00
        2486   0.0000280    -2600.00
        2487   0.0000260    -2360.00
        2488   0.0000240    -2160.00
        2489   0.0000220    -2000.00
        2490   0.0000200    -1800.00
        2491   0.0000180    -1600.00
        2492   0.0000160    -1360.00
        2493   0.0000140    -1160.00
        2494   0.0000120     -920.00
        2495   0.0000100     -720.00
        2496   0.0000080     -520.00
        2497   0.0000060     -280.00
        2498   0.0000040      -80.00
        2499   0.0000020      120.00
        2500   0.0000000      400.00
        2501  -0.0000020      600.00
        2502  -0.0000040      760.00
        2503  -0.0000060     1040.00
        2504  -0.0000080     1240.00
        2505  -0.0000100     1480.00
        2506  -0.0000120     1680.00
        2507  -0.0000140     1880.00
        2508  -0.0000160     2040.00
        2509  -0.0000180     2280.00
        2510  -0.0000200     2440.00
        2511  -0.0000220     2640.00
        2512  -0.0000240     2800.00
        2513  -0.0000260     2960.00
        2514  -0.0000280     3160.00
        2515  -0.0000300     3280.00
        2516  -0.0000320     3480.00
        2517  -0.0000340     3600.00
        2518  -0.0000360     3720.00
        2519  -0.0000380     3880.00
        2520  -0.0000400     4040.00
        2521  -0.0000420     4120.00
        2522  -0.0000440     4240.00
        2523  -0.0000460     4400.00
        2524  -0.0000480     4480.00
        2525  -0.0000500     4560.00
        2526  -0.0000520     4600.00
        2527  -0.0000540     4680.00
        2528  -0.0000560     4720.00
        2529  -0.0000580     4800.00
        2530  -0.0000600     4840.00
        2531  -0.0000620     4880.00
        2532  -0.0000640     4880.00
        2533  -0.0000660     4880.00
        2534  -0.0000680     4880.00
        2535  -0.0000700     4920.00
        2536  -0.0000720     4880.00
        2537  -0.0000740     4880.00
        2538  -0.0000760     4840.00
        2539  -0.0000780     4760.00
        2540  -0.0000800     4720.00
        2541  -0.0000820     4680.00
        2542  -0.0000840     4560.00
        2543  -0.0000860     4520.00
        2544  -0.0000880     4400.00
        2545  -0.0000900     4360.00
        2546  -0.0000920     4240.00
        2547  -0.0000940     4080.00
        2548  -0.0000960     4040.00
        2549  -0.0000980     3880.00
        2550  -0.0001000     3720.00
        2551  -0.0001020     3560.00
        2552  -0.0001040     3400.00
        2553  -0.0001060     3280.00
        2554  -0.0001080     3120.00
        2555  -0.0001100     2920.00
        2556  -0.0001120     2760.00
        2557  -0.0001140     2600.00
        2558  -0.0001160     2360.00
        2559  -0.0001180     2200.00
        2560  -0.0001200     2000.00
        2561  -0.0001220     1800.00
        2562  -0.0001240     1600.00
        2563  -0.0001260     1400.00
        2564  -0.0001280     1160.00
        2565  -0.0001300     1000.00
        2566  -0.0001320      760.00
        2567  -0.0001340      520.00
        2568  -0.0001360      320.00
        2569  -0.0001380      120.00
        2570  -0.0001400     -120.00
        2571  -0.0001420     -320.00
        2572  -0.0001440     -560.00
        2573  -0.0001460     -760.00
        2574  -0.0001480    -1000.00
        2575  -0.0001500    -1200.00
        2576  -0.0001520    -1400.00
        2577  -0.0001540    -1640.00
        2578  -0.0001560    -1800.00
        2579  -0.0001580    -2040.00
        2580  -0.0001600    -2200.00
        2581  -0.0001620    -2440.00
        2582  -0.0001640    -2600.00
        2583  -0.0001660    -2800.00
        2584  -0.0001680    -2960.00
        2585  -0.0001700    -3120.00
        2586  -0.0001720    -3280.00
        2587  -0.0001740    -3440.00
        2588  -0.0001760    -3600.00
        2589  -0.0001780    -3760.00
        2590  -0.0001800    -3880.00
        2591  -0.0001820    -4000.00
        2592  -0.0001840    -4120.00
        2593  -0.0001860    -4280.00
        2594  -0.0001880    -4400.00
        2595  -0.0001900    -4440.00
        2596  -0.0001920    -4600.00
        2597  -0.0001940    -4640.00
        2598  -0.0001960    -4720.00
        2599  -0.0001980    -4760.00
        2600  -0.0002000    -4840.00
        2601  -0.0002020    -4880.00
        2602  -0.0002040    -4920.00
        2603  -0.0002060    -4920.00
        2604  -0.0002080    -5000.00
        2605  -0.0002100    -4920.00
        2606  -0.0002120    -5000.00
        2607  -0.0002140    -4920.00
        2608  -0.0002160    -5000.00
        2609  -0.0002180    -4920.00
        2610  -0.0002200    -4880.00
        2611  -0.0002220    -4840.00
        2612  -0.0002240    -4720.00
        2613  -0.0002260    -4720.00
        2614  -0.0002280    -4600.00
        2615  -0.0002300    -4560.00
        2616  -0.0002320    -4440.00
        2617  -0.0002340    -4360.00
        2618  -0.0002360    -4240.00
        2619  -0.0002380    -4120.00
        2620  -0.0002400    -3960.00
        2621  -0.0002420    -3840.00
        2622  -0.0002440    -3720.00
        2623  -0.0002460    -3560.00
        2624  -0.0002480    -3400.00
        2625  -0.0002500    -3240.00
        2626  -0.0002520    -3040.00
        2627  -0.0002540    -2920.00
        2628  -0.0002560    -2760.00
        2629  -0.0002580    -2520.00
        2630  -0.0002600    -2360.00
        2631  -0.0002620    -2160.00
        2632  -0.0002640    -1920.00
        2633  -0.0002660    -1720.00
        2634  -0.0002680    -1520.00
        2635  -0.0002700    -1320.00
        2636  -0.0002720    -1160.00
        2637  -0.0002740     -880.00
        2638  -0.0002760     -680.00
        2639  -0.0002780     -440.00
        2640  -0.0002800     -240.00
        2641  -0.0002820      -40.00
        2642  -0.0002840      200.00
        2643  -0.0002860      400.00
        2644  -0.0002880      600.00
        2645  -0.0002900      880.00
        2646  -0.0002920     1040.00
        2647  -0.0002940     1240.00
        2648  -0.0002960     1480.00
        2649  -0.0002980     1680.00
        2650  -0.0003000     1880.00
        2651  -0.0003020     2080.00
        2652  -0.0003040     2280.00
        2653  -0.0003060     2440.00
        2654  -0.0003080     2680.00
        2655  -0.0003100     2800.00
        2656  -0.0003120     3000.00
        2657  -0.0003140     3200.00
        2658  -0.0003160     3320.00
        2659  -0.0003180     3480.00
        2660  -0.0003200     3640.00
        2661  -0.0003220     3760.00
        2662  -0.0003240     3920.00
        2663  -0.0003260     4040.00
        2664  -0.0003280     4200.00
        2665  -0.0003300     4240.00
        2666  -0.0003320     4360.00
        2667  -0.0003340     4440.00
        2668  -0.0003360     4520.00
        2669  -0.0003380     4640.00
        2670  -0.0003400     4680.00
        2671  -0.0003420     4720.00
        2672  -0.0003440     4840.00
        2673  -0.0003460     4840.00
        2674  -0.0003480     4880.00
        2675  -0.0003500     4880.00
        2676  -0.0003520     4920.00
        2677  -0.0003540     4920.00
        2678  -0.0003560     4880.00
        2679  -0.0003580     4880.00
        2680  -0.0003600     4880.00
        2681  -0.0003620     4840.00
        2682  -0.0003640     4760.00
        2683  -0.0003660     4720.00
        2684  -0.0003680     4680.00
        2685  -0.0003700     4560.00
        2686  -0.0003720     4520.00
        2687  -0.0003740     4400.00
        2688  -0.0003760     4320.00
        2689  -0.0003780     4240.00
        2690  -0.0003800     4120.00
        2691  -0.0003820     3960.00
        2692  -0.0003840     3880.00
        2693  -0.0003860     3720.00
        2694  -0.0003880     3560.00
        2695  -0.0003900     3400.00
        2696  -0.0003920     3280.00
        2697  -0.0003940     3080.00
        2698  -0.0003960     2920.00
        2699  -0.0003980     2760.00
        2700  -0.0004000     2560.00
        2701  -0.0004020     2400.00
        2702  -0.0004040     2160.00
        2703  -0.0004060     2000.00
        2704  -0.0004080     1800.00
        2705  -0.0004100     1560.00
        2706  -0.0004120     1360.00
        2707  -0.0004140     1160.00
        2708  -0.0004160      960.00
        2709  -0.0004180      720.00
        2710  -0.0004200      520.00
        2711  -0.0004220      280.00
        2712  -0.0004240       80.00
        2713  -0.0004260     -120.00
        2714  -0.0004280     -360.00
        2715  -0.0004300     -560.00
        2716  -0.0004320     -760.00
        2717  -0.0004340    -1040.00
        2718  -0.0004360    -1240.00
        2719  -0.0004380    -1400.00
        2720  -0.0004400    -1640.00
        2721  -0.0004420    -1840.00
        2722  -0.0004440    -2040.00
        2723  -0.0004460    -2240.00
        2724  -0.0004480    -2440.00
        2725  -0.0004500    -2640.00
        2726  -0.0004520    -2800.00
        2727  -0.0004540    -2960.00
        2728  -0.0004560    -3160.00
        2729  -0.0004580    -3320.00
        2730  -0.0004600    -3440.00
        2731  -0.0004620    -3640.00
        2732  -0.0004640    -3800.00
        2733  -0.0004660    -3880.00
        2734  -0.0004680    -4040.00
        2735  -0.0004700    -4200.00
        2736  -0.0004720    -4280.00
        2737  -0.0004740    -4400.00
        2738  -0.0004760    -4520.00
        2739  -0.0004780    -4600.00
        2740  -0.0004800    -4680.00
        2741  -0.0004820    -4720.00
        2742  -0.0004840    -4760.00
        2743  -0.0004860    -4840.00
        2744  -0.0004880    -4880.00
        2745  -0.0004900    -4920.00
        2746  -0.0004920    -4920.00
        2747  -0.0004940    -5000.00
        2748  -0.0004960    -5000.00
        2749  -0.0004980    -5000.00
        2750  -0.0005000    -4920.00
        2751  -0.0005020    -4920.00
        2752  -0.0005040    -4880.00
        2753  -0.0005060    -4880.00
        2754  -0.0005080    -4800.00
        2755  -0.0005100    -4760.00
        2756  -0.0005120    -4640.00
        2757  -0.0005140    -4600.00
        2758  -0.0005160    -4520.00
        2759  -0.0005180    -4440.00
        2760  -0.0005200    -4280.00
        2761  -0.0005220    -4240.00
        2762  -0.0005240    -4080.00
        2763  -0.0005260    -3960.00
        2764  -0.0005280    -3800.00
        2765  -0.0005300    -3640.00
        2766  -0.0005320    -3480.00
        2767  -0.0005340    -3320.00
        2768  -0.0005360    -3240.00
        2769  -0.0005380    -3000.00
        2770  -0.0005400    -2840.00
        2771  -0.0005420    -2680.00
        2772  -0.0005440    -2480.00
        2773  -0.0005460    -2280.00
        2774  -0.0005480    -2120.00
        2775  -0.0005500    -1880.00
        2776  -0.0005520    -1720.00
        2777  -0.0005540    -1480.00
        2778  -0.0005560    -1280.00
        2779  -0.0005580    -1080.00
        2780  -0.0005600     -880.00
        2781  -0.0005620     -680.00
        2782  -0.0005640     -440.00
        2783  -0.0005660     -200.00
        2784  -0.0005680       40.00
        2785  -0.0005700      240.00
        2786  -0.0005720      440.00
        2787  -0.0005740      680.00
        2788  -0.0005760      840.00
        2789  -0.0005780     1080.00
        2790  -0.0005800     1320.00
        2791  -0.0005820     1520.00
        2792  -0.0005840     1720.00
        2793  -0.0005860     1920.00
        2794  -0.0005880     2120.00
        2795  -0.0005900     2280.00
        2796  -0.0005920     2520.00
        2797  -0.0005940     2640.00
        2798  -0.0005960     2840.00
        2799  -0.0005980     3080.00
        2800  -0.0006000     3160.00
        2801  -0.0006020     3360.00
        2802  -0.0006040     3560.00
        2803  -0.0006060     3640.00
        2804  -0.0006080     3800.00
        2805  -0.0006100     3920.00
        2806  -0.0006120     4040.00
        2807  -0.0006140     4200.00
        2808  -0.0006160     4280.00
        2809  -0.0006180     4360.00
        2810  -0.0006200     4520.00
        2811  -0.0006220     4560.00
        2812  -0.0006240     4680.00
        2813  -0.0006260     4680.00
        2814  -0.0006280     4760.00
        2815  -0.0006300     4760.00
        2816  -0.0006320     4840.00
        2817  -0.0006340     4880.00
        2818  -0.0006360     4880.00
        2819  -0.0006380     4920.00
        2820  -0.0006400     4920.00
        2821  -0.0006420     4920.00
        2822  -0.0006440     4880.00
        2823  -0.0006460     4880.00
        2824  -0.0006480     4840.00
        2825  -0.0006500     4760.00
        2826  -0.0006520     4680.00
        2827  -0.0006540     4680.00
        2828  -0.0006560     4600.00
        2829  -0.0006580     4520.00
        2830  -0.0006600     4400.00
        2831  -0.0006620     4360.00
        2832  -0.0006640     4240.00
        2833  -0.0006660     4080.00
        2834  -0.0006680     3920.00
        2835  -0.0006700     3840.00
        2836  -0.0006720     3720.00
        2837  -0.0006740     3560.00
        2838  -0.0006760     3400.00
        2839  -0.0006780     3240.00
        2840  -0.0006800     3080.00
        2841  -0.0006820     2920.00
        2842  -0.0006840     2680.00
        2843  -0.0006860     2520.00
        2844  -0.0006880     2320.00
        2845  -0.0006900     2160.00
        2846  -0.0006920     1960.00
        2847  -0.0006940     1800.00
        2848  -0.0006960     1520.00
        2849  -0.0006980     1360.00
        2850  -0.0007000     1160.00
        2851  -0.0007020      920.00
        2852  -0.0007040      680.00
        2853  -0.0007060      440.00
        2854  -0.0007080      280.00
        2855  -0.0007100       40.00
        2856  -0.0007120     -200.00
        2857  -0.0007140     -440.00
        2858  -0.0007160     -600.00
        2859  -0.0007180     -840.00
        2860  -0.0007200    -1040.00
        2861  -0.0007220    -1240.00
        2862  -0.0007240    -1480.00
        2863  -0.0007260    -1680.00
        2864  -0.0007280    -1880.00
        2865  -0.0007300    -2080.00
        2866  -0.0007320    -2280.00
        2867  -0.0007340    -2480.00
        2868  -0.0007360    -2640.00
        2869  -0.0007380    -2840.00
        2870  -0.0007400    -3040.00
        2871  -0.0007420    -3160.00
        2872  -0.0007440    -3400.00
        2873  -0.0007460    -3560.00
        2874  -0.0007480    -3640.00
        2875  -0.0007500    -3800.00
        2876  -0.0007520    -3960.00
        2877  -0.0007540    -4080.00
        2878  -0.0007560    -4200.00
        2879  -0.0007580    -4280.00
        2880  -0.0007600    -4400.00
        2881  -0.0007620    -4520.00
        2882  -0.0007640    -4600.00
        2883  -0.0007660    -4680.00
        2884  -0.0007680    -4720.00
        2885  -0.0007700    -4760.00
        2886  -0.0007720    -4840.00
        2887  -0.0007740    -4880.00
        2888  -0.0007760    -4920.00
        2889  -0.0007780    -4920.00
        2890  -0.0007800    -4920.00
        2891  -0.0007820    -4960.00
        2892  -0.0007840    -4960.00
        2893  -0.0007860    -4920.00
        2894  -0.0007880    -4920.00
        2895  -0.0007900    -4880.00
        2896  -0.0007920    -4840.00
        2897  -0.0007940    -4760.00
        2898  -0.0007960    -4760.00
        2899  -0.0007980    -4680.00
        2900  -0.0008000    -4600.00
        2901  -0.0008020    -4520.00
        2902  -0.0008040    -4400.00
        2903  -0.0008060    -4280.00
        2904  -0.0008080    -4200.00
        2905  -0.0008100    -4080.00
        2906  -0.0008120    -3920.00
        2907  -0.0008140    -3800.00
        2908  -0.0008160    -3640.00
        2909  -0.0008180    -3480.00
        2910  -0.0008200    -3320.00
        2911  -0.0008220    -3160.00
        2912  -0.0008240    -3000.00
        2913  -0.0008260    -2800.00
        2914  -0.0008280    -2640.00
        2915  -0.0008300    -2440.00
        2916  -0.0008320    -2280.00
        2917  -0.0008340    -2040.00
        2918  -0.0008360    -1880.00
        2919  -0.0008380    -1680.00
        2920  -0.0008400    -1480.00
        2921  -0.0008420    -1240.00
        2922  -0.0008440    -1040.00
        2923  -0.0008460     -840.00
        2924  -0.0008480     -600.00
        2925  -0.0008500     -400.00
        2926  -0.0008520     -200.00
        2927  -0.0008540       40.00
        2928  -0.0008560      240.00
        2929  -0.0008580      440.00
        2930  -0.0008600      680.00
        2931  -0.0008620      920.00
        2932  -0.0008640     1080.00
        2933  -0.0008660     1360.00
        2934  -0.0008680     1520.00
        2935  -0.0008700     1720.00
        2936  -0.0008720     1960.00
        2937  -0.0008740     2120.00
        2938  -0.0008760     2320.00
        2939  -0.0008780     2520.00
        2940  -0.0008800     2680.00
        2941  -0.0008820     2840.00
        2942  -0.0008840     3080.00
        2943  -0.0008860     3200.00
        2944  -0.0008880     3400.00
        2945  -0.0008900     3560.00
        2946  -0.0008920     3720.00
        2947  -0.0008940     3800.00
        2948  -0.0008960     3960.00
        2949  -0.0008980     4080.00
        2950  -0.0009000     4240.00
        2951  -0.0009020     4360.00
        2952  -0.0009040     4400.00
        2953  -0.0009060     4520.00
        2954  -0.0009080     4560.00
        2955  -0.0009100     4680.00
        2956  -0.0009120     4720.00
        2957  -0.0009140     4760.00
        2958  -0.0009160     4840.00
        2959  -0.0009180     4880.00
        2960  -0.0009200     4880.00
        2961  -0.0009220     4880.00
        2962  -0.0009240     4920.00
        2963  -0.0009260     4920.00
        2964  -0.0009280     4880.00
        2965  -0.0009300     4880.00
        2966  -0.0009320     4880.00
        2967  -0.0009340     4840.00
        2968  -0.0009360     4760.00
        2969  -0.0009380     4720.00
        2970  -0.0009400     4640.00
        2971  -0.0009420     4560.00
        2972  -0.0009440     4520.00
        2973  -0.0009460     4440.00
        2974  -0.0009480     4320.00
        2975  -0.0009500     4240.00
        2976  -0.0009520     4040.00
        2977  -0.0009540     3960.00
        2978  -0.0009560     3800.00
        2979  -0.0009580     3680.00
        2980  -0.0009600     3480.00
        2981  -0.0009620     3400.00
        2982  -0.0009640     3160.00
        2983  -0.0009660     3040.00
        2984  -0.0009680     2840.00
        2985  -0.0009700     2680.00
        2986  -0.0009720     2480.00
        2987  -0.0009740     2320.00
        2988  -0.0009760     2120.00
        2989  -0.0009780     1960.00
        2990  -0.0009800     1680.00
        2991  -0.0009820     1520.00
        2992  -0.0009840     1320.00
        2993  -0.0009860     1080.00
        2994  -0.0009880      880.00
        2995  -0.0009900      680.00
        2996  -0.0009920      440.00
        2997  -0.0009940      200.00
        2998  -0.0009960       40.00
        2999  -0.0009980     -200.00
        3000  -0.0010000     -440.00
        3001  -0.0010020     -680.00
        3002  -0.0010040     -880.00
        3003  -0.0010060    -1080.00
        3004  -0.0010080    -1280.00
        3005  -0.0010100    -1520.00
        3006  -0.0010120    -1720.00
        3007  -0.0010140    -1880.00
        3008  -0.0010160    -2120.00
        3009  -0.0010180    -2320.00
        3010  -0.0010200    -2480.00
        3011  -0.0010220    -2680.00
        3012  -0.0010240    -2840.00
        3013  -0.0010260    -3000.00
        3014  -0.0010280    -3200.00
        3015  -0.0010300    -3320.00
        3016  -0.0010320    -3480.00
        3017  -0.0010340    -3640.00
        3018  -0.0010360    -3800.00
        3019  -0.0010380    -3920.00
        3020  -0.0010400    -4080.00
        3021  -0.0010420    -4200.00
        3022  -0.0010440    -4320.00
        3023  -0.0010460    -4440.00
        3024  -0.0010480    -4520.00
        3025  -0.0010500    -4600.00
        3026  -0.0010520    -4640.00
        3027  -0.0010540    -4760.00
        3028  -0.0010560    -4760.00
        3029  -0.0010580    -4840.00
        3030  -0.0010600    -4880.00
        3031  -0.0010620    -4920.00
        3032  -0.0010640    -4920.00
        3033  -0.0010660    -4960.00
        3034  -0.0010680    -4920.00
        3035  -0.0010700    -4920.00
        3036  -0.0010720    -4920.00
        3037  -0.0010740    -4920.00
        3038  -0.0010760    -4880.00
        3039  -0.0010780    -4840.00
        3040  -0.0010800    -4760.00
        3041  -0.0010820    -4720.00
        3042  -0.0010840    -4680.00
        3043  -0.0010860    -4600.00
        3044  -0.0010880    -4440.00
        3045  -0.0010900    -4400.00
        3046  -0.0010920    -4240.00
        3047  -0.0010940    -4200.00
        3048  -0.0010960    -4040.00
        3049  -0.0010980    -3920.00
        3050  -0.0011000    -3800.00
        3051  -0.0011020    -3640.00
        3052  -0.0011040    -3480.00
        3053  -0.0011060    -3320.00
        3054  -0.0011080    -3160.00
        3055  -0.0011100    -3000.00
        3056  -0.0011120    -2800.00
        3057  -0.0011140    -2640.00
        3058  -0.0011160    -2440.00
        3059  -0.0011180    -2240.00
        3060  -0.0011200    -2040.00
        3061  -0.0011220    -1880.00
        3062  -0.0011240    -1680.00
        3063  -0.0011260    -1440.00
        3064  -0.0011280    -1200.00
        3065  -0.0011300    -1000.00
        3066  -0.0011320     -840.00
        3067  -0.0011340     -600.00
        3068  -0.0011360     -360.00
        3069  -0.0011380     -200.00
        3070  -0.0011400       80.00
        3071  -0.0011420      280.00
        3072  -0.0011440      480.00
        3073  -0.0011460      680.00
        3074  -0.0011480      880.00
        3075  -0.0011500     1160.00
        3076  -0.0011520     1360.00
        3077  -0.0011540     1560.00
        3078  -0.0011560     1800.00
        3079  -0.0011580     1960.00
        3080  -0.0011600     2160.00
        3081  -0.0011620     2360.00
        3082  -0.0011640     2520.00
        3083  -0.0011660     2720.00
        3084  -0.0011680     2920.00
        3085  -0.0011700     3080.00
        3086  -0.0011720     3240.00
        3087  -0.0011740     3400.00
        3088  -0.0011760     3600.00
        3089  -0.0011780     3720.00
        3090  -0.0011800     3880.00
        3091  -0.0011820     3960.00
        3092  -0.0011840     4120.00
        3093  -0.0011860     4240.00
        3094  -0.0011880     4360.00
        3095  -0.0011900     4440.00
        3096  -0.0011920     4520.00
        3097  -0.0011940     4560.00
        3098  -0.0011960     4680.00
        3099  -0.0011980     4760.00
        3100  -0.0012000     4760.00
        3101  -0.0012020     4880.00
        3102  -0.0012040     4880.00
        3103  -0.0012060     4880.00
        3104  -0.0012080     4920.00
        3105  -0.0012100     4920.00
        3106  -0.0012120     4880.00
        3107  -0.0012140     4880.00
        3108  -0.0012160     4880.00
        3109  -0.0012180     4880.00
        3110  -0.0012200     4840.00
        3111  -0.0012220     4760.00
        3112  -0.0012240     4720.00
        3113  -0.0012260     4640.00
        3114  -0.0012280     4560.00
        3115  -0.0012300     4520.00
        3116  -0.0012320     4400.00
        3117  -0.0012340     4240.00
        3118  -0.0012360     4200.00
        3119  -0.0012380     4040.00
        3120  -0.0012400     3960.00
        3121  -0.0012420     3800.00
        3122  -0.0012440     3640.00
        3123  -0.0012460     3480.00
        3124  -0.0012480     3320.00
        3125  -0.0012500     3160.00
        3126  -0.0012520     3000.00
        3127  -0.0012540     2800.00
        3128  -0.0012560     2680.00
        3129  -0.0012580     2440.00
        3130  -0.0012600     2280.00
        3131  -0.0012620     2120.00
        3132  -0.0012640     1880.00
        3133  -0.0012660     1680.00
        3134  -0.0012680     1480.00
        3135  -0.0012700     1280.00
        3136  -0.0012720     1040.00
        3137  -0.0012740      840.00
        3138  -0.0012760      640.00
        3139  -0.0012780      400.00
        3140  -0.0012800      200.00
        3141  -0.0012820      -40.00
        3142  -0.0012840     -240.00
        3143  -0.0012860     -440.00
        3144  -0.0012880     -680.00
        3145  -0.0012900     -880.00
        3146  -0.0012920    -1080.00
        3147  -0.0012940    -1240.00
        3148  -0.0012960    -1520.00
        3149  -0.0012980    -1720.00
        3150  -0.0013000    -1920.00
        3151  -0.0013020    -2120.00
        3152  -0.0013040    -2280.00
        3153  -0.0013060    -2480.00
        3154  -0.0013080    -2680.00
        3155  -0.0013100    -2920.00
        3156  -0.0013120    -3000.00
        3157  -0.0013140    -3160.00
        3158  -0.0013160    -3320.00
        3159  -0.0013180    -3600.00
        3160  -0.0013200    -3640.00
        3161  -0.0013220    -3800.00
        3162  -0.0013240    -3920.00
        3163  -0.0013260    -4080.00
        3164  -0.0013280    -4200.00
        3165  -0.0013300    -4280.00
        3166  -0.0013320    -4400.00
        3167  -0.0013340    -4520.00
        3168  -0.0013360    -4600.00
        3169  -0.0013380    -4680.00
        3170  -0.0013400    -4760.00
        3171  -0.0013420    -4760.00
        3172  -0.0013440    -4880.00
        3173  -0.0013460    -4880.00
        3174  -0.0013480    -4920.00
        3175  -0.0013500    -4920.00
        3176  -0.0013520    -4920.00
        3177  -0.0013540    -4960.00
        3178  -0.0013560    -5000.00
        3179  -0.0013580    -4920.00
        3180  -0.0013600    -4880.00
        3181  -0.0013620    -4880.00
        3182  -0.0013640    -4840.00
        3183  -0.0013660    -4840.00
        3184  -0.0013680    -4720.00
        3185  -0.0013700    -4680.00
        3186  -0.0013720    -4560.00
        3187  -0.0013740    -4520.00
        3188  -0.0013760    -4400.00
        3189  -0.0013780    -4280.00
        3190  -0.0013800    -4200.00
        3191  -0.0013820    -4040.00
        3192  -0.0013840    -3920.00
        3193  -0.0013860    -3760.00
        3194  -0.0013880    -3640.00
        3195  -0.0013900    -3480.00
        3196  -0.0013920    -3320.00
        3197  -0.0013940    -3160.00
        3198  -0.0013960    -3000.00
        3199  -0.0013980    -2800.00
        3200  -0.0014000    -2640.00
        3201  -0.0014020    -2440.00
        3202  -0.0014040    -2200.00
        3203  -0.0014060    -2040.00
        3204  -0.0014080    -1840.00
        3205  -0.0014100    -1640.00
        3206  -0.0014120    -1400.00
        3207  -0.0014140    -1200.00
        3208  -0.0014160    -1000.00
        3209  -0.0014180     -760.00
        3210  -0.0014200     -560.00
        3211  -0.0014220     -280.00
        3212  -0.0014240     -120.00
        3213  -0.0014260       80.00
        3214  -0.0014280      280.00
        3215  -0.0014300      520.00
        3216  -0.0014320      720.00
        3217  -0.0014340      960.00
        3218  -0.0014360     1160.00
        3219  -0.0014380     1400.00
        3220  -0.0014400     1640.00
        3221  -0.0014420     1800.00
        3222  -0.0014440     2000.00
        3223  -0.0014460     2200.00
        3224  -0.0014480     2360.00
        3225  -0.0014500     2600.00
        3226  -0.0014520     2760.00
        3227  -0.0014540     2960.00
        3228  -0.0014560     3120.00
        3229  -0.0014580     3280.00
        3230  -0.0014600     3440.00
        3231  -0.0014620     3600.00
        3232  -0.0014640     3720.00
        3233  -0.0014660     3880.00
        3234  -0.0014680     4040.00
        3235  -0.0014700     4120.00
        3236  -0.0014720     4240.00
        3237  -0.0014740     4360.00
        3238  -0.0014760     4440.00
        3239  -0.0014780     4520.00
        3240  -0.0014800     4600.00
        3241  -0.0014820     4680.00
        3242  -0.0014840     4720.00
        3243  -0.0014860     4800.00
        3244  -0.0014880     4840.00
        3245  -0.0014900     4880.00
        3246  -0.0014920     4880.00
        3247  -0.0014940     4880.00
        3248  -0.0014960     4920.00
        3249  -0.0014980     4880.00
        3250  -0.0015000     4880.00
        3251  -0.0015020     4880.00
        3252  -0.0015040     4840.00
        3253  -0.0015060     4840.00
        3254  -0.0015080     4760.00
        3255  -0.0015100     4720.00
        3256  -0.0015120     4640.00
        3257  -0.0015140     4560.00
        3258  -0.0015160     4440.00
        3259  -0.0015180     4360.00
        3260  -0.0015200     4240.00
        3261  -0.0015220     4200.00
        3262  -0.0015240     4040.00
        3263  -0.0015260     3920.00
        3264  -0.0015280     3760.00
        3265  -0.0015300     3640.00
        3266  -0.0015320     3440.00
        3267  -0.0015340     3280.00
        3268  -0.0015360     3160.00
        3269  -0.0015380     2960.00
        3270  -0.0015400     2800.00
        3271  -0.0015420     2640.00
        3272  -0.0015440     2440.00
        3273  -0.0015460     2240.00
        3274  -0.0015480     2040.00
        3275  -0.0015500     1880.00
        3276  -0.0015520     1680.00
        3277  -0.0015540     1480.00
        3278  -0.0015560     1240.00
        3279  -0.0015580     1040.00
        3280  -0.0015600      760.00
        3281  -0.0015620      600.00
        3282  -0.0015640      400.00
        3283  -0.0015660      160.00
        3284  -0.0015680      -80.00
        3285  -0.0015700     -240.00
        3286  -0.0015720     -440.00
        3287  -0.0015740     -680.00
        3288  -0.0015760     -920.00
        3289  -0.0015780    -1080.00
        3290  -0.0015800    -1320.00
        3291  -0.0015820    -1560.00
        3292  -0.0015840    -1760.00
        3293  -0.0015860    -1960.00
        3294  -0.0015880    -2160.00
        3295  -0.0015900    -2320.00
        3296  -0.0015920    -2520.00
        3297  -0.0015940    -2720.00
        3298  -0.0015960    -2920.00
        3299  -0.0015980    -3080.00
        3300  -0.0016000    -3240.00
        3301  -0.0016020    -3400.00
        3302  -0.0016040    -3560.00
        3303  -0.0016060    -3720.00
        3304  -0.0016080    -3880.00
        3305  -0.0016100    -3960.00
        3306  -0.0016120    -4120.00
        3307  -0.0016140    -4240.00
        3308  -0.0016160    -4320.00
        3309  -0.0016180    -4400.00
        3310  -0.0016200    -4560.00
        3311  -0.0016220    -4600.00
        3312  -0.0016240    -4720.00
        3313  -0.0016260    -4720.00
        3314  -0.0016280    -4840.00
        3315  -0.0016300    -4880.00
        3316  -0.0016320    -4920.00
        3317  -0.0016340    -4920.00
        3318  -0.0016360    -4920.00
        3319  -0.0016380    -5000.00
        3320  -0.0016400    -5000.00
        3321  -0.0016420    -5000.00
        3322  -0.0016440    -4920.00
        3323  -0.0016460    -4880.00
        3324  -0.0016480    -4880.00
        3325  -0.0016500    -4880.00
        3326  -0.0016520    -4760.00
        3327  -0.0016540    -4720.00
        3328  -0.0016560    -4640.00
        3329  -0.0016580    -4560.00
        3330  -0.0016600    -4440.00
        3331  -0.0016620    -4360.00
        3332  -0.0016640    -4240.00
        3333  -0.0016660    -4160.00
        3334  -0.0016680    -4000.00
        3335  -0.0016700    -3880.00
        3336  -0.0016720    -3760.00
        3337  -0.0016740    -3560.00
        3338  -0.0016760    -3440.00
        3339  -0.0016780    -3280.00
        3340  -0.0016800    -3080.00
        3341  -0.0016820    -2920.00
        3342  -0.0016840    -2760.00
        3343  -0.0016860    -2560.00
        3344  -0.0016880    -2440.00
        3345  -0.0016900    -2200.00
        3346  -0.0016920    -2000.00
        3347  -0.0016940    -1800.00
        3348  -0.0016960    -1560.00
        3349  -0.0016980    -1360.00
        3350  -0.0017000    -1160.00
        3351  -0.0017020     -920.00
        3352  -0.0017040     -720.00
        3353  -0.0017060     -520.00
        3354  -0.0017080     -280.00
        3355  -0.0017100      -80.00
        3356  -0.0017120       80.00
        3357  -0.0017140      400.00
        3358  -0.0017160      560.00
        3359  -0.0017180      800.00
        3360  -0.0017200     1000.00
        3361  -0.0017220     1200.00
        3362  -0.0017240     1400.00
        3363  -0.0017260     1640.00
        3364  -0.0017280     1840.00
        3365  -0.0017300     2040.00
        3366  -0.0017320     2200.00
        3367  -0.0017340     2440.00
        3368  -0.0017360     2600.00
        3369  -0.0017380     2760.00
        3370  -0.0017400     3000.00
        3371  -0.0017420     3120.00
        3372  -0.0017440     3320.00
        3373  -0.0017460     3480.00
        3374  -0.0017480     3600.00
        3375  -0.0017500     3760.00
        3376  -0.0017520     3920.00
        3377  -0.0017540     4040.00
        3378  -0.0017560     4120.00
        3379  -0.0017580     4240.00
        3380  -0.0017600     4360.00
        3381  -0.0017620     4400.00
        3382  -0.0017640     4560.00
        3383  -0.0017660     4560.00
        3384  -0.0017680     4680.00
        3385  -0.0017700     4760.00
        3386  -0.0017720     4840.00
        3387  -0.0017740     4840.00
        3388  -0.0017760     4880.00
        3389  -0.0017780     4880.00
        3390  -0.0017800     4880.00
        3391  -0.0017820     4920.00
        3392  -0.0017840     4920.00
        3393  -0.0017860     4920.00
        3394  -0.0017880     4880.00
        3395  -0.0017900     4840.00
        3396  -0.0017920     4800.00
        3397  -0.0017940     4720.00
        3398  -0.0017960     4680.00
        3399  -0.0017980     4600.00
        3400  -0.0018000     4520.00
        3401  -0.0018020     4440.00
        3402  -0.0018040     4360.00
        3403  -0.0018060     4240.00
        3404  -0.0018080     4160.00
        3405  -0.0018100     4040.00
        3406  -0.0018120     3920.00
        3407  -0.0018140     3760.00
        3408  -0.0018160     3600.00
        3409  -0.0018180     3440.00
        3410  -0.0018200     3280.00
        3411  -0.0018220     3160.00
        3412  -0.0018240     2960.00
        3413  -0.0018260     2760.00
        3414  -0.0018280     2600.00
        3415  -0.0018300     2440.00
        3416  -0.0018320     2240.00
        3417  -0.0018340     2040.00
        3418  -0.0018360     1840.00
        3419  -0.0018380     1680.00
        3420  -0.0018400     1400.00
        3421  -0.0018420     1200.00
        3422  -0.0018440     1040.00
        3423  -0.0018460      800.00
        3424  -0.0018480      560.00
        3425  -0.0018500      360.00
        3426  -0.0018520      120.00
        3427  -0.0018540      -80.00
        3428  -0.0018560     -240.00
        3429  -0.0018580     -520.00
        3430  -0.0018600     -720.00
        3431  -0.0018620     -960.00
        3432  -0.0018640    -1160.00
        3433  -0.0018660    -1360.00
        3434  -0.0018680    -1560.00
        3435  -0.0018700    -1800.00
        3436  -0.0018720    -2000.00
        3437  -0.0018740    -2160.00
        3438  -0.0018760    -2360.00
        3439  -0.0018780    -2560.00
        3440  -0.0018800    -2760.00
        3441  -0.0018820    -2960.00
        3442  -0.0018840    -3120.00
        3443  -0.0018860    -3320.00
        3444  -0.0018880    -3440.00
        3445  -0.0018900    -3600.00
        3446  -0.0018920    -3720.00
        3447  -0.0018940    -3880.00
        3448  -0.0018960    -4040.00
        3449  -0.0018980    -4120.00
        3450  -0.0019000    -4240.00
        3451  -0.0019020    -4360.00
        3452  -0.0019040    -4440.00
        3453  -0.0019060    -4600.00
        3454  -0.0019080    -4600.00
        3455  -0.0019100    -4680.00
        3456  -0.0019120    -4760.00
        3457  -0.0019140    -4840.00
        3458  -0.0019160    -4880.00
        3459  -0.0019180    -4920.00
        3460  -0.0019200    -4920.00
        3461  -0.0019220    -5000.00
        3462  -0.0019240    -4960.00
        3463  -0.0019260    -4960.00
        3464  -0.0019280    -5000.00
        3465  -0.0019300    -4920.00
        3466  -0.0019320    -4920.00
        3467  -0.0019340    -4880.00
        3468  -0.0019360    -4840.00
        3469  -0.0019380    -4760.00
        3470  -0.0019400    -4720.00
        3471  -0.0019420    -4600.00
        3472  -0.0019440    -4560.00
        3473  -0.0019460    -4440.00
        3474  -0.0019480    -4360.00
        3475  -0.0019500    -4240.00
        3476  -0.0019520    -4120.00
        3477  -0.0019540    -3960.00
        3478  -0.0019560    -3880.00
        3479  -0.0019580    -3720.00
        3480  -0.0019600    -3600.00
        3481  -0.0019620    -3440.00
        3482  -0.0019640    -3280.00
        3483  -0.0019660    -3080.00
        3484  -0.0019680    -2920.00
        3485  -0.0019700    -2680.00
        3486  -0.0019720    -2520.00
        3487  -0.0019740    -2360.00
        3488  -0.0019760    -2160.00
        3489  -0.0019780    -1960.00
        3490  -0.0019800    -1800.00
        3491  -0.0019820    -1560.00
        3492  -0.0019840    -1360.00
        3493  -0.0019860    -1080.00
        3494  -0.0019880     -920.00
        3495  -0.0019900     -720.00
        3496  -0.0019920     -440.00
        3497  -0.0019940     -240.00
        3498  -0.0019960      -80.00
        3499  -0.0019980      200.00
        3500  -0.0020000      400.00
        3501  -0.0020020      600.00
        3502  -0.0020040      760.00
        3503  -0.0020060     1040.00
        3504  -0.0020080     1240.00
        3505  -0.0020100     1480.00
        3506  -0.0020120     1680.00
        3507  -0.0020140     1840.00
        3508  -0.0020160     2040.00
        3509  -0.0020180     2240.00
        3510  -0.0020200     2400.00
        3511  -0.0020220     2640.00
        3512  -0.0020240     2800.00
        3513  -0.0020260     2960.00
        3514  -0.0020280     3120.00
        3515  -0.0020300     3280.00
        3516  -0.0020320     3480.00
        3517  -0.0020340     3640.00
        3518  -0.0020360     3760.00
        3519  -0.0020380     3920.00
        3520  -0.0020400     4040.00
        3521  -0.0020420     4120.00
        3522  -0.0020440     4240.00
        3523  -0.0020460     4360.00
        3524  -0.0020480     4440.00
        3525  -0.0020500     4560.00
        3526  -0.0020520     4640.00
        3527  -0.0020540     4680.00
        3528  -0.0020560     4720.00
        3529  -0.0020580     4800.00
        3530  -0.0020600     4880.00
        3531  -0.0020620     4880.00
        3532  -0.0020640     4880.00
        3533  -0.0020660     4880.00
        3534  -0.0020680     4880.00
        3535  -0.0020700     4880.00
        3536  -0.0020720     4880.00
        3537  -0.0020740     4880.00
        3538  -0.0020760     4880.00
        3539  -0.0020780     4760.00
        3540  -0.0020800     4720.00
        3541  -0.0020820     4680.00
        3542  -0.0020840     4560.00
        3543  -0.0020860     4520.00
        3544  -0.0020880     4440.00
        3545  -0.0020900     4360.00
        3546  -0.0020920     4240.00
        3547  -0.0020940     4120.00
        3548  -0.0020960     4040.00
        3549  -0.0020980     3880.00
        3550  -0.0021000     3760.00
        3551  -0.0021020     3600.00
        3552  -0.0021040     3440.00
        3553  -0.0021060     3240.00
        3554  -0.0021080     3080.00
        3555  -0.0021100     2960.00
        3556  -0.0021120     2800.00
        3557  -0.0021140     2600.00
        3558  -0.0021160     2440.00
        3559  -0.0021180     2200.00
        3560  -0.0021200     2000.00
        3561  -0.0021220     1840.00
        3562  -0.0021240     1600.00
        3563  -0.0021260     1400.00
        3564  -0.0021280     1200.00
        3565  -0.0021300      960.00
        3566  -0.0021320      760.00
        3567  -0.0021340      560.00
        3568  -0.0021360      360.00
        3569  -0.0021380      120.00
        3570  -0.0021400     -120.00
        3571  -0.0021420     -360.00
        3572  -0.0021440     -560.00
        3573  -0.0021460     -760.00
        3574  -0.0021480    -1000.00
        3575  -0.0021500    -1200.00
        3576  -0.0021520    -1400.00
        3577  -0.0021540    -1640.00
        3578  -0.0021560    -1840.00
        3579  -0.0021580    -2040.00
        3580  -0.0021600    -2200.00
        3581  -0.0021620    -2440.00
        3582  -0.0021640    -2600.00
        3583  -0.0021660    -2760.00
        3584  -0.0021680    -3000.00
        3585  -0.0021700    -3120.00
        3586  -0.0021720    -3320.00
        3587  -0.0021740    -3480.00
        3588  -0.0021760    -3640.00
        3589  -0.0021780    -3760.00
        3590  -0.0021800    -3920.00
        3591  -0.0021820    -4040.00
        3592  -0.0021840    -4120.00
        3593  -0.0021860    -4280.00
        3594  -0.0021880    -4400.00
        3595  -0.0021900    -4440.00
        3596  -0.0021920    -4600.00
        3597  -0.0021940    -4640.00
        3598  -0.0021960    -4720.00
        3599  -0.0021980    -4760.00
        3600  -0.0022000    -4760.00
        3601  -0.0022020    -4920.00
        3602  -0.0022040    -4920.00
        3603  -0.0022060    -4920.00
        3604  -0.0022080    -4920.00
        3605  -0.0022100    -4960.00
        3606  -0.0022120    -4960.00
        3607  -0.0022140    -5000.00
        3608  -0.0022160    -4920.00
        3609  -0.0022180    -4920.00
        3610  -0.0022200    -4880.00
        3611  -0.0022220    -4840.00
        3612  -0.0022240    -4720.00
        3613  -0.0022260    -4680.00
        3614  -0.0022280    -4600.00
        3615  -0.0022300    -4520.00
        3616  -0.0022320    -4440.00
        3617  -0.0022340    -4280.00
        3618  -0.0022360    -4240.00
        3619  -0.0022380    -4080.00
        3620  -0.0022400    -3960.00
        3621  -0.0022420    -3800.00
        3622  -0.0022440    -3680.00
        3623  -0.0022460    -3600.00
        3624  -0.0022480    -3400.00
        3625  -0.0022500    -3240.00
        3626  -0.0022520    -3080.00
        3627  -0.0022540    -2920.00
        3628  -0.0022560    -2680.00
        3629  -0.0022580    -2520.00
        3630  -0.0022600    -2320.00
        3631  -0.0022620    -2120.00
        3632  -0.0022640    -1880.00
        3633  -0.0022660    -1720.00
        3634  -0.0022680    -1520.00
        3635  -0.0022700    -1320.00
        3636  -0.0022720    -1080.00
        3637  -0.0022740     -880.00
        3638  -0.0022760     -680.00
        3639  -0.0022780     -440.00
        3640  -0.0022800     -240.00
        3641  -0.0022820      -80.00
        3642  -0.0022840      200.00
        3643  -0.0022860      400.00
        3644  -0.0022880      600.00
        3645  -0.0022900      840.00
        3646  -0.0022920     1040.00
        3647  -0.0022940     1240.00
        3648  -0.0022960     1480.00
        3649  -0.0022980     1680.00
        3650  -0.0023000     1880.00
        3651  -0.0023020     2040.00
        3652  -0.0023040     2280.00
        3653  -0.0023060     2480.00
        3654  -0.0023080     2640.00
        3655  -0.0023100     2840.00
        3656  -0.0023120     3000.00
        3657  -0.0023140     3120.00
        3658  -0.0023160     3320.00
        3659  -0.0023180     3440.00
        3660  -0.0023200     3600.00
        3661  -0.0023220     3800.00
        3662  -0.0023240     3920.00
        3663  -0.0023260     4040.00
        3664  -0.0023280     4200.00
        3665  -0.0023300     4240.00
        3666  -0.0023320     4400.00
        3667  -0.0023340     4440.00
        3668  -0.0023360     4560.00
        3669  -0.0023380     4640.00
        3670  -0.0023400     4720.00
        3671  -0.0023420     4760.00
        3672  -0.0023440     4840.00
        3673  -0.0023460     4840.00
        3674  -0.0023480     4880.00
        3675  -0.0023500     4880.00
        3676  -0.0023520     4920.00
        3677  -0.0023540     4920.00
        3678  -0.0023560     4880.00
        3679  -0.0023580     4920.00
        3680  -0.0023600     4880.00
        3681  -0.0023620     4840.00
        3682  -0.0023640     4800.00
        3683  -0.0023660     4720.00
        3684  -0.0023680     4680.00
        3685  -0.0023700     4560.00
        3686  -0.0023720     4560.00
        3687  -0.0023740     4400.00
        3688  -0.0023760     4280.00
        3689  -0.0023780     4240.00
        3690  -0.0023800     4120.00
        3691  -0.0023820     3960.00
        3692  -0.0023840     3880.00
        3693  -0.0023860     3720.00
        3694  -0.0023880     3600.00
        3695  -0.0023900     3400.00
        3696  -0.0023920     3280.00
        3697  -0.0023940     3080.00
        3698  -0.0023960     2920.00
        3699  -0.0023980     2760.00
        3700  -0.0024000     2600.00
        3701  -0.0024020     2360.00
        3702  -0.0024040     2160.00
        3703  -0.0024060     2000.00
        3704  -0.0024080     1800.00
        3705  -0.0024100     1560.00
        3706  -0.0024120     1360.00
        3707  -0.0024140     1160.00
        3708  -0.0024160      920.00
        3709  -0.0024180      720.00
        3710  -0.0024200      520.00
        3711  -0.0024220      280.00
        3712  -0.0024240       80.00
        3713  -0.0024260     -160.00
        3714  -0.0024280     -400.00
        3715  -0.0024300     -560.00
        3716  -0.0024320     -800.00
        3717  -0.0024340    -1000.00
        3718  -0.0024360    -1200.00
        3719  -0.0024380    -1400.00
        3720  -0.0024400    -1680.00
        3721  -0.0024420    -1840.00
        3722  -0.0024440    -2040.00
        3723  -0.0024460    -2240.00
        3724  -0.0024480    -2440.00
        3725  -0.0024500    -2600.00
        3726  -0.0024520    -2800.00
        3727  -0.0024540    -2960.00
        3728  -0.0024560    -3160.00
        3729  -0.0024580    -3320.00
        3730  -0.0024600    -3480.00
        3731  -0.0024620    -3600.00
        3732  -0.0024640    -3760.00
        3733  -0.0024660    -3960.00
        3734  -0.0024680    -4040.00
        3735  -0.0024700    -4200.00
        3736  -0.0024720    -4280.00
        3737  -0.0024740    -4400.00
        3738  -0.0024760    -4480.00
        3739  -0.0024780    -4560.00
        3740  -0.0024800    -4640.00
        3741  -0.0024820    -4720.00
        3742  -0.0024840    -4760.00
        3743  -0.0024860    -4880.00
        3744  -0.0024880    -4880.00
        3745  -0.0024900    -4920.00
        3746  -0.0024920    -4920.00
        3747  -0.0024940    -4960.00
        3748  -0.0024960    -4920.00
        3749  -0.0024980    -4920.00
        3750  -0.0025000    -4920.00
        3751  -0.0025020    -4920.00
        3752  -0.0025040    -4880.00
        3753  -0.0025060    -4840.00
        3754  -0.0025080    -4840.00
        3755  -0.0025100    -4720.00
        3756  -0.0025120    -4680.00
        3757  -0.0025140    -4600.00
        3758  -0.0025160    -4520.00
        3759  -0.0025180    -4400.00
        3760  -0.0025200    -4280.00
        3761  -0.0025220    -4240.00
        3762  -0.0025240    -4080.00
        3763  -0.0025260    -3960.00
        3764  -0.0025280    -3800.00
        3765  -0.0025300    -3640.00
        3766  -0.0025320    -3480.00
        3767  -0.0025340    -3400.00
        3768  -0.0025360    -3240.00
        3769  -0.0025380    -3000.00
        3770  -0.0025400    -2840.00
        3771  -0.0025420    -2680.00
        3772  -0.0025440    -2480.00
        3773  -0.0025460    -2320.00
        3774  -0.0025480    -2120.00
        3775  -0.0025500    -1880.00
        3776  -0.0025520    -1720.00
        3777  -0.0025540    -1520.00
        3778  -0.0025560    -1320.00
        3779  -0.0025580    -1080.00
        3780  -0.0025600     -880.00
        3781  -0.0025620     -600.00
        3782  -0.0025640     -440.00
        3783  -0.0025660     -200.00
        3784  -0.0025680        0.00
        3785  -0.0025700      200.00
        3786  -0.0025720      400.00
        3787  -0.0025740      640.00
        3788  -0.0025760      840.00
        3789  -0.0025780     1080.00
        3790  -0.0025800     1320.00
        3791  -0.0025820     1520.00
        3792  -0.0025840     1680.00
        3793  -0.0025860     1920.00
        3794  -0.0025880     2120.00
        3795  -0.0025900     2320.00
        3796  -0.0025920     2480.00
        3797  -0.0025940     2680.00
        3798  -0.0025960     2920.00
        3799  -0.0025980     3000.00
        3800  -0.0026000     3200.00
        3801  -0.0026020     3400.00
        3802  -0.0026040     3520.00
        3803  -0.0026060     3640.00
        3804  -0.0026080     3800.00
        3805  -0.0026100     3920.00
        3806  -0.0026120     4040.00
        3807  -0.0026140     4200.00
        3808  -0.0026160     4320.00
        3809  -0.0026180     4400.00
        3810  -0.0026200     4520.00
        3811  -0.0026220     4560.00
        3812  -0.0026240     4680.00
        3813  -0.0026260     4720.00
        3814  -0.0026280     4760.00
        3815  -0.0026300     4840.00
        3816  -0.0026320     4840.00
        3817  -0.0026340     4880.00
        3818  -0.0026360     4920.00
        3819  -0.0026380     4920.00
        3820  -0.0026400     4920.00
        3821  -0.0026420     4920.00
        3822  -0.0026440     4880.00
        3823  -0.0026460     4880.00
        3824  -0.0026480     4840.00
        3825  -0.0026500     4800.00
        3826  -0.0026520     4720.00
        3827  -0.0026540     4680.00
        3828  -0.0026560     4560.00
        3829  -0.0026580     4520.00
        3830  -0.0026600     4440.00
        3831  -0.0026620     4280.00
        3832  -0.0026640     4200.00
        3833  -0.0026660     4120.00
        3834  -0.0026680     3920.00
        3835  -0.0026700     3800.00
        3836  -0.0026720     3720.00
        3837  -0.0026740     3520.00
        3838  -0.0026760     3400.00
        3839  -0.0026780     3200.00
        3840  -0.0026800     3080.00
        3841  -0.0026820     2840.00
        3842  -0.0026840     2720.00
        3843  -0.0026860     2520.00
        3844  -0.0026880     2320.00
        3845  -0.0026900     2120.00
        3846  -0.0026920     1960.00
        3847  -0.0026940     1720.00
        3848  -0.0026960     1520.00
        3849  -0.0026980     1320.00
        3850  -0.0027000     1080.00
        3851  -0.0027020      880.00
        3852  -0.0027040      680.00
        3853  -0.0027060      520.00
        3854  -0.0027080      240.00
        3855  -0.0027100       40.00
        3856  -0.0027120     -200.00
        3857  -0.0027140     -440.00
        3858  -0.0027160     -600.00
        3859  -0.0027180     -840.00
        3860  -0.0027200    -1040.00
        3861  -0.0027220    -1240.00
        3862  -0.0027240    -1480.00
        3863  -0.0027260    -1640.00
        3864  -0.0027280    -1880.00
        3865  -0.0027300    -2040.00
        3866  -0.0027320    -2320.00
        3867  -0.0027340    -2480.00
        3868  -0.0027360    -2680.00
        3869  -0.0027380    -2800.00
        3870  -0.0027400    -3000.00
        3871  -0.0027420    -3160.00
        3872  -0.0027440    -3320.00
        3873  -0.0027460    -3480.00
        3874  -0.0027480    -3640.00
        3875  -0.0027500    -3760.00
        3876  -0.0027520    -3960.00
        3877  -0.0027540    -4040.00
        3878  -0.0027560    -4200.00
        3879  -0.0027580    -4280.00
        3880  -0.0027600    -4400.00
        3881  -0.0027620    -4520.00
        3882  -0.0027640    -4600.00
        3883  -0.0027660    -4680.00
        3884  -0.0027680    -4720.00
        3885  -0.0027700    -4760.00
        3886  -0.0027720    -4840.00
        3887  -0.0027740    -4880.00
        3888  -0.0027760    -4920.00
        3889  -0.0027780    -4920.00
        3890  -0.0027800    -4920.00
        3891  -0.0027820    -4920.00
        3892  -0.0027840    -5000.00
        3893  -0.0027860    -4920.00
        3894  -0.0027880    -4920.00
        3895  -0.0027900    -4880.00
        3896  -0.0027920    -4840.00
        3897  -0.0027940    -4760.00
        3898  -0.0027960    -4720.00
        3899  -0.0027980    -4680.00
        3900  -0.0028000    -4600.00
        3901  -0.0028020    -4520.00
        3902  -0.0028040    -4440.00
        3903  -0.0028060    -4280.00
        3904  -0.0028080    -4240.00
        3905  -0.0028100    -4080.00
        3906  -0.0028120    -3960.00
        3907  -0.0028140    -3800.00
        3908  -0.0028160    -3640.00
        3909  -0.0028180    -3520.00
        3910  -0.0028200    -3320.00
        3911  -0.0028220    -3160.00
        3912  -0.0028240    -3000.00
        3913  -0.0028260    -2840.00
        3914  -0.0028280    -2680.00
        3915  -0.0028300    -2480.00
        3916  -0.0028320    -2280.00
        3917  -0.0028340    -2040.00
        3918  -0.0028360    -1880.00
        3919  -0.0028380    -1680.00
        3920  -0.0028400    -1480.00
        3921  -0.0028420    -1240.00
        3922  -0.0028440    -1040.00
        3923  -0.0028460     -840.00
        3924  -0.0028480     -600.00
        3925  -0.0028500     -440.00
        3926  -0.0028520     -200.00
        3927  -0.0028540       40.00
        3928  -0.0028560      240.00
        3929  -0.0028580      480.00
        3930  -0.0028600      680.00
        3931  -0.0028620      920.00
        3932  -0.0028640     1120.00
        3933  -0.0028660     1320.00
        3934  -0.0028680     1520.00
        3935  -0.0028700     1720.00
        3936  -0.0028720     1960.00
        3937  -0.0028740     2120.00
        3938  -0.0028760     2360.00
        3939  -0.0028780     2520.00
        3940  -0.0028800     2720.00
        3941  -0.0028820     2920.00
        3942  -0.0028840     3000.00
        3943  -0.0028860     3240.00
        3944  -0.0028880     3400.00
        3945  -0.0028900     3560.00
        3946  -0.0028920     3720.00
        3947  -0.0028940     3800.00
        3948  -0.0028960     3960.00
        3949  -0.0028980     4080.00
        3950  -0.0029000     4240.00
        3951  -0.0029020     4320.00
        3952  -0.0029040     4400.00
        3953  -0.0029060     4480.00
        3954  -0.0029080     4560.00
        3955  -0.0029100     4680.00
        3956  -0.0029120     4720.00
        3957  -0.0029140     4760.00
        3958  -0.0029160     4880.00
        3959  -0.0029180     4840.00
        3960  -0.0029200     4880.00
        3961  -0.0029220     4880.00
        3962  -0.0029240     4880.00
        3963  -0.0029260     4880.00
        3964  -0.0029280     4880.00
        3965  -0.0029300     4880.00
        3966  -0.0029320     4840.00
        3967  -0.0029340     4800.00
        3968  -0.0029360     4760.00
        3969  -0.0029380     4680.00
        3970  -0.0029400     4680.00
        3971  -0.0029420     4560.00
        3972  -0.0029440     4520.00
        3973  -0.0029460     4360.00
        3974  -0.0029480     4280.00
        3975  -0.0029500     4200.00
        3976  -0.0029520     4080.00
        3977  -0.0029540     3920.00
        3978  -0.0029560     3800.00
        3979  -0.0029580     3640.00
        3980  -0.0029600     3480.00
        3981  -0.0029620     3360.00
        3982  -0.0029640     3200.00
        3983  -0.0029660     3040.00
        3984  -0.0029680     2840.00
        3985  -0.0029700     2680.00
        3986  -0.0029720     2480.00
        3987  -0.0029740     2320.00
        3988  -0.0029760     2120.00
        3989  -0.0029780     1960.00
        3990  -0.0029800     1680.00
        3991  -0.0029820     1520.00
        3992  -0.0029840     1320.00
        3993  -0.0029860     1120.00
        3994  -0.0029880      840.00
        3995  -0.0029900      680.00
        3996  -0.0029920      400.00
        3997  -0.0029940      240.00
        3998  -0.0029960       40.00
        3999  -0.0029980     -240.00
        4000  -0.0030000     -440.00
        4001  -0.0030020     -600.00
        4002  -0.0030040     -880.00
        4003  -0.0030060    -1080.00
        4004  -0.0030080    -1240.00
        4005  -0.0030100    -1480.00
        4006  -0.0030120    -1680.00
        4007  -0.0030140    -1880.00
        4008  -0.0030160    -2080.00
        4009  -0.0030180    -2280.00
        4010  -0.0030200    -2480.00
        4011  -0.0030220    -2680.00
        4012  -0.0030240    -2800.00
        4013  -0.0030260    -3000.00
        4014  -0.0030280    -3120.00
        4015  -0.0030300    -3320.00
        4016  -0.0030320    -3520.00
        4017  -0.0030340    -3640.00
        4018  -0.0030360    -3800.00
        4019  -0.0030380    -3920.00
        4020  -0.0030400    -4040.00
        4021  -0.0030420    -4200.00
        4022  -0.0030440    -4280.00
        4023  -0.0030460    -4400.00
        4024  -0.0030480    -4520.00
        4025  -0.0030500    -4600.00
        4026  -0.0030520    -4680.00
        4027  -0.0030540    -4720.00
        4028  -0.0030560    -4760.00
        4029  -0.0030580    -4880.00
        4030  -0.0030600    -4920.00
        4031  -0.0030620    -4920.00
        4032  -0.0030640    -4920.00
        4033  -0.0030660    -5000.00
        4034  -0.0030680    -5000.00
        4035  -0.0030700    -4920.00
        4036  -0.0030720    -4960.00
        4037  -0.0030740    -4920.00
        4038  -0.0030760    -4920.00
        4039  -0.0030780    -4840.00
        4040  -0.0030800    -4800.00
        4041  -0.0030820    -4760.00
        4042  -0.0030840    -4680.00
        4043  -0.0030860    -4600.00
        4044  -0.0030880    -4480.00
        4045  -0.0030900    -4400.00
        4046  -0.0030920    -4280.00
        4047  -0.0030940    -4160.00
        4048  -0.0030960    -4040.00
        4049  -0.0030980    -3960.00
        4050  -0.0031000    -3760.00
        4051  -0.0031020    -3680.00
        4052  -0.0031040    -3480.00
        4053  -0.0031060    -3320.00
        4054  -0.0031080    -3160.00
        4055  -0.0031100    -3000.00
        4056  -0.0031120    -2800.00
        4057  -0.0031140    -2640.00
        4058  -0.0031160    -2480.00
        4059  -0.0031180    -2280.00
        4060  -0.0031200    -2040.00
        4061  -0.0031220    -1840.00
        4062  -0.0031240    -1640.00
        4063  -0.0031260    -1400.00
        4064  -0.0031280    -1200.00
        4065  -0.0031300    -1000.00
        4066  -0.0031320     -800.00
        4067  -0.0031340     -600.00
        4068  -0.0031360     -360.00
        4069  -0.0031380     -120.00
        4070  -0.0031400       80.00
        4071  -0.0031420      280.00
        4072  -0.0031440      520.00
        4073  -0.0031460      720.00
        4074  -0.0031480      920.00
        4075  -0.0031500     1160.00
        4076  -0.0031520     1360.00
        4077  -0.0031540     1520.00
        4078  -0.0031560     1800.00
        4079  -0.0031580     1960.00
        4080  -0.0031600     2160.00
        4081  -0.0031620     2360.00
        4082  -0.0031640     2560.00
        4083  -0.0031660     2760.00
        4084  -0.0031680     2920.00
        4085  -0.0031700     3080.00
        4086  -0.0031720     3280.00
        4087  -0.0031740     3400.00
        4088  -0.0031760     3600.00
        4089  -0.0031780     3720.00
        4090  -0.0031800     3840.00
        4091  -0.0031820     3960.00
        4092  -0.0031840     4080.00
        4093  -0.0031860     4240.00
        4094  -0.0031880     4360.00
        4095  -0.0031900     4400.00
        4096  -0.0031920     4520.00
        4097  -0.0031940     4600.00
        4098  -0.0031960     4680.00
        4099  -0.0031980     4720.00
        4100  -0.0032000     4760.00
        4101  -0.0032020     4840.00
        4102  -0.0032040     4880.00
        4103  -0.0032060     4880.00
        4104  -0.0032080     4920.00
        4105  -0.0032100     4880.00
        4106  -0.0032120     4880.00
        4107  -0.0032140     4920.00
        4108  -0.0032160     4880.00
        4109  -0.0032180     4840.00
        4110  -0.0032200     4800.00
        4111  -0.0032220     4760.00
        4112  -0.0032240     4680.00
        4113  -0.0032260     4640.00
        4114  -0.0032280     4560.00
        4115  -0.0032300     4440.00
        4116  -0.0032320     4360.00
        4117  -0.0032340     4280.00
        4118  -0.0032360     4120.00
        4119  -0.0032380     4080.00
        4120  -0.0032400     3920.00
        4121  -0.0032420     3760.00
        4122  -0.0032440     3640.00
        4123  -0.0032460     3560.00
        4124  -0.0032480     3320.00
        4125  -0.0032500     3160.00
        4126  -0.0032520     3040.00
        4127  -0.0032540     2800.00
        4128  -0.0032560     2640.00
        4129  -0.0032580     2480.00
        4130  -0.0032600     2320.00
        4131  -0.0032620     2120.00
        4132  -0.0032640     1880.00
        4133  -0.0032660     1680.00
        4134  -0.0032680     1480.00
        4135  -0.0032700     1320.00
        4136  -0.0032720     1080.00
        4137  -0.0032740      840.00
        4138  -0.0032760      640.00
        4139  -0.0032780      400.00
        4140  -0.0032800      200.00
        4141  -0.0032820      -40.00
        4142  -0.0032840     -240.00
        4143  -0.0032860     -440.00
        4144  -0.0032880     -680.00
        4145  -0.0032900     -880.00
        4146  -0.0032920    -1040.00
        4147  -0.0032940    -1320.00
        4148  -0.0032960    -1520.00
        4149  -0.0032980    -1720.00
        4150  -0.0033000    -1920.00
        4151  -0.0033020    -2080.00
        4152  -0.0033040    -2320.00
        4153  -0.0033060    -2480.00
        4154  -0.0033080    -2680.00
        4155  -0.0033100    -2840.00
        4156  -0.0033120    -3000.00
        4157  -0.0033140    -3200.00
        4158  -0.0033160    -3400.00
        4159  -0.0033180    -3560.00
        4160  -0.0033200    -3720.00
        4161  -0.0033220    -3800.00
        4162  -0.0033240    -3960.00
        4163  -0.0033260    -4120.00
        4164  -0.0033280    -4240.00
        4165  -0.0033300    -4320.00
        4166  -0.0033320    -4440.00
        4167  -0.0033340    -4520.00
        4168  -0.0033360    -4600.00
        4169  -0.0033380    -4720.00
        4170  -0.0033400    -4760.00
        4171  -0.0033420    -4840.00
        4172  -0.0033440    -4880.00
        4173  -0.0033460    -4880.00
        4174  -0.0033480    -4920.00
        4175  -0.0033500    -4920.00
        4176  -0.0033520    -4960.00
        4177  -0.0033540    -5000.00
        4178  -0.0033560    -4960.00
        4179  -0.0033580    -4920.00
        4180  -0.0033600    -4920.00
        4181  -0.0033620    -4920.00
        4182  -0.0033640    -4840.00
        4183  -0.0033660    -4760.00
        4184  -0.0033680    -4720.00
        4185  -0.0033700    -4680.00
        4186  -0.0033720    -4560.00
        4187  -0.0033740    -4440.00
        4188  -0.0033760    -4400.00
        4189  -0.0033780    -4280.00
        4190  -0.0033800    -4120.00
        4191  -0.0033820    -4080.00
        4192  -0.0033840    -3880.00
        4193  -0.0033860    -3760.00
        4194  -0.0033880    -3600.00
        4195  -0.0033900    -3480.00
        4196  -0.0033920    -3280.00
        4197  -0.0033940    -3160.00
        4198  -0.0033960    -2960.00
        4199  -0.0033980    -2800.00
        4200  -0.0034000    -2600.00
        4201  -0.0034020    -2440.00
        4202  -0.0034040    -2200.00
        4203  -0.0034060    -2000.00
        4204  -0.0034080    -1840.00
        4205  -0.0034100    -1640.00
        4206  -0.0034120    -1400.00
        4207  -0.0034140    -1200.00
        4208  -0.0034160    -1000.00
        4209  -0.0034180     -760.00
        4210  -0.0034200     -560.00
        4211  -0.0034220     -320.00
        4212  -0.0034240     -120.00
        4213  -0.0034260       80.00
        4214  -0.0034280      280.00
        4215  -0.0034300      520.00
        4216  -0.0034320      760.00
        4217  -0.0034340     1000.00
        4218  -0.0034360     1160.00
        4219  -0.0034380     1400.00
        4220  -0.0034400     1640.00
        4221  -0.0034420     1800.00
        4222  -0.0034440     2000.00
        4223  -0.0034460     2160.00
        4224  -0.0034480     2360.00
        4225  -0.0034500     2560.00
        4226  -0.0034520     2760.00
        4227  -0.0034540     2920.00
        4228  -0.0034560     3080.00
        4229  -0.0034580     3280.00
        4230  -0.0034600     3440.00
        4231  -0.0034620     3600.00
        4232  -0.0034640     3720.00
        4233  -0.0034660     3880.00
        4234  -0.0034680     4000.00
        4235  -0.0034700     4120.00
        4236  -0.0034720     4240.00
        4237  -0.0034740     4360.00
        4238  -0.0034760     4400.00
        4239  -0.0034780     4520.00
        4240  -0.0034800     4560.00
        4241  -0.0034820     4680.00
        4242  -0.0034840     4720.00
        4243  -0.0034860     4840.00
        4244  -0.0034880     4840.00
        4245  -0.0034900     4880.00
        4246  -0.0034920     4880.00
        4247  -0.0034940     4920.00
        4248  -0.0034960     4880.00
        4249  -0.0034980     4880.00
        4250  -0.0035000     4880.00
        4251  -0.0035020     4880.00
        4252  -0.0035040     4840.00
        4253  -0.0035060     4800.00
        4254  -0.0035080     4760.00
        4255  -0.0035100     4680.00
        4256  -0.0035120     4600.00
        4257  -0.0035140     4560.00
        4258  -0.0035160     4440.00
        4259  -0.0035180     4360.00
        4260  -0.0035200     4240.00
        4261  -0.0035220     4120.00
        4262  -0.0035240     4080.00
        4263  -0.0035260     3920.00
        4264  -0.0035280     3800.00
        4265  -0.0035300     3640.00
        4266  -0.0035320     3480.00
        4267  -0.0035340     3320.00
        4268  -0.0035360     3160.00
        4269  -0.0035380     2960.00
        4270  -0.0035400     2800.00
        4271  -0.0035420     2640.00
        4272  -0.0035440     2480.00
        4273  -0.0035460     2280.00
        4274  -0.0035480     2080.00
        4275  -0.0035500     1840.00
        4276  -0.0035520     1680.00
        4277  -0.0035540     1480.00
        4278  -0.0035560     1240.00
        4279  -0.0035580     1040.00
        4280  -0.0035600      840.00
        4281  -0.0035620      600.00
        4282  -0.0035640      400.00
        4283  -0.0035660      160.00
        4284  -0.0035680      -40.00
        4285  -0.0035700     -240.00
        4286  -0.0035720     -480.00
        4287  -0.0035740     -720.00
        4288  -0.0035760     -880.00
        4289  -0.0035780    -1160.00
        4290  -0.0035800    -1360.00
        4291  -0.0035820    -1520.00
        4292  -0.0035840    -1720.00
        4293  -0.0035860    -1960.00
        4294  -0.0035880    -2160.00
        4295  -0.0035900    -2360.00
        4296  -0.0035920    -2520.00
        4297  -0.0035940    -2760.00
        4298  -0.0035960    -2920.00
        4299  -0.0035980    -3080.00
        4300  -0.0036000    -3240.00
        4301  -0.0036020    -3440.00
        4302  -0.0036040    -3560.00
        4303  -0.0036060    -3720.00
        4304  -0.0036080    -3880.00
        4305  -0.0036100    -4000.00
        4306  -0.0036120    -4120.00
        4307  -0.0036140    -4240.00
        4308  -0.0036160    -4400.00
        4309  -0.0036180    -4440.00
        4310  -0.0036200    -4520.00
        4311  -0.0036220    -4600.00
        4312  -0.0036240    -4720.00
        4313  -0.0036260    -4760.00
        4314  -0.0036280    -4840.00
        4315  -0.0036300    -4880.00
        4316  -0.0036320    -4920.00
        4317  -0.0036340    -4920.00
        4318  -0.0036360    -5000.00
        4319  -0.0036380    -5000.00
        4320  -0.0036400    -4960.00
        4321  -0.0036420    -4920.00
        4322  -0.0036440    -4920.00
        4323  -0.0036460    -4920.00
        4324  -0.0036480    -4880.00
        4325  -0.0036500    -4800.00
        4326  -0.0036520    -4760.00
        4327  -0.0036540    -4720.00
        4328  -0.0036560    -4600.00
        4329  -0.0036580    -4560.00
        4330  -0.0036600    -4480.00
        4331  -0.0036620    -4360.00
        4332  -0.0036640    -4280.00
        4333  -0.0036660    -4120.00
        4334  -0.0036680    -3960.00
        4335  -0.0036700    -3880.00
        4336  -0.0036720    -3760.00
        4337  -0.0036740    -3600.00
        4338  -0.0036760    -3440.00
        4339  -0.0036780    -3240.00
        4340  -0.0036800    -3120.00
        4341  -0.0036820    -2920.00
        4342  -0.0036840    -2760.00
        4343  -0.0036860    -2560.00
        4344  -0.0036880    -2360.00
        4345  -0.0036900    -2160.00
        4346  -0.0036920    -2000.00
        4347  -0.0036940    -1800.00
        4348  -0.0036960    -1560.00
        4349  -0.0036980    -1360.00
        4350  -0.0037000    -1200.00
        4351  -0.0037020     -920.00
        4352  -0.0037040     -760.00
        4353  -0.0037060     -560.00
        4354  -0.0037080     -280.00
        4355  -0.0037100     -120.00
        4356  -0.0037120      120.00
        4357  -0.0037140      360.00
        4358  -0.0037160      520.00
        4359  -0.0037180      760.00
        4360  -0.0037200      960.00
        4361  -0.0037220     1200.00
        4362  -0.0037240     1360.00
        4363  -0.0037260     1640.00
        4364  -0.0037280     1800.00
        4365  -0.0037300     2000.00
        4366  -0.0037320     2200.00
        4367  -0.0037340     2440.00
        4368  -0.0037360     2600.00
        4369  -0.0037380     2760.00
        4370  -0.0037400     2960.00
        4371  -0.0037420     3120.00
        4372  -0.0037440     3280.00
        4373  -0.0037460     3440.00
        4374  -0.0037480     3600.00
        4375  -0.0037500     3760.00
        4376  -0.0037520     3880.00
        4377  -0.0037540     4000.00
        4378  -0.0037560     4120.00
        4379  -0.0037580     4240.00
        4380  -0.0037600     4360.00
        4381  -0.0037620     4440.00
        4382  -0.0037640     4520.00
        4383  -0.0037660     4640.00
        4384  -0.0037680     4680.00
        4385  -0.0037700     4760.00
        4386  -0.0037720     4840.00
        4387  -0.0037740     4840.00
        4388  -0.0037760     4880.00
        4389  -0.0037780     4880.00
        4390  -0.0037800     4920.00
        4391  -0.0037820     4920.00
        4392  -0.0037840     4920.00
        4393  -0.0037860     4880.00
        4394  -0.0037880     4880.00
        4395  -0.0037900     4880.00
        4396  -0.0037920     4760.00
        4397  -0.0037940     4720.00
        4398  -0.0037960     4680.00
        4399  -0.0037980     4600.00
        4400  -0.0038000     4520.00
        4401  -0.0038020     4520.00
        4402  -0.0038040     4360.00
        4403  -0.0038060     4240.00
        4404  -0.0038080     4200.00
        4405  -0.0038100     4040.00
        4406  -0.0038120     3920.00
        4407  -0.0038140     3760.00
        4408  -0.0038160     3600.00
        4409  -0.0038180     3440.00
        4410  -0.0038200     3320.00
        4411  -0.0038220     3160.00
        4412  -0.0038240     2960.00
        4413  -0.0038260     2840.00
        4414  -0.0038280     2600.00
        4415  -0.0038300     2440.00
        4416  -0.0038320     2200.00
        4417  -0.0038340     2040.00
        4418  -0.0038360     1840.00
        4419  -0.0038380     1640.00
        4420  -0.0038400     1400.00
        4421  -0.0038420     1200.00
        4422  -0.0038440     1040.00
        4423  -0.0038460      760.00
        4424  -0.0038480      560.00
        4425  -0.0038500      360.00
        4426  -0.0038520      120.00
        4427  -0.0038540      -80.00
        4428  -0.0038560     -280.00
        4429  -0.0038580     -520.00
        4430  -0.0038600     -720.00
        4431  -0.0038620     -960.00
        4432  -0.0038640    -1160.00
        4433  -0.0038660    -1360.00
        4434  -0.0038680    -1640.00
        4435  -0.0038700    -1800.00
        4436  -0.0038720    -2000.00
        4437  -0.0038740    -2160.00
        4438  -0.0038760    -2360.00
        4439  -0.0038780    -2600.00
        4440  -0.0038800    -2760.00
        4441  -0.0038820    -2960.00
        4442  -0.0038840    -3120.00
        4443  -0.0038860    -3280.00
        4444  -0.0038880    -3440.00
        4445  -0.0038900    -3600.00
        4446  -0.0038920    -3760.00
        4447  -0.0038940    -3880.00
        4448  -0.0038960    -4040.00
        4449  -0.0038980    -4080.00
        4450  -0.0039000    -4240.00
        4451  -0.0039020    -4360.00
        4452  -0.0039040    -4440.00
        4453  -0.0039060    -4600.00
        4454  -0.0039080    -4640.00
        4455  -0.0039100    -4720.00
        4456  -0.0039120    -4760.00
        4457  -0.0039140    -4760.00
        4458  -0.0039160    -4880.00
        4459  -0.0039180    -4920.00
        4460  -0.0039200    -4920.00
        4461  -0.0039220    -4960.00
        4462  -0.0039240    -4920.00
        4463  -0.0039260    -5000.00
        4464  -0.0039280    -4920.00
        4465  -0.0039300    -4920.00
        4466  -0.0039320    -4880.00
        4467  -0.0039340    -4880.00
        4468  -0.0039360    -4840.00
        4469  -0.0039380    -4760.00
        4470  -0.0039400    -4680.00
        4471  -0.0039420    -4600.00
        4472  -0.0039440    -4520.00
        4473  -0.0039460    -4440.00
        4474  -0.0039480    -4360.00
        4475  -0.0039500    -4240.00
        4476  -0.0039520    -4080.00
        4477  -0.0039540    -3960.00
        4478  -0.0039560    -3880.00
        4479  -0.0039580    -3720.00
        4480  -0.0039600    -3560.00
        4481  -0.0039620    -3400.00
        4482  -0.0039640    -3240.00
        4483  -0.0039660    -3120.00
        4484  -0.0039680    -2920.00
        4485  -0.0039700    -2760.00
        4486  -0.0039720    -2560.00
        4487  -0.0039740    -2360.00
        4488  -0.0039760    -2160.00
        4489  -0.0039780    -2000.00
        4490  -0.0039800    -1800.00
        4491  -0.0039820    -1560.00
        4492  -0.0039840    -1360.00
        4493  -0.0039860    -1160.00
        4494  -0.0039880     -920.00
        4495  -0.0039900     -720.00
        4496  -0.0039920     -520.00
        4497  -0.0039940     -280.00
        4498  -0.0039960      -80.00
        4499  -0.0039980      160.00
        4500  -0.0040000      360.00
        4501  -0.0040020      560.00
        4502  -0.0040040      760.00
        4503  -0.0040060     1040.00
        4504  -0.0040080     1240.00
        4505  -0.0040100     1400.00
        4506  -0.0040120     1640.00
        4507  -0.0040140     1840.00
        4508  -0.0040160     2040.00
        4509  -0.0040180     2280.00
        4510  -0.0040200     2440.00
        4511  -0.0040220     2640.00
        4512  -0.0040240     2800.00
        4513  -0.0040260     2960.00
        4514  -0.0040280     3160.00
        4515  -0.0040300     3320.00
        4516  -0.0040320     3440.00
        4517  -0.0040340     3600.00
        4518  -0.0040360     3760.00
        4519  -0.0040380     3920.00
        4520  -0.0040400     4040.00
        4521  -0.0040420     4160.00
        4522  -0.0040440     4280.00
        4523  -0.0040460     4360.00
        4524  -0.0040480     4440.00
        4525  -0.0040500     4560.00
        4526  -0.0040520     4640.00
        4527  -0.0040540     4720.00
        4528  -0.0040560     4720.00
        4529  -0.0040580     4840.00
        4530  -0.0040600     4840.00
        4531  -0.0040620     4880.00
        4532  -0.0040640     4920.00
        4533  -0.0040660     4920.00
        4534  -0.0040680     4960.00
        4535  -0.0040700     4880.00
        4536  -0.0040720     4920.00
        4537  -0.0040740     4880.00
        4538  -0.0040760     4880.00
        4539  -0.0040780     4760.00
        4540  -0.0040800     4720.00
        4541  -0.0040820     4720.00
        4542  -0.0040840     4600.00
        4543  -0.0040860     4560.00
        4544  -0.0040880     4400.00
        4545  -0.0040900     4360.00
        4546  -0.0040920     4280.00
        4547  -0.0040940     4120.00
        4548  -0.0040960     4040.00
        4549  -0.0040980     3880.00
        4550  -0.0041000     3720.00
        4551  -0.0041020     3600.00
        4552  -0.0041040     3440.00
        4553  -0.0041060     3280.00
        4554  -0.0041080     3080.00
        4555  -0.0041100     2960.00
        4556  -0.0041120     2760.00
        4557  -0.0041140     2600.00
        4558  -0.0041160     2400.00
        4559  -0.0041180     2200.00
        4560  -0.0041200     2000.00
        4561  -0.0041220     1800.00
        4562  -0.0041240     1560.00
        4563  -0.0041260     1360.00
        4564  -0.0041280     1160.00
        4565  -0.0041300     1000.00
        4566  -0.0041320      760.00
        4567  -0.0041340      520.00
        4568  -0.0041360      320.00
        4569  -0.0041380       80.00
        4570  -0.0041400     -120.00
        4571  -0.0041420     -360.00
        4572  -0.0041440     -560.00
        4573  -0.0041460     -760.00
        4574  -0.0041480    -1000.00
        4575  -0.0041500    -1200.00
        4576  -0.0041520    -1400.00
        4577  -0.0041540    -1640.00
        4578  -0.0041560    -1840.00
        4579  -0.0041580    -2040.00
        4580  -0.0041600    -2200.00
        4581  -0.0041620    -2440.00
        4582  -0.0041640    -2600.00
        4583  -0.0041660    -2760.00
        4584  -0.0041680    -2960.00
        4585  -0.0041700    -3120.00
        4586  -0.0041720    -3280.00
        4587  -0.0041740    -3440.00
        4588  -0.0041760    -3600.00
        4589  -0.0041780    -3760.00
        4590  -0.0041800    -3880.00
        4591  -0.0041820    -4040.00
        4592  -0.0041840    -4120.00
        4593  -0.0041860    -4240.00
        4594  -0.0041880    -4360.00
        4595  -0.0041900    -4440.00
        4596  -0.0041920    -4560.00
        4597  -0.0041940    -4640.00
        4598  -0.0041960    -4720.00
        4599  -0.0041980    -4760.00
        4600  -0.0042000    -4840.00
        4601  -0.0042020    -4880.00
        4602  -0.0042040    -4920.00
        4603  -0.0042060    -4920.00
        4604  -0.0042080    -4920.00
        4605  -0.0042100    -4920.00
        4606  -0.0042120    -4960.00
        4607  -0.0042140    -4920.00
        4608  -0.0042160    -4920.00
        4609  -0.0042180    -4880.00
        4610  -0.0042200    -4840.00
        4611  -0.0042220    -4840.00
        4612  -0.0042240    -4720.00
        4613  -0.0042260    -4680.00
        4614  -0.0042280    -4600.00
        4615  -0.0042300    -4560.00
        4616  -0.0042320    -4440.00
        4617  -0.0042340    -4280.00
        4618  -0.0042360    -4240.00
        4619  -0.0042380    -4080.00
        4620  -0.0042400    -3960.00
        4621  -0.0042420    -3880.00
        4622  -0.0042440    -3720.00
        4623  -0.0042460    -3560.00
        4624  -0.0042480    -3400.00
        4625  -0.0042500    -3240.00
        4626  -0.0042520    -3080.00
        4627  -0.0042540    -2920.00
        4628  -0.0042560    -2720.00
        4629  -0.0042580    -2520.00
        4630  -0.0042600    -2360.00
        4631  -0.0042620    -2160.00
        4632  -0.0042640    -1920.00
        4633  -0.0042660    -1720.00
        4634  -0.0042680    -1520.00
        4635  -0.0042700    -1320.00
        4636  -0.0042720    -1160.00
        4637  -0.0042740     -880.00
        4638  -0.0042760     -680.00
        4639  -0.0042780     -440.00
        4640  -0.0042800     -240.00
        4641  -0.0042820      -40.00
        4642  -0.0042840      200.00
        4643  -0.0042860      400.00
        4644  -0.0042880      600.00
        4645  -0.0042900      840.00
        4646  -0.0042920     1080.00
        4647  -0.0042940     1280.00
        4648  -0.0042960     1480.00
        4649  -0.0042980     1680.00
        4650  -0.0043000     1840.00
        4651  -0.0043020     2120.00
        4652  -0.0043040     2280.00
        4653  -0.0043060     2480.00
        4654  -0.0043080     2640.00
        4655  -0.0043100     2840.00
        4656  -0.0043120     3040.00
        4657  -0.0043140     3160.00
        4658  -0.0043160     3320.00
        4659  -0.0043180     3480.00
        4660  -0.0043200     3640.00
        4661  -0.0043220     3800.00
        4662  -0.0043240     3960.00
        4663  -0.0043260     4080.00
        4664  -0.0043280     4200.00
        4665  -0.0043300     4280.00
        4666  -0.0043320     4400.00
        4667  -0.0043340     4520.00
        4668  -0.0043360     4560.00
        4669  -0.0043380     4680.00
        4670  -0.0043400     4720.00
        4671  -0.0043420     4760.00
        4672  -0.0043440     4840.00
        4673  -0.0043460     4880.00
        4674  -0.0043480     4880.00
        4675  -0.0043500     4920.00
        4676  -0.0043520     4920.00
        4677  -0.0043540     4880.00
        4678  -0.0043560     4920.00
        4679  -0.0043580     4880.00
        4680  -0.0043600     4880.00
        4681  -0.0043620     4840.00
        4682  -0.0043640     4800.00
        4683  -0.0043660     4720.00
        4684  -0.0043680     4680.00
        4685  -0.0043700     4600.00
        4686  -0.0043720     4520.00
        4687  -0.0043740     4400.00
        4688  -0.0043760     4280.00
        4689  -0.0043780     4240.00
        4690  -0.0043800     4080.00
        4691  -0.0043820     3960.00
        4692  -0.0043840     3880.00
        4693  -0.0043860     3720.00
        4694  -0.0043880     3600.00
        4695  -0.0043900     3400.00
        4696  -0.0043920     3280.00
        4697  -0.0043940     3080.00
        4698  -0.0043960     2920.00
        4699  -0.0043980     2680.00
        4700  -0.0044000     2520.00
        4701  -0.0044020     2360.00
        4702  -0.0044040     2160.00
        4703  -0.0044060     1960.00
        4704  -0.0044080     1800.00
        4705  -0.0044100     1560.00
        4706  -0.0044120     1360.00
        4707  -0.0044140     1160.00
        4708  -0.0044160      920.00
        4709  -0.0044180      680.00
        4710  -0.0044200      520.00
        4711  -0.0044220      280.00
        4712  -0.0044240       80.00
        4713  -0.0044260     -120.00
        4714  -0.0044280     -360.00
        4715  -0.0044300     -560.00
        4716  -0.0044320     -800.00
        4717  -0.0044340    -1000.00
        4718  -0.0044360    -1200.00
        4719  -0.0044380    -1400.00
        4720  -0.0044400    -1680.00
        4721  -0.0044420    -1840.00
        4722  -0.0044440    -2040.00
        4723  -0.0044460    -2200.00
        4724  -0.0044480    -2440.00
        4725  -0.0044500    -2600.00
        4726  -0.0044520    -2800.00
        4727  -0.0044540    -2960.00
        4728  -0.0044560    -3160.00
        4729  -0.0044580    -3320.00
        4730  -0.0044600    -3440.00
        4731  -0.0044620    -3640.00
        4732  -0.0044640    -3760.00
        4733  -0.0044660    -3920.00
        4734  -0.0044680    -4040.00
        4735  -0.0044700    -4200.00
        4736  -0.0044720    -4280.00
        4737  -0.0044740    -4360.00
        4738  -0.0044760    -4520.00
        4739  -0.0044780    -4560.00
        4740  -0.0044800    -4680.00
        4741  -0.0044820    -4720.00
        4742  -0.0044840    -4760.00
        4743  -0.0044860    -4840.00
        4744  -0.0044880    -4920.00
        4745  -0.0044900    -4920.00
        4746  -0.0044920    -4920.00
        4747  -0.0044940    -4960.00
        4748  -0.0044960    -5000.00
        4749  -0.0044980    -4920.00
        4750  -0.0045000    -4920.00
        4751  -0.0045020    -4920.00
        4752  -0.0045040    -4920.00
        4753  -0.0045060    -4880.00
        4754  -0.0045080    -4840.00
        4755  -0.0045100    -4760.00
        4756  -0.0045120    -4680.00
        4757  -0.0045140    -4600.00
        4758  -0.0045160    -4560.00
        4759  -0.0045180    -4400.00
        4760  -0.0045200    -4360.00
        4761  -0.0045220    -4200.00
        4762  -0.0045240    -4080.00
        4763  -0.0045260    -3960.00
        4764  -0.0045280    -3800.00
        4765  -0.0045300    -3640.00
        4766  -0.0045320    -3520.00
        4767  -0.0045340    -3400.00
        4768  -0.0045360    -3200.00
        4769  -0.0045380    -3080.00
        4770  -0.0045400    -2840.00
        4771  -0.0045420    -2680.00
        4772  -0.0045440    -2480.00
        4773  -0.0045460    -2320.00
        4774  -0.0045480    -2120.00
        4775  -0.0045500    -1880.00
        4776  -0.0045520    -1720.00
        4777  -0.0045540    -1520.00
        4778  -0.0045560    -1320.00
        4779  -0.0045580    -1080.00
        4780  -0.0045600     -880.00
        4781  -0.0045620     -640.00
        4782  -0.0045640     -440.00
        4783  -0.0045660     -240.00
        4784  -0.0045680       40.00
        4785  -0.0045700      200.00
        4786  -0.0045720      400.00
        4787  -0.0045740      680.00
        4788  -0.0045760      880.00
        4789  -0.0045780     1080.00
        4790  -0.0045800     1320.00
        4791  -0.0045820     1520.00
        4792  -0.0045840     1720.00
        4793  -0.0045860     1920.00
        4794  -0.0045880     2120.00
        4795  -0.0045900     2280.00
        4796  -0.0045920     2480.00
        4797  -0.0045940     2680.00
        4798  -0.0045960     2840.00
        4799  -0.0045980     3080.00
        4800  -0.0046000     3160.00
        4801  -0.0046020     3320.00
        4802  -0.0046040     3560.00
        4803  -0.0046060     3640.00
        4804  -0.0046080     3800.00
        4805  -0.0046100     3920.00
        4806  -0.0046120     4080.00
        4807  -0.0046140     4200.00
        4808  -0.0046160     4280.00
        4809  -0.0046180     4400.00
        4810  -0.0046200     4520.00
        4811  -0.0046220     4560.00
        4812  -0.0046240     4640.00
        4813  -0.0046260     4680.00
        4814  -0.0046280     4760.00
        4815  -0.0046300     4840.00
        4816  -0.0046320     4840.00
        4817  -0.0046340     4880.00
        4818  -0.0046360     4880.00
        4819  -0.0046380     4920.00
        4820  -0.0046400     4920.00
        4821  -0.0046420     4880.00
        4822  -0.0046440     4880.00
        4823  -0.0046460     4840.00
        4824  -0.0046480     4840.00
        4825  -0.0046500     4760.00
        4826  -0.0046520     4720.00
        4827  -0.0046540     4600.00
        4828  -0.0046560     4560.00
        4829  -0.0046580     4520.00
        4830  -0.0046600     4400.00
        4831  -0.0046620     4280.00
        4832  -0.0046640     4200.00
        4833  -0.0046660     4080.00
        4834  -0.0046680     4000.00
        4835  -0.0046700     3800.00
        4836  -0.0046720     3720.00
        4837  -0.0046740     3560.00
        4838  -0.0046760     3400.00
        4839  -0.0046780     3240.00
        4840  -0.0046800     3080.00
        4841  -0.0046820     2920.00
        4842  -0.0046840     2760.00
        4843  -0.0046860     2520.00
        4844  -0.0046880     2320.00
        4845  -0.0046900     2160.00
        4846  -0.0046920     1960.00
        4847  -0.0046940     1720.00
        4848  -0.0046960     1560.00
        4849  -0.0046980     1320.00
        4850  -0.0047000     1160.00
        4851  -0.0047020      920.00
        4852  -0.0047040      680.00
        4853  -0.0047060      480.00
        4854  -0.0047080      280.00
        4855  -0.0047100       40.00
        4856  -0.0047120     -160.00
        4857  -0.0047140     -400.00
        4858  -0.0047160     -600.00
        4859  -0.0047180     -800.00
        4860  -0.0047200    -1040.00
        4861  -0.0047220    -1200.00
        4862  -0.0047240    -1400.00
        4863  -0.0047260    -1680.00
        4864  -0.0047280    -1840.00
        4865  -0.0047300    -2040.00
        4866  -0.0047320    -2280.00
        4867  -0.0047340    -2480.00
        4868  -0.0047360    -2640.00
        4869  -0.0047380    -2800.00
        4870  -0.0047400    -3000.00
        4871  -0.0047420    -3160.00
        4872  -0.0047440    -3360.00
        4873  -0.0047460    -3480.00
        4874  -0.0047480    -3640.00
        4875  -0.0047500    -3800.00
        4876  -0.0047520    -3960.00
        4877  -0.0047540    -4080.00
        4878  -0.0047560    -4200.00
        4879  -0.0047580    -4280.00
        4880  -0.0047600    -4400.00
        4881  -0.0047620    -4520.00
        4882  -0.0047640    -4600.00
        4883  -0.0047660    -4680.00
        4884  -0.0047680    -4760.00
        4885  -0.0047700    -4760.00
        4886  -0.0047720    -4880.00
        4887  -0.0047740    -4920.00
        4888  -0.0047760    -4920.00
        4889  -0.0047780    -4920.00
        4890  -0.0047800    -4960.00
        4891  -0.0047820    -4960.00
        4892  -0.0047840    -5000.00
        4893  -0.0047860    -4920.00
        4894  -0.0047880    -4920.00
        4895  -0.0047900    -4880.00
        4896  -0.0047920    -4880.00
        4897  -0.0047940    -4840.00
        4898  -0.0047960    -4720.00
        4899  -0.0047980    -4680.00
        4900  -0.0048000    -4600.00
        4901  -0.0048020    -4520.00
        4902  -0.0048040    -4400.00
        4903  -0.0048060    -4280.00
        4904  -0.0048080    -4200.00
        4905  -0.0048100    -4040.00
        4906  -0.0048120    -3960.00
        4907  -0.0048140    -3800.00
        4908  -0.0048160    -3640.00
        4909  -0.0048180    -3480.00
        4910  -0.0048200    -3360.00
        4911  -0.0048220    -3240.00
        4912  -0.0048240    -3000.00
        4913  -0.0048260    -2840.00
        4914  -0.0048280    -2640.00
        4915  -0.0048300    -2440.00
        4916  -0.0048320    -2280.00
        4917  -0.0048340    -2040.00
        4918  -0.0048360    -1880.00
        4919  -0.0048380    -1680.00
        4920  -0.0048400    -1480.00
        4921  -0.0048420    -1240.00
        4922  -0.0048440    -1040.00
        4923  -0.0048460     -840.00
        4924  -0.0048480     -600.00
        4925  -0.0048500     -400.00
        4926  -0.0048520     -200.00
        4927  -0.0048540       80.00
        4928  -0.0048560      280.00
        4929  -0.0048580      440.00
        4930  -0.0048600      720.00
        4931  -0.0048620      880.00
        4932  -0.0048640     1120.00
        4933  -0.0048660     1360.00
        4934  -0.0048680     1560.00
        4935  -0.0048700     1760.00
        4936  -0.0048720     1960.00
        4937  -0.0048740     2120.00
        4938  -0.0048760     2320.00
        4939  -0.0048780     2520.00
        4940  -0.0048800     2720.00
        4941  -0.0048820     2920.00
        4942  -0.0048840     3080.00
        4943  -0.0048860     3240.00
        4944  -0.0048880     3400.00
        4945  -0.0048900     3520.00
        4946  -0.0048920     3720.00
        4947  -0.0048940     3800.00
        4948  -0.0048960     3960.00
        4949  -0.0048980     4080.00
        4950  -0.0049000     4200.00
        4951  -0.0049020     4280.00
        4952  -0.0049040     4400.00
        4953  -0.0049060     4520.00
        4954  -0.0049080     4600.00
        4955  -0.0049100     4680.00
        4956  -0.0049120     4720.00
        4957  -0.0049140     4760.00
        4958  -0.0049160     4840.00
        4959  -0.0049180     4880.00
        4960  -0.0049200     4880.00
        4961  -0.0049220     4880.00
        4962  -0.0049240     4920.00
        4963  -0.0049260     4880.00
        4964  -0.0049280     4880.00
        4965  -0.0049300     4880.00
        4966  -0.0049320     4840.00
        4967  -0.0049340     4800.00
        4968  -0.0049360     4760.00
        4969  -0.0049380     4720.00
        4970  -0.0049400     4640.00
        4971  -0.0049420     4560.00
        4972  -0.0049440     4520.00
        4973  -0.0049460     4400.00
        4974  -0.0049480     4280.00
        4975  -0.0049500     4200.00
        4976  -0.0049520     4040.00
        4977  -0.0049540     3920.00
        4978  -0.0049560     3800.00
        4979  -0.0049580     3720.00
        4980  -0.0049600     3520.00
        4981  -0.0049620     3400.00
        4982  -0.0049640     3240.00
        4983  -0.0049660     3000.00
        4984  -0.0049680     2920.00
        4985  -0.0049700     2720.00
        4986  -0.0049720     2480.00
        4987  -0.0049740     2320.00
        4988  -0.0049760     2120.00
        4989  -0.0049780     1920.00
        4990  -0.0049800     1720.00
        4991  -0.0049820     1520.00
        4992  -0.0049840     1320.00
        4993  -0.0049860     1080.00
        4994  -0.0049880      880.00
        4995  -0.0049900      680.00
        4996  -0.0049920      440.00
        4997  -0.0049940      240.00
        4998  -0.0049960       40.00
        4999  -0.0049980     -240.00
